<?xml version="1.0" encoding="UTF-8"?>
<arsystem_xml_report><xform id="KS_RQT_BridgedResource" remedy="http://www.w3.org/2000/xforms"><instance><field-info><field><name>_ActionFour</name><id>700002000</id><type>CHAR</type></field><field><name>Clone_SourceInstanceID</name><id>700001046</id><type>CHAR</type></field><field><name>_ActionThree</name><id>700001043</id><type>CHAR</type></field><field><name>InstanceId</name><id>179</id><type>CHAR</type></field><field><name>model_name</name><id>760000200</id><type>CHAR</type></field><field><name>qualification_type</name><id>760000402</id><type>ENUM</type></field><field><name>qualification_name</name><id>760000400</id><type>CHAR</type></field><field><name>OperationID</name><id>760000809</id><type>CHAR</type></field><field><name>Short Description</name><id>8</id><type>CHAR</type></field><field><name>Status</name><id>7</id><type>ENUM</type></field><field><name>Modified Date</name><id>6</id><type>TIME</type></field><field><name>_ActionTwo</name><id>600000043</id><type>CHAR</type></field><field><name>Last Modified By</name><id>5</id><type>CHAR</type></field><field><name>form_id</name><id>760000804</id><type>CHAR</type></field><field><name>Assigned To</name><id>4</id><type>CHAR</type></field><field><name>_ActionOne</name><id>600000042</id><type>CHAR</type></field><field><name>label_attribute</name><id>760000803</id><type>CHAR</type></field><field><name>Create Date</name><id>3</id><type>TIME</type></field><field><name>value_attribute</name><id>760000802</id><type>CHAR</type></field><field><name>Submitter</name><id>2</id><type>CHAR</type></field><field><name>source_id</name><id>760000801</id><type>CHAR</type></field><field><name>Request ID</name><id>1</id><type>CHAR</type></field><field><name>source</name><id>760000800</id><type>CHAR</type></field></field-info><entry id="000000000001084"><field_value id="700002000"/><field_value id="700001046"/><field_value id="700001043"/><field_value id="179"><value>KS00505696001Cb54kUgzaMuVQdWg3</value></field_value><field_value id="760000200"><value>Data Management Console - Data Types</value></field_value><field_value id="760000402"><value>1</value></field_value><field_value id="760000400"><value>All Active</value></field_value><field_value id="760000809"><value>KSHAA5V0HJEMVANKPYKVY808GG8GDG</value></field_value><field_value id="8"><value>N/A</value></field_value><field_value id="7"><value>0</value></field_value><field_value id="6"><value>1425547342</value></field_value><field_value id="600000043"/><field_value id="5"><value>Demo</value></field_value><field_value id="760000804"><value>KS00505696001C58UeUgu85YPgOWx5</value></field_value><field_value id="4"/><field_value id="600000042"/><field_value id="760000803"><value>Level 1</value></field_value><field_value id="3"><value>1378171235</value></field_value><field_value id="760000802"><value>Level 1</value></field_value><field_value id="2"><value>Demo</value></field_value><field_value id="760000801"><value>KS00505696001Cbp4kUg058uVQZ2g3</value></field_value><field_value id="1"><value>000000000001084</value></field_value><field_value id="760000800"><value>Dynamic List</value></field_value></entry><entry id="000000000001085"><field_value id="700002000"/><field_value id="700001046"/><field_value id="700001043"/><field_value id="179"><value>KS00505696001CzZ4kUgahAwVQkmk3</value></field_value><field_value id="760000200"><value>Data Management Console - Data Types</value></field_value><field_value id="760000402"><value>1</value></field_value><field_value id="760000400"><value>By Level 1</value></field_value><field_value id="760000809"><value>KSHAA5V0HJEMVANKR0P3A81IK1LA63</value></field_value><field_value id="8"><value>N/A</value></field_value><field_value id="7"><value>0</value></field_value><field_value id="6"><value>1425609684</value></field_value><field_value id="600000043"/><field_value id="5"><value>Demo</value></field_value><field_value id="760000804"><value>KS00505696001C58UeUgu85YPgOWx5</value></field_value><field_value id="4"/><field_value id="600000042"/><field_value id="760000803"><value>Level 2</value></field_value><field_value id="3"><value>1378171298</value></field_value><field_value id="760000802"><value>Level 2</value></field_value><field_value id="2"><value>Demo</value></field_value><field_value id="760000801"><value>KS00505696001CzJ4kUgXQwwVQhGk3</value></field_value><field_value id="1"><value>000000000001085</value></field_value><field_value id="760000800"><value>Dynamic List</value></field_value></entry><entry id="000000000001086"><field_value id="700002000"/><field_value id="700001046"/><field_value id="700001043"/><field_value id="179"><value>KS00505696001CGZ8kUg7DgxVQpGo3</value></field_value><field_value id="760000200"><value>Data Management Console - Data Types</value></field_value><field_value id="760000402"><value>1</value></field_value><field_value id="760000400"><value>By Level 1 and 2</value></field_value><field_value id="760000809"><value>KS00505696001CFDc5UgvlztEQOQML</value></field_value><field_value id="8"><value>N/A</value></field_value><field_value id="7"><value>0</value></field_value><field_value id="6"><value>1379520972</value></field_value><field_value id="600000043"/><field_value id="5"><value>Demo</value></field_value><field_value id="760000804"><value>KS00505696001C58UeUgu85YPgOWx5</value></field_value><field_value id="4"/><field_value id="600000042"/><field_value id="760000803"><value>Level 3</value></field_value><field_value id="3"><value>1378171354</value></field_value><field_value id="760000802"><value>Level 3</value></field_value><field_value id="2"><value>Demo</value></field_value><field_value id="760000801"><value>KS00505696001CF58kUg9TMxVQlmo3</value></field_value><field_value id="1"><value>000000000001086</value></field_value><field_value id="760000800"><value>Dynamic List</value></field_value></entry><entry id="000000000001087"><field_value id="700002000"/><field_value id="700001046"/><field_value id="700001043"/><field_value id="179"><value>KS00505696001CVZ8kUgTiYyVQhms3</value></field_value><field_value id="760000200"><value>Data Management Console - Data Types</value></field_value><field_value id="760000402"><value>1</value></field_value><field_value id="760000400"><value>All Active</value></field_value><field_value id="760000809"><value>KSHAA5V0HJEMVANKR2G2A96EMSLE3J</value></field_value><field_value id="8"><value>N/A</value></field_value><field_value id="7"><value>0</value></field_value><field_value id="6"><value>1425611508</value></field_value><field_value id="600000043"/><field_value id="5"><value>Demo</value></field_value><field_value id="760000804"><value>KS00505696001C58UeUgu85YPgOWx5</value></field_value><field_value id="4"/><field_value id="600000042"/><field_value id="760000803"><value>Data Type Name</value></field_value><field_value id="3"><value>1378171412</value></field_value><field_value id="760000802"><value>Data Type Name</value></field_value><field_value id="2"><value>Demo</value></field_value><field_value id="760000801"><value>KS00505696001CVJ8kUg-iAyVQeGs3</value></field_value><field_value id="1"><value>000000000001087</value></field_value><field_value id="760000800"><value>Dynamic List</value></field_value></entry><entry id="000000000001096"><field_value id="700002000"/><field_value id="700001046"/><field_value id="700001043"/><field_value id="179"><value>ID00505696001Cb2clUgg8k_WAG8M5</value></field_value><field_value id="760000200"><value>Data Management Console - Helper Data</value></field_value><field_value id="760000402"><value>1</value></field_value><field_value id="760000400"><value>All Entries</value></field_value><field_value id="760000809"><value>KS00505696001CY2clUgYpw_WA8cI5</value></field_value><field_value id="8"><value>N/A</value></field_value><field_value id="7"><value>0</value></field_value><field_value id="6"><value>1378224864</value></field_value><field_value id="600000043"/><field_value id="5"><value>Demo</value></field_value><field_value id="760000804"><value>KS00505696001C58UeUgu85YPgOWx5</value></field_value><field_value id="4"/><field_value id="600000042"/><field_value id="760000803"/><field_value id="3"><value>1378222634</value></field_value><field_value id="760000802"/><field_value id="2"><value>Demo</value></field_value><field_value id="760000801"><value>ID00505696001Cb2clUg2ck_WAHcM5</value></field_value><field_value id="1"><value>000000000001096</value></field_value><field_value id="760000800"><value>Custom</value></field_value></entry><entry id="000000000001097"><field_value id="700002000"/><field_value id="700001046"/><field_value id="700001043"/><field_value id="179"><value>ID00505696001CyHklUgv3aHWAsv45</value></field_value><field_value id="760000200"><value>Data Management Console - Helper Data</value></field_value><field_value id="760000402"><value>1</value></field_value><field_value id="760000400"><value>All Entries - Special Param 3</value></field_value><field_value id="760000809"><value>KS00505696001Cp3klUg_fWGWAaP45</value></field_value><field_value id="8"><value>N/A</value></field_value><field_value id="7"><value>0</value></field_value><field_value id="6"><value>1378227340</value></field_value><field_value id="600000043"/><field_value id="5"><value>Demo</value></field_value><field_value id="760000804"><value>KS00505696001C58UeUgu85YPgOWx5</value></field_value><field_value id="4"/><field_value id="600000042"/><field_value id="760000803"/><field_value id="3"><value>1378227327</value></field_value><field_value id="760000802"/><field_value id="2"><value>Demo</value></field_value><field_value id="760000801"><value>ID00505696001CynklUgKX2HWAtv45</value></field_value><field_value id="1"><value>000000000001097</value></field_value><field_value id="760000800"><value>Custom</value></field_value></entry><entry id="000000000001099"><field_value id="700002000"/><field_value id="700001046"/><field_value id="700001043"/><field_value id="179"><value>ID00505696001CEYQ2Ug8RliBwcmcE</value></field_value><field_value id="760000200"><value>Data Management Console - Helper Data</value></field_value><field_value id="760000402"><value>1</value></field_value><field_value id="760000400"><value>Index 1</value></field_value><field_value id="760000809"><value>KS00505696001C8YM2UgKp5hBwFWcE</value></field_value><field_value id="8"><value>N/A</value></field_value><field_value id="7"><value>0</value></field_value><field_value id="6"><value>1379344080</value></field_value><field_value id="600000043"/><field_value id="5"><value>Demo</value></field_value><field_value id="760000804"><value>KS00505696001C58UeUgu85YPgOWx5</value></field_value><field_value id="4"/><field_value id="600000042"/><field_value id="760000803"/><field_value id="3"><value>1379344071</value></field_value><field_value id="760000802"/><field_value id="2"><value>Demo</value></field_value><field_value id="760000801"><value>ID00505696001CEYQ2UgPRpiBwdGcE</value></field_value><field_value id="1"><value>000000000001099</value></field_value><field_value id="760000800"><value>Custom</value></field_value></entry><entry id="000000000001100"><field_value id="700002000"/><field_value id="700001046"/><field_value id="700001043"/><field_value id="179"><value>ID00505696001CXYQ2UgNkJjBwSmgE</value></field_value><field_value id="760000200"><value>Data Management Console - Helper Data</value></field_value><field_value id="760000402"><value>1</value></field_value><field_value id="760000400"><value>Index 1 | Index 2 (any match/wildcards/non-null)</value></field_value><field_value id="760000809"><value>KS00505696001CNYQ2UgWKViBw52cE</value></field_value><field_value id="8"><value>N/A</value></field_value><field_value id="7"><value>0</value></field_value><field_value id="6"><value>1379344356</value></field_value><field_value id="600000043"/><field_value id="5"><value>Demo</value></field_value><field_value id="760000804"><value>KS00505696001C58UeUgu85YPgOWx5</value></field_value><field_value id="4"/><field_value id="600000042"/><field_value id="760000803"/><field_value id="3"><value>1379344147</value></field_value><field_value id="760000802"/><field_value id="2"><value>Demo</value></field_value><field_value id="760000801"><value>ID00505696001CXYQ2UgiUJjBwTGgE</value></field_value><field_value id="1"><value>000000000001100</value></field_value><field_value id="760000800"><value>Custom</value></field_value></entry><entry id="000000000001101"><field_value id="700002000"/><field_value id="700001046"/><field_value id="700001043"/><field_value id="179"><value>ID00505696001Cm4Q2UgBTVkBwD2kE</value></field_value><field_value id="760000200"><value>Data Management Console - Helper Data</value></field_value><field_value id="760000402"><value>1</value></field_value><field_value id="760000400"><value>Index 1 | Index 2 (exact match/null)</value></field_value><field_value id="760000809"><value>KS00505696001ChoQ2UgFeNjBw1WgE</value></field_value><field_value id="8"><value>N/A</value></field_value><field_value id="7"><value>0</value></field_value><field_value id="6"><value>1379344331</value></field_value><field_value id="600000043"/><field_value id="5"><value>Demo</value></field_value><field_value id="760000804"><value>KS00505696001C58UeUgu85YPgOWx5</value></field_value><field_value id="4"/><field_value id="600000042"/><field_value id="760000803"/><field_value id="3"><value>1379344208</value></field_value><field_value id="760000802"/><field_value id="2"><value>Demo</value></field_value><field_value id="760000801"><value>ID00505696001Cm4Q2UgWTVkBwEWkE</value></field_value><field_value id="1"><value>000000000001101</value></field_value><field_value id="760000800"><value>Custom</value></field_value></entry><entry id="000000000001102"><field_value id="700002000"/><field_value id="700001046"/><field_value id="700001043"/><field_value id="179"><value>ID00505696001C34Q2UgOD5lBwzWkE</value></field_value><field_value id="760000200"><value>Data Management Console - Helper Data</value></field_value><field_value id="760000402"><value>1</value></field_value><field_value id="760000400"><value>Index 1 | Index 2 | Index 3 (any match/wildcards/non-null)</value></field_value><field_value id="760000809"><value>KS00505696001Cv4Q2UgG8BkBwgWkE</value></field_value><field_value id="8"><value>N/A</value></field_value><field_value id="7"><value>0</value></field_value><field_value id="6"><value>1379344296</value></field_value><field_value id="600000043"/><field_value id="5"><value>Demo</value></field_value><field_value id="760000804"><value>KS00505696001C58UeUgu85YPgOWx5</value></field_value><field_value id="4"/><field_value id="600000042"/><field_value id="760000803"/><field_value id="3"><value>1379344278</value></field_value><field_value id="760000802"/><field_value id="2"><value>Demo</value></field_value><field_value id="760000801"><value>ID00505696001C34Q2Ugjj5lBwz2kE</value></field_value><field_value id="1"><value>000000000001102</value></field_value><field_value id="760000800"><value>Custom</value></field_value></entry><entry id="000000000001103"><field_value id="700002000"/><field_value id="700001046"/><field_value id="700001043"/><field_value id="179"><value>ID00505696001CUIU2UgFvlmBwcWsE</value></field_value><field_value id="760000200"><value>Data Management Console - Helper Data</value></field_value><field_value id="760000402"><value>1</value></field_value><field_value id="760000400"><value>Index 1 | Index 2 | Index 3 (exact match/null)</value></field_value><field_value id="760000809"><value>KS00505696001CPoU2UgqrJmBwP2sE</value></field_value><field_value id="8"><value>N/A</value></field_value><field_value id="7"><value>0</value></field_value><field_value id="6"><value>1379344398</value></field_value><field_value id="600000043"/><field_value id="5"><value>Demo</value></field_value><field_value id="760000804"><value>KS00505696001C58UeUgu85YPgOWx5</value></field_value><field_value id="4"/><field_value id="600000042"/><field_value id="760000803"/><field_value id="3"><value>1379344395</value></field_value><field_value id="760000802"/><field_value id="2"><value>Demo</value></field_value><field_value id="760000801"><value>ID00505696001CUIU2UgYvlmBwc2sE</value></field_value><field_value id="1"><value>000000000001103</value></field_value><field_value id="760000800"><value>Custom</value></field_value></entry><entry id="000000000001104"><field_value id="700002000"/><field_value id="700001046"/><field_value id="700001043"/><field_value id="179"><value>ID00505696001CoUU5Ug8DMmEg40sL</value></field_value><field_value id="760000200"><value>KS_TSK_Instance</value></field_value><field_value id="760000402"><value>1</value></field_value><field_value id="760000400"><value>All</value></field_value><field_value id="760000809"><value>KS00505696001ClkU5Ug8QcmEgvUsL</value></field_value><field_value id="8"><value>N/A</value></field_value><field_value id="7"><value>0</value></field_value><field_value id="6"><value>1379524702</value></field_value><field_value id="600000043"/><field_value id="5"><value>Demo</value></field_value><field_value id="760000804"><value>KS00505696001C58UeUgu85YPgOWx5</value></field_value><field_value id="4"/><field_value id="600000042"/><field_value id="760000803"/><field_value id="3"><value>1379524701</value></field_value><field_value id="760000802"/><field_value id="2"><value>Demo</value></field_value><field_value id="760000801"><value>ID00505696001CoUU5UgPTQmEg5UsL</value></field_value><field_value id="1"><value>000000000001104</value></field_value><field_value id="760000800"><value>Custom</value></field_value></entry><entry id="000000000001255"><field_value id="700002000"/><field_value id="700001046"/><field_value id="700001043"/><field_value id="179"><value>IDHAA5V0HJEMVAN6ITXOOEZ7UU1AEA</value></field_value><field_value id="760000200"><value>Attribute</value></field_value><field_value id="760000402"><value>1</value></field_value><field_value id="760000400"><value>By Type</value></field_value><field_value id="760000809"><value>KSHAA5V0HJEMVAN6ITVROEYA8O0ZZ9</value></field_value><field_value id="8"><value>N/A</value></field_value><field_value id="7"><value>0</value></field_value><field_value id="6"><value>1418029569</value></field_value><field_value id="600000043"/><field_value id="5"><value>Demo</value></field_value><field_value id="760000804"><value>KS00505696001C58UeUgu85YPgOWx5</value></field_value><field_value id="4"/><field_value id="600000042"/><field_value id="760000803"/><field_value id="3"><value>1418029567</value></field_value><field_value id="760000802"/><field_value id="2"><value>Demo</value></field_value><field_value id="760000801"><value>IDHAA5V0HJEMVAN6ITXOOEZ7VL1AEC</value></field_value><field_value id="1"><value>000000000001255</value></field_value><field_value id="760000800"><value>Custom</value></field_value></entry><entry id="000000000001328"><field_value id="700002000"/><field_value id="700001046"/><field_value id="700001043"/><field_value id="179"><value>IDHAA5V0HJEMVANKNP4YWRNX4O342N</value></field_value><field_value id="760000200"><value>Data Management Console - Data Types</value></field_value><field_value id="760000402"><value>1</value></field_value><field_value id="760000400"><value>Active</value></field_value><field_value id="760000809"><value>KSHAA5V0HJEMVANKNP4QWRNRF33419</value></field_value><field_value id="8"><value>N/A</value></field_value><field_value id="7"><value>0</value></field_value><field_value id="6"><value>1425442017</value></field_value><field_value id="600000043"/><field_value id="5"><value>Demo</value></field_value><field_value id="760000804"><value>KS00505696001C58UeUgu85YPgOWx5</value></field_value><field_value id="4"/><field_value id="600000042"/><field_value id="760000803"/><field_value id="3"><value>1425442016</value></field_value><field_value id="760000802"/><field_value id="2"><value>Demo</value></field_value><field_value id="760000801"><value>IDHAA5V0HJEMVANKNP4YWRNX4S342P</value></field_value><field_value id="1"><value>000000000001328</value></field_value><field_value id="760000800"><value>Custom</value></field_value></entry></instance></xform></arsystem_xml_report>