<?xml version="1.0" encoding="UTF-8"?>
<arsystem_xml_report><xform id="KS_RQT_BridgedResource" remedy="http://www.w3.org/2000/xforms"><instance><field-info><field><name>_ActionFour</name><id>700002000</id><type>CHAR</type></field><field><name>Clone_SourceInstanceID</name><id>700001046</id><type>CHAR</type></field><field><name>_ActionThree</name><id>700001043</id><type>CHAR</type></field><field><name>InstanceId</name><id>179</id><type>CHAR</type></field><field><name>model_name</name><id>760000200</id><type>CHAR</type></field><field><name>qualification_type</name><id>760000402</id><type>ENUM</type></field><field><name>qualification_name</name><id>760000400</id><type>CHAR</type></field><field><name>OperationID</name><id>760000809</id><type>CHAR</type></field><field><name>Short Description</name><id>8</id><type>CHAR</type></field><field><name>Status</name><id>7</id><type>ENUM</type></field><field><name>Modified Date</name><id>6</id><type>TIME</type></field><field><name>_ActionTwo</name><id>600000043</id><type>CHAR</type></field><field><name>Last Modified By</name><id>5</id><type>CHAR</type></field><field><name>form_id</name><id>760000804</id><type>CHAR</type></field><field><name>Assigned To</name><id>4</id><type>CHAR</type></field><field><name>_ActionOne</name><id>600000042</id><type>CHAR</type></field><field><name>label_attribute</name><id>760000803</id><type>CHAR</type></field><field><name>Create Date</name><id>3</id><type>TIME</type></field><field><name>value_attribute</name><id>760000802</id><type>CHAR</type></field><field><name>Submitter</name><id>2</id><type>CHAR</type></field><field><name>source_id</name><id>760000801</id><type>CHAR</type></field><field><name>Request ID</name><id>1</id><type>CHAR</type></field><field><name>source</name><id>760000800</id><type>CHAR</type></field></field-info><entry id="000000000000652"><field_value id="700002000"/><field_value id="700001046"/><field_value id="700001043"/><field_value id="179"><value>KSa39aa03e59e703b4d081cf327c3c2d2f1</value></field_value><field_value id="760000200"><value>Data Management Console - Data Definitions</value></field_value><field_value id="760000402"><value>0</value></field_value><field_value id="760000400"><value>By Record Id</value></field_value><field_value id="760000809"/><field_value id="8"><value>N/A</value></field_value><field_value id="7"><value>0</value></field_value><field_value id="6"><value>1379014823</value></field_value><field_value id="600000043"/><field_value id="5"><value>Demo</value></field_value><field_value id="760000804"><value>KS4638d1b6dbdba4201b4682808da5dd9a3</value></field_value><field_value id="4"/><field_value id="600000042"/><field_value id="760000803"/><field_value id="3"><value>1379014823</value></field_value><field_value id="760000802"/><field_value id="2"><value>Demo</value></field_value><field_value id="760000801"><value>KS5585fd2e58b2c768309d3762c05558761</value></field_value><field_value id="1"><value>000000000000652</value></field_value><field_value id="760000800"><value>Custom</value></field_value></entry><entry id="000000000000653"><field_value id="700002000"/><field_value id="700001046"/><field_value id="700001043"/><field_value id="179"><value>KS223ba721c0d9b831df9979745eb214a46</value></field_value><field_value id="760000200"><value>Data Management Console - Helper Data</value></field_value><field_value id="760000402"><value>0</value></field_value><field_value id="760000400"><value>By Record Id</value></field_value><field_value id="760000809"/><field_value id="8"><value>N/A</value></field_value><field_value id="7"><value>0</value></field_value><field_value id="6"><value>1379014826</value></field_value><field_value id="600000043"/><field_value id="5"><value>Demo</value></field_value><field_value id="760000804"><value>KS4638d1b6dbdba4201b4682808da5dd9a3</value></field_value><field_value id="4"/><field_value id="600000042"/><field_value id="760000803"/><field_value id="3"><value>1379014826</value></field_value><field_value id="760000802"/><field_value id="2"><value>Demo</value></field_value><field_value id="760000801"><value>KS8b51d590cefa01e2872fef1f79fed0b3a</value></field_value><field_value id="1"><value>000000000000653</value></field_value><field_value id="760000800"><value>Custom</value></field_value></entry></instance></xform></arsystem_xml_report>