<?xml version="1.0" encoding="UTF-8"?>
<arsystem_xml_report><xform id="KS_SRV_FieldMap" remedy="http://www.w3.org/2000/xforms"><instance><field-info><field><name>Mapping_Source</name><id>600000300</id><type>CHAR</type></field><field><name>_ActionTwo</name><id>600000043</id><type>CHAR</type></field><field><name>_ActionOne</name><id>600000042</id><type>CHAR</type></field><field><name>FormEventInstanceId</name><id>700008060</id><type>CHAR</type></field><field><name>_SortOrderOffset</name><id>700002400</id><type>INTEGER</type></field><field><name>Table_Label</name><id>700073257</id><type>CHAR</type></field><field><name>Visible_In_Table</name><id>700073251</id><type>ENUM</type></field><field><name>Sort_Order</name><id>700073250</id><type>INTEGER</type></field><field><name>Short Description</name><id>8</id><type>CHAR</type></field><field><name>Status</name><id>7</id><type>ENUM</type></field><field><name>Modified Date</name><id>6</id><type>TIME</type></field><field><name>Last Modified By</name><id>5</id><type>CHAR</type></field><field><name>Assigned To</name><id>4</id><type>CHAR</type></field><field><name>Create Date</name><id>3</id><type>TIME</type></field><field><name>Submitter</name><id>2</id><type>CHAR</type></field><field><name>Request ID</name><id>1</id><type>CHAR</type></field><field><name>OperationID</name><id>490000700</id><type>CHAR</type></field><field><name>_Multi-Purpose2</name><id>600000091</id><type>CHAR</type></field><field><name>_Multi-Purpose</name><id>600000090</id><type>CHAR</type></field><field><name>_SourceSurveyID</name><id>700001953</id><type>CHAR</type></field><field><name>SourceInstanceID</name><id>700000876</id><type>CHAR</type></field><field><name>Value_Short</name><id>700000875</id><type>CHAR</type></field><field><name>Map Type</name><id>700000874</id><type>CHAR</type></field><field><name>Value_Long</name><id>700000873</id><type>CHAR</type></field><field><name>Source_Field_ID</name><id>700000872</id><type>CHAR</type></field><field><name>SourceField_Label</name><id>700000871</id><type>CHAR</type></field><field><name>SortOrderChangeTo</name><id>700001212</id><type>INTEGER</type></field><field><name>instanceId</name><id>179</id><type>CHAR</type></field><field><name>_tempValueString</name><id>700077902</id><type>CHAR</type></field><field><name>_end_location</name><id>700077901</id><type>INTEGER</type></field><field><name>_start_location</name><id>700077900</id><type>INTEGER</type></field><field><name>Value_Escaped</name><id>770000404</id><type>CHAR</type></field><field><name>Bridged_Resource</name><id>770000403</id><type>ENUM</type></field><field><name>FireChangeImmediately</name><id>770000402</id><type>ENUM</type></field><field><name>Clone_SourceInstanceID</name><id>700001046</id><type>CHAR</type></field><field><name>IntegrationSource_instanceid</name><id>700000899</id><type>CHAR</type></field><field><name>FireChangeEvent</name><id>770000401</id><type>ENUM</type></field><field><name>FireChangeEventFlag</name><id>770000400</id><type>ENUM</type></field><field><name>_ActionThree</name><id>700001043</id><type>CHAR</type></field><field><name>SurveyInstanceID</name><id>700000800</id><type>CHAR</type></field></field-info><entry id="000000000001486"><field_value id="600000300"><value>KS_SRV_Helper Add Update Data</value></field_value><field_value id="600000043"/><field_value id="600000042"/><field_value id="700008060"><value>KS101e045769ec75c035344ac46153fd3cd</value></field_value><field_value id="700002400"/><field_value id="700073257"/><field_value id="700073251"><value>0</value></field_value><field_value id="700073250"><value>1</value></field_value><field_value id="8"><value>na</value></field_value><field_value id="7"><value>0</value></field_value><field_value id="6"><value>1379486428</value></field_value><field_value id="5"><value>Demo</value></field_value><field_value id="4"/><field_value id="3"><value>1379014832</value></field_value><field_value id="2"><value>Demo</value></field_value><field_value id="1"><value>000000000001486</value></field_value><field_value id="490000700"/><field_value id="600000091"/><field_value id="600000090"/><field_value id="700001953"/><field_value id="700000876"><value>n/a</value></field_value><field_value id="700000875"><value>&lt;FLD&gt;ListCharacter Fi;KS8a67089aa6203b39b2ef4129c51cd0dc2&lt;/FLD&gt; </value></field_value><field_value id="700000874"><value>Inbound - Internal</value></field_value><field_value id="700000873"><value>&lt;FLD&gt;ListCharacter Fi;KS8a67089aa6203b39b2ef4129c51cd0dc2&lt;/FLD&gt; </value></field_value><field_value id="700000872"><value>KSe3bf7af18f434960be1d064f416343775</value></field_value><field_value id="700000871"><value>Character Field 1</value></field_value><field_value id="700001212"/><field_value id="179"><value>KSbed3ce2e560e19ef16b8fe98f03279b2d</value></field_value><field_value id="700077902"/><field_value id="700077901"/><field_value id="700077900"/><field_value id="770000404"/><field_value id="770000403"/><field_value id="770000402"/><field_value id="700001046"/><field_value id="700000899"><value>n/a</value></field_value><field_value id="770000401"><value>1</value></field_value><field_value id="770000400"/><field_value id="700001043"/><field_value id="700000800"><value>KS4638d1b6dbdba4201b4682808da5dd9a3</value></field_value></entry><entry id="000000000001487"><field_value id="600000300"><value>KS_SRV_Helper Add Update Data</value></field_value><field_value id="600000043"/><field_value id="600000042"/><field_value id="700008060"><value>KSbfeca304227f44dda62753150e204c3e2</value></field_value><field_value id="700002400"/><field_value id="700073257"/><field_value id="700073251"><value>0</value></field_value><field_value id="700073250"><value>1</value></field_value><field_value id="8"><value>na</value></field_value><field_value id="7"><value>0</value></field_value><field_value id="6"><value>1379486439</value></field_value><field_value id="5"><value>Demo</value></field_value><field_value id="4"/><field_value id="3"><value>1379014834</value></field_value><field_value id="2"><value>Demo</value></field_value><field_value id="1"><value>000000000001487</value></field_value><field_value id="490000700"/><field_value id="600000091"/><field_value id="600000090"/><field_value id="700001953"/><field_value id="700000876"><value>n/a</value></field_value><field_value id="700000875"><value>&lt;FLD&gt;ListCharacter Fi;KS4c8305cf027370bf16b7685dc4eb20a40&lt;/FLD&gt; </value></field_value><field_value id="700000874"><value>Inbound - Internal</value></field_value><field_value id="700000873"><value>&lt;FLD&gt;ListCharacter Fi;KS4c8305cf027370bf16b7685dc4eb20a40&lt;/FLD&gt; </value></field_value><field_value id="700000872"><value>KSc8a637c27faa00abf74f4d413386481e8</value></field_value><field_value id="700000871"><value>Character Field 2</value></field_value><field_value id="700001212"/><field_value id="179"><value>KSf8341b77ad89d3d4092bbbdb76a0ae521</value></field_value><field_value id="700077902"/><field_value id="700077901"/><field_value id="700077900"/><field_value id="770000404"/><field_value id="770000403"/><field_value id="770000402"/><field_value id="700001046"/><field_value id="700000899"><value>n/a</value></field_value><field_value id="770000401"><value>1</value></field_value><field_value id="770000400"/><field_value id="700001043"/><field_value id="700000800"><value>KS4638d1b6dbdba4201b4682808da5dd9a3</value></field_value></entry><entry id="000000000001488"><field_value id="600000300"><value>KS_SRV_Helper Add Update Data</value></field_value><field_value id="600000043"/><field_value id="600000042"/><field_value id="700008060"><value>KS493ae771184373f5736339da774ae452d</value></field_value><field_value id="700002400"/><field_value id="700073257"/><field_value id="700073251"><value>0</value></field_value><field_value id="700073250"><value>1</value></field_value><field_value id="8"><value>na</value></field_value><field_value id="7"><value>0</value></field_value><field_value id="6"><value>1379486452</value></field_value><field_value id="5"><value>Demo</value></field_value><field_value id="4"/><field_value id="3"><value>1379014835</value></field_value><field_value id="2"><value>Demo</value></field_value><field_value id="1"><value>000000000001488</value></field_value><field_value id="490000700"/><field_value id="600000091"/><field_value id="600000090"/><field_value id="700001953"/><field_value id="700000876"><value>n/a</value></field_value><field_value id="700000875"><value>&lt;FLD&gt;ListCharacter Fi;KSe319378136e8fdd5d745d77a198d578e0&lt;/FLD&gt; </value></field_value><field_value id="700000874"><value>Inbound - Internal</value></field_value><field_value id="700000873"><value>&lt;FLD&gt;ListCharacter Fi;KSe319378136e8fdd5d745d77a198d578e0&lt;/FLD&gt; </value></field_value><field_value id="700000872"><value>KS9540f89570b968ca621b3d98aa72de366</value></field_value><field_value id="700000871"><value>Character Field 3</value></field_value><field_value id="700001212"/><field_value id="179"><value>KSf319fe378600deae3c8d94c4360559f21</value></field_value><field_value id="700077902"/><field_value id="700077901"/><field_value id="700077900"/><field_value id="770000404"/><field_value id="770000403"/><field_value id="770000402"/><field_value id="700001046"/><field_value id="700000899"><value>n/a</value></field_value><field_value id="770000401"><value>1</value></field_value><field_value id="770000400"/><field_value id="700001043"/><field_value id="700000800"><value>KS4638d1b6dbdba4201b4682808da5dd9a3</value></field_value></entry><entry id="000000000001489"><field_value id="600000300"><value>KS_SRV_Helper Add Update Data</value></field_value><field_value id="600000043"/><field_value id="600000042"/><field_value id="700008060"><value>KS6d58cbd1a42d9371166b8ea203c8891b0</value></field_value><field_value id="700002400"/><field_value id="700073257"/><field_value id="700073251"><value>0</value></field_value><field_value id="700073250"><value>1</value></field_value><field_value id="8"><value>na</value></field_value><field_value id="7"><value>0</value></field_value><field_value id="6"><value>1379486462</value></field_value><field_value id="5"><value>Demo</value></field_value><field_value id="4"/><field_value id="3"><value>1379014837</value></field_value><field_value id="2"><value>Demo</value></field_value><field_value id="1"><value>000000000001489</value></field_value><field_value id="490000700"/><field_value id="600000091"/><field_value id="600000090"/><field_value id="700001953"/><field_value id="700000876"><value>n/a</value></field_value><field_value id="700000875"><value>&lt;FLD&gt;ListCharacter Fi;KSe4b5c6ddb9a257d69b8800eb2308b672f&lt;/FLD&gt; </value></field_value><field_value id="700000874"><value>Inbound - Internal</value></field_value><field_value id="700000873"><value>&lt;FLD&gt;ListCharacter Fi;KSe4b5c6ddb9a257d69b8800eb2308b672f&lt;/FLD&gt; </value></field_value><field_value id="700000872"><value>KSdafda457e54d0580985e8ac7d1913cbff</value></field_value><field_value id="700000871"><value>Character Field 4</value></field_value><field_value id="700001212"/><field_value id="179"><value>KSaeb5de0c0ee8ef3673cb14a49e77548ff</value></field_value><field_value id="700077902"/><field_value id="700077901"/><field_value id="700077900"/><field_value id="770000404"/><field_value id="770000403"/><field_value id="770000402"/><field_value id="700001046"/><field_value id="700000899"><value>n/a</value></field_value><field_value id="770000401"><value>1</value></field_value><field_value id="770000400"/><field_value id="700001043"/><field_value id="700000800"><value>KS4638d1b6dbdba4201b4682808da5dd9a3</value></field_value></entry><entry id="000000000001490"><field_value id="600000300"><value>KS_SRV_Helper Add Update Data</value></field_value><field_value id="600000043"/><field_value id="600000042"/><field_value id="700008060"><value>KS704af068558f201e9dbd77f24f7de1358</value></field_value><field_value id="700002400"/><field_value id="700073257"/><field_value id="700073251"><value>0</value></field_value><field_value id="700073250"><value>1</value></field_value><field_value id="8"><value>na</value></field_value><field_value id="7"><value>0</value></field_value><field_value id="6"><value>1379486472</value></field_value><field_value id="5"><value>Demo</value></field_value><field_value id="4"/><field_value id="3"><value>1379014840</value></field_value><field_value id="2"><value>Demo</value></field_value><field_value id="1"><value>000000000001490</value></field_value><field_value id="490000700"/><field_value id="600000091"/><field_value id="600000090"/><field_value id="700001953"/><field_value id="700000876"><value>n/a</value></field_value><field_value id="700000875"><value>&lt;FLD&gt;ListCharacter Fi;KS98dee21786c18846b9b9d8e1540bbd036&lt;/FLD&gt; </value></field_value><field_value id="700000874"><value>Inbound - Internal</value></field_value><field_value id="700000873"><value>&lt;FLD&gt;ListCharacter Fi;KS98dee21786c18846b9b9d8e1540bbd036&lt;/FLD&gt; </value></field_value><field_value id="700000872"><value>KSc0a94869f6df9c328b2854a066fbd43bd</value></field_value><field_value id="700000871"><value>Character Field 5</value></field_value><field_value id="700001212"/><field_value id="179"><value>KS4852da40d04f67ff10a8f0a5222da94cb</value></field_value><field_value id="700077902"/><field_value id="700077901"/><field_value id="700077900"/><field_value id="770000404"/><field_value id="770000403"/><field_value id="770000402"/><field_value id="700001046"/><field_value id="700000899"><value>n/a</value></field_value><field_value id="770000401"><value>1</value></field_value><field_value id="770000400"/><field_value id="700001043"/><field_value id="700000800"><value>KS4638d1b6dbdba4201b4682808da5dd9a3</value></field_value></entry><entry id="000000000001491"><field_value id="600000300"><value>KS_SRV_Helper Add Update Data</value></field_value><field_value id="600000043"/><field_value id="600000042"/><field_value id="700008060"><value>KSb383251cd6142984b0ec388f7202d63b4</value></field_value><field_value id="700002400"/><field_value id="700073257"/><field_value id="700073251"><value>0</value></field_value><field_value id="700073250"><value>1</value></field_value><field_value id="8"><value>na</value></field_value><field_value id="7"><value>0</value></field_value><field_value id="6"><value>1379486482</value></field_value><field_value id="5"><value>Demo</value></field_value><field_value id="4"/><field_value id="3"><value>1379014842</value></field_value><field_value id="2"><value>Demo</value></field_value><field_value id="1"><value>000000000001491</value></field_value><field_value id="490000700"/><field_value id="600000091"/><field_value id="600000090"/><field_value id="700001953"/><field_value id="700000876"><value>n/a</value></field_value><field_value id="700000875"><value>&lt;FLD&gt;ListCharacter Fi;KS9a4049d2c3a2f374e3ca0f06e7a58b431&lt;/FLD&gt; </value></field_value><field_value id="700000874"><value>Inbound - Internal</value></field_value><field_value id="700000873"><value>&lt;FLD&gt;ListCharacter Fi;KS9a4049d2c3a2f374e3ca0f06e7a58b431&lt;/FLD&gt; </value></field_value><field_value id="700000872"><value>KS30a98f5284d6fa30b675719a83c2a7b3b</value></field_value><field_value id="700000871"><value>Character Field 6</value></field_value><field_value id="700001212"/><field_value id="179"><value>KSa69accec0e1524eedec56ceb279f6a9bd</value></field_value><field_value id="700077902"/><field_value id="700077901"/><field_value id="700077900"/><field_value id="770000404"/><field_value id="770000403"/><field_value id="770000402"/><field_value id="700001046"/><field_value id="700000899"><value>n/a</value></field_value><field_value id="770000401"><value>1</value></field_value><field_value id="770000400"/><field_value id="700001043"/><field_value id="700000800"><value>KS4638d1b6dbdba4201b4682808da5dd9a3</value></field_value></entry><entry id="000000000001492"><field_value id="600000300"><value>KS_SRV_Helper Add Update Data</value></field_value><field_value id="600000043"/><field_value id="600000042"/><field_value id="700008060"><value>KSb3ec391f5396518b5a2be3a6fd0904d9c</value></field_value><field_value id="700002400"/><field_value id="700073257"/><field_value id="700073251"><value>0</value></field_value><field_value id="700073250"><value>1</value></field_value><field_value id="8"><value>na</value></field_value><field_value id="7"><value>0</value></field_value><field_value id="6"><value>1379486493</value></field_value><field_value id="5"><value>Demo</value></field_value><field_value id="4"/><field_value id="3"><value>1379014844</value></field_value><field_value id="2"><value>Demo</value></field_value><field_value id="1"><value>000000000001492</value></field_value><field_value id="490000700"/><field_value id="600000091"/><field_value id="600000090"/><field_value id="700001953"/><field_value id="700000876"><value>n/a</value></field_value><field_value id="700000875"><value>&lt;FLD&gt;ListCharacter Fi;KSd95dcf01877efe04ecea0feee13c0dc3f&lt;/FLD&gt; </value></field_value><field_value id="700000874"><value>Inbound - Internal</value></field_value><field_value id="700000873"><value>&lt;FLD&gt;ListCharacter Fi;KSd95dcf01877efe04ecea0feee13c0dc3f&lt;/FLD&gt; </value></field_value><field_value id="700000872"><value>KS665024847c3414b52204d15843dd7eed9</value></field_value><field_value id="700000871"><value>Character Field 7</value></field_value><field_value id="700001212"/><field_value id="179"><value>KSfe362264c9172a4e8b9b6dd9004cdc73d</value></field_value><field_value id="700077902"/><field_value id="700077901"/><field_value id="700077900"/><field_value id="770000404"/><field_value id="770000403"/><field_value id="770000402"/><field_value id="700001046"/><field_value id="700000899"><value>n/a</value></field_value><field_value id="770000401"><value>1</value></field_value><field_value id="770000400"/><field_value id="700001043"/><field_value id="700000800"><value>KS4638d1b6dbdba4201b4682808da5dd9a3</value></field_value></entry><entry id="000000000001493"><field_value id="600000300"><value>KS_SRV_Helper Add Update Data</value></field_value><field_value id="600000043"/><field_value id="600000042"/><field_value id="700008060"><value>KS3c2e72956f4cf00271d6b768c30b5b03c</value></field_value><field_value id="700002400"/><field_value id="700073257"/><field_value id="700073251"><value>0</value></field_value><field_value id="700073250"><value>1</value></field_value><field_value id="8"><value>na</value></field_value><field_value id="7"><value>0</value></field_value><field_value id="6"><value>1379486503</value></field_value><field_value id="5"><value>Demo</value></field_value><field_value id="4"/><field_value id="3"><value>1379014846</value></field_value><field_value id="2"><value>Demo</value></field_value><field_value id="1"><value>000000000001493</value></field_value><field_value id="490000700"/><field_value id="600000091"/><field_value id="600000090"/><field_value id="700001953"/><field_value id="700000876"><value>n/a</value></field_value><field_value id="700000875"><value>&lt;FLD&gt;ListCharacter Fi;KSb6ccb01b7d990e5960583b25e5f8bc2b9&lt;/FLD&gt; </value></field_value><field_value id="700000874"><value>Inbound - Internal</value></field_value><field_value id="700000873"><value>&lt;FLD&gt;ListCharacter Fi;KSb6ccb01b7d990e5960583b25e5f8bc2b9&lt;/FLD&gt; </value></field_value><field_value id="700000872"><value>KS7d8bf0b2689179e950acc4057c1c8e575</value></field_value><field_value id="700000871"><value>Character Field 8</value></field_value><field_value id="700001212"/><field_value id="179"><value>KScf723acd617e90e57517e57cd7f417eef</value></field_value><field_value id="700077902"/><field_value id="700077901"/><field_value id="700077900"/><field_value id="770000404"/><field_value id="770000403"/><field_value id="770000402"/><field_value id="700001046"/><field_value id="700000899"><value>n/a</value></field_value><field_value id="770000401"><value>1</value></field_value><field_value id="770000400"/><field_value id="700001043"/><field_value id="700000800"><value>KS4638d1b6dbdba4201b4682808da5dd9a3</value></field_value></entry><entry id="000000000001494"><field_value id="600000300"><value>KS_SRV_Helper Add Update Data</value></field_value><field_value id="600000043"/><field_value id="600000042"/><field_value id="700008060"><value>KS4a752f5bec3c66cd8e3cece9cf74b62a5</value></field_value><field_value id="700002400"/><field_value id="700073257"/><field_value id="700073251"><value>0</value></field_value><field_value id="700073250"><value>1</value></field_value><field_value id="8"><value>na</value></field_value><field_value id="7"><value>0</value></field_value><field_value id="6"><value>1379486517</value></field_value><field_value id="5"><value>Demo</value></field_value><field_value id="4"/><field_value id="3"><value>1379014848</value></field_value><field_value id="2"><value>Demo</value></field_value><field_value id="1"><value>000000000001494</value></field_value><field_value id="490000700"/><field_value id="600000091"/><field_value id="600000090"/><field_value id="700001953"/><field_value id="700000876"><value>n/a</value></field_value><field_value id="700000875"><value>&lt;FLD&gt;ListCharacter Fi;KS61d3bfa71968dce6832614f33c721cf8c&lt;/FLD&gt; </value></field_value><field_value id="700000874"><value>Inbound - Internal</value></field_value><field_value id="700000873"><value>&lt;FLD&gt;ListCharacter Fi;KS61d3bfa71968dce6832614f33c721cf8c&lt;/FLD&gt; </value></field_value><field_value id="700000872"><value>KS578af42b24163b97a907d0a8109ab64a3</value></field_value><field_value id="700000871"><value>Character Field 9</value></field_value><field_value id="700001212"/><field_value id="179"><value>KS02ec7efc8f87f283a551e8d6e8a992044</value></field_value><field_value id="700077902"/><field_value id="700077901"/><field_value id="700077900"/><field_value id="770000404"/><field_value id="770000403"/><field_value id="770000402"/><field_value id="700001046"/><field_value id="700000899"><value>n/a</value></field_value><field_value id="770000401"><value>1</value></field_value><field_value id="770000400"/><field_value id="700001043"/><field_value id="700000800"><value>KS4638d1b6dbdba4201b4682808da5dd9a3</value></field_value></entry><entry id="000000000001495"><field_value id="600000300"><value>KS_SRV_Helper Add Update Data</value></field_value><field_value id="600000043"/><field_value id="600000042"/><field_value id="700008060"><value>KS842d3118d7c3bb684e9bbc3ab2f307636</value></field_value><field_value id="700002400"/><field_value id="700073257"/><field_value id="700073251"><value>0</value></field_value><field_value id="700073250"><value>1</value></field_value><field_value id="8"><value>na</value></field_value><field_value id="7"><value>0</value></field_value><field_value id="6"><value>1379486527</value></field_value><field_value id="5"><value>Demo</value></field_value><field_value id="4"/><field_value id="3"><value>1379014849</value></field_value><field_value id="2"><value>Demo</value></field_value><field_value id="1"><value>000000000001495</value></field_value><field_value id="490000700"/><field_value id="600000091"/><field_value id="600000090"/><field_value id="700001953"/><field_value id="700000876"><value>n/a</value></field_value><field_value id="700000875"><value>&lt;FLD&gt;ListCharacter Fi;KS54f26ff4b34e234a4866be25bd82baac8&lt;/FLD&gt; </value></field_value><field_value id="700000874"><value>Inbound - Internal</value></field_value><field_value id="700000873"><value>&lt;FLD&gt;ListCharacter Fi;KS54f26ff4b34e234a4866be25bd82baac8&lt;/FLD&gt; </value></field_value><field_value id="700000872"><value>KS6482b51e999cc950e11b726f1c2e27e30</value></field_value><field_value id="700000871"><value>Character Field 10</value></field_value><field_value id="700001212"/><field_value id="179"><value>KS1cd0449e32e5373a19fc455e77e5c507b</value></field_value><field_value id="700077902"/><field_value id="700077901"/><field_value id="700077900"/><field_value id="770000404"/><field_value id="770000403"/><field_value id="770000402"/><field_value id="700001046"/><field_value id="700000899"><value>n/a</value></field_value><field_value id="770000401"><value>1</value></field_value><field_value id="770000400"/><field_value id="700001043"/><field_value id="700000800"><value>KS4638d1b6dbdba4201b4682808da5dd9a3</value></field_value></entry><entry id="000000000001496"><field_value id="600000300"><value>KS_SRV_Helper Add Update Data</value></field_value><field_value id="600000043"/><field_value id="600000042"/><field_value id="700008060"><value>KS3671202312930d312677f9a6f43018da0</value></field_value><field_value id="700002400"/><field_value id="700073257"/><field_value id="700073251"><value>0</value></field_value><field_value id="700073250"><value>1</value></field_value><field_value id="8"><value>na</value></field_value><field_value id="7"><value>0</value></field_value><field_value id="6"><value>1379486538</value></field_value><field_value id="5"><value>Demo</value></field_value><field_value id="4"/><field_value id="3"><value>1379014851</value></field_value><field_value id="2"><value>Demo</value></field_value><field_value id="1"><value>000000000001496</value></field_value><field_value id="490000700"/><field_value id="600000091"/><field_value id="600000090"/><field_value id="700001953"/><field_value id="700000876"><value>n/a</value></field_value><field_value id="700000875"><value>&lt;FLD&gt;ListCharacter Fi;KS0e61add2ca08b1f1e3552266db674813c&lt;/FLD&gt; </value></field_value><field_value id="700000874"><value>Inbound - Internal</value></field_value><field_value id="700000873"><value>&lt;FLD&gt;ListCharacter Fi;KS0e61add2ca08b1f1e3552266db674813c&lt;/FLD&gt; </value></field_value><field_value id="700000872"><value>KSc69c909546a6226075cda143da7faa2e9</value></field_value><field_value id="700000871"><value>Character Field 11</value></field_value><field_value id="700001212"/><field_value id="179"><value>KS11208df6dfdc44d8a24c3572e95c0589c</value></field_value><field_value id="700077902"/><field_value id="700077901"/><field_value id="700077900"/><field_value id="770000404"/><field_value id="770000403"/><field_value id="770000402"/><field_value id="700001046"/><field_value id="700000899"><value>n/a</value></field_value><field_value id="770000401"><value>1</value></field_value><field_value id="770000400"/><field_value id="700001043"/><field_value id="700000800"><value>KS4638d1b6dbdba4201b4682808da5dd9a3</value></field_value></entry><entry id="000000000001497"><field_value id="600000300"><value>KS_SRV_Helper Add Update Data</value></field_value><field_value id="600000043"/><field_value id="600000042"/><field_value id="700008060"><value>KS5072c4275401b7fc29c3a390caa6020f9</value></field_value><field_value id="700002400"/><field_value id="700073257"/><field_value id="700073251"><value>0</value></field_value><field_value id="700073250"><value>1</value></field_value><field_value id="8"><value>na</value></field_value><field_value id="7"><value>0</value></field_value><field_value id="6"><value>1379486549</value></field_value><field_value id="5"><value>Demo</value></field_value><field_value id="4"/><field_value id="3"><value>1379014853</value></field_value><field_value id="2"><value>Demo</value></field_value><field_value id="1"><value>000000000001497</value></field_value><field_value id="490000700"/><field_value id="600000091"/><field_value id="600000090"/><field_value id="700001953"/><field_value id="700000876"><value>n/a</value></field_value><field_value id="700000875"><value>&lt;FLD&gt;ListCharacter Fi;KS2a51e85c3b9401669e77f5c4bb2fb895a&lt;/FLD&gt; </value></field_value><field_value id="700000874"><value>Inbound - Internal</value></field_value><field_value id="700000873"><value>&lt;FLD&gt;ListCharacter Fi;KS2a51e85c3b9401669e77f5c4bb2fb895a&lt;/FLD&gt; </value></field_value><field_value id="700000872"><value>KS7355cf853d83950f617750778c0258e68</value></field_value><field_value id="700000871"><value>Character Field 12</value></field_value><field_value id="700001212"/><field_value id="179"><value>KS15ba7a8b78d614afac4cfa1753c3ad447</value></field_value><field_value id="700077902"/><field_value id="700077901"/><field_value id="700077900"/><field_value id="770000404"/><field_value id="770000403"/><field_value id="770000402"/><field_value id="700001046"/><field_value id="700000899"><value>n/a</value></field_value><field_value id="770000401"><value>1</value></field_value><field_value id="770000400"/><field_value id="700001043"/><field_value id="700000800"><value>KS4638d1b6dbdba4201b4682808da5dd9a3</value></field_value></entry><entry id="000000000001498"><field_value id="600000300"><value>KS_SRV_Helper Add Update Data</value></field_value><field_value id="600000043"/><field_value id="600000042"/><field_value id="700008060"><value>KSf6994e8e9985d7e8dee4842c8ceafbed5</value></field_value><field_value id="700002400"/><field_value id="700073257"/><field_value id="700073251"><value>0</value></field_value><field_value id="700073250"><value>1</value></field_value><field_value id="8"><value>na</value></field_value><field_value id="7"><value>0</value></field_value><field_value id="6"><value>1379486559</value></field_value><field_value id="5"><value>Demo</value></field_value><field_value id="4"/><field_value id="3"><value>1379014855</value></field_value><field_value id="2"><value>Demo</value></field_value><field_value id="1"><value>000000000001498</value></field_value><field_value id="490000700"/><field_value id="600000091"/><field_value id="600000090"/><field_value id="700001953"/><field_value id="700000876"><value>n/a</value></field_value><field_value id="700000875"><value>&lt;FLD&gt;ListCharacter Fi;KS8ccc2de70f802607e0c9291249cae2389&lt;/FLD&gt; </value></field_value><field_value id="700000874"><value>Inbound - Internal</value></field_value><field_value id="700000873"><value>&lt;FLD&gt;ListCharacter Fi;KS8ccc2de70f802607e0c9291249cae2389&lt;/FLD&gt; </value></field_value><field_value id="700000872"><value>KSa4495401b924a832ef45ef4fabff6da9b</value></field_value><field_value id="700000871"><value>Character Field 13</value></field_value><field_value id="700001212"/><field_value id="179"><value>KS6e656d26a84cd18354f394637c85bd33c</value></field_value><field_value id="700077902"/><field_value id="700077901"/><field_value id="700077900"/><field_value id="770000404"/><field_value id="770000403"/><field_value id="770000402"/><field_value id="700001046"/><field_value id="700000899"><value>n/a</value></field_value><field_value id="770000401"><value>1</value></field_value><field_value id="770000400"/><field_value id="700001043"/><field_value id="700000800"><value>KS4638d1b6dbdba4201b4682808da5dd9a3</value></field_value></entry><entry id="000000000001499"><field_value id="600000300"><value>KS_SRV_Helper Add Update Data</value></field_value><field_value id="600000043"/><field_value id="600000042"/><field_value id="700008060"><value>KS3f745f9c1538a89a908704bb3111fe157</value></field_value><field_value id="700002400"/><field_value id="700073257"/><field_value id="700073251"><value>0</value></field_value><field_value id="700073250"><value>1</value></field_value><field_value id="8"><value>na</value></field_value><field_value id="7"><value>0</value></field_value><field_value id="6"><value>1379486570</value></field_value><field_value id="5"><value>Demo</value></field_value><field_value id="4"/><field_value id="3"><value>1379014856</value></field_value><field_value id="2"><value>Demo</value></field_value><field_value id="1"><value>000000000001499</value></field_value><field_value id="490000700"/><field_value id="600000091"/><field_value id="600000090"/><field_value id="700001953"/><field_value id="700000876"><value>n/a</value></field_value><field_value id="700000875"><value>&lt;FLD&gt;ListCharacter Fi;KS53f39f2f99954abe7ce1930a17bea2fb1&lt;/FLD&gt; </value></field_value><field_value id="700000874"><value>Inbound - Internal</value></field_value><field_value id="700000873"><value>&lt;FLD&gt;ListCharacter Fi;KS53f39f2f99954abe7ce1930a17bea2fb1&lt;/FLD&gt; </value></field_value><field_value id="700000872"><value>KS52e3f743c3cef22cde9548f30e21bdc34</value></field_value><field_value id="700000871"><value>Character Field 14</value></field_value><field_value id="700001212"/><field_value id="179"><value>KSbad00562a2fcd909e281cba92949daa88</value></field_value><field_value id="700077902"/><field_value id="700077901"/><field_value id="700077900"/><field_value id="770000404"/><field_value id="770000403"/><field_value id="770000402"/><field_value id="700001046"/><field_value id="700000899"><value>n/a</value></field_value><field_value id="770000401"><value>1</value></field_value><field_value id="770000400"/><field_value id="700001043"/><field_value id="700000800"><value>KS4638d1b6dbdba4201b4682808da5dd9a3</value></field_value></entry><entry id="000000000001500"><field_value id="600000300"><value>KS_SRV_Helper Add Update Data</value></field_value><field_value id="600000043"/><field_value id="600000042"/><field_value id="700008060"><value>ID2bc37e3f2188ee029e5345b7a0e29f84e</value></field_value><field_value id="700002400"/><field_value id="700073257"/><field_value id="700073251"><value>0</value></field_value><field_value id="700073250"><value>1</value></field_value><field_value id="8"><value>na</value></field_value><field_value id="7"><value>0</value></field_value><field_value id="6"><value>1379486401</value></field_value><field_value id="5"><value>Demo</value></field_value><field_value id="4"/><field_value id="3"><value>1379448854</value></field_value><field_value id="2"><value>Demo</value></field_value><field_value id="1"><value>000000000001500</value></field_value><field_value id="490000700"/><field_value id="600000091"/><field_value id="600000090"/><field_value id="700001953"/><field_value id="700000876"><value>na</value></field_value><field_value id="700000875"><value>&lt;FLD&gt;ListIndex Field ;KScd93c9b182467bb57b2477a2c4bf7094f&lt;/FLD&gt;</value></field_value><field_value id="700000874"><value>Inbound - Internal</value></field_value><field_value id="700000873"><value>&lt;FLD&gt;ListIndex Field ;KScd93c9b182467bb57b2477a2c4bf7094f&lt;/FLD&gt;</value></field_value><field_value id="700000872"><value>KS74d05523203bc0c1e49eedf6c3f65e444</value></field_value><field_value id="700000871"><value>Index Field 1</value></field_value><field_value id="700001212"/><field_value id="179"><value>AG530179d451e44e3b9f305171af5cb04e1</value></field_value><field_value id="700077902"/><field_value id="700077901"/><field_value id="700077900"/><field_value id="770000404"/><field_value id="770000403"/><field_value id="770000402"/><field_value id="700001046"/><field_value id="700000899"><value>na</value></field_value><field_value id="770000401"><value>1</value></field_value><field_value id="770000400"/><field_value id="700001043"/><field_value id="700000800"><value>KS4638d1b6dbdba4201b4682808da5dd9a3</value></field_value></entry><entry id="000000000001501"><field_value id="600000300"><value>KS_SRV_Helper Add Update Data</value></field_value><field_value id="600000043"/><field_value id="600000042"/><field_value id="700008060"><value>ID2331b6e931be2a627b883ec40316131e9</value></field_value><field_value id="700002400"/><field_value id="700073257"/><field_value id="700073251"><value>0</value></field_value><field_value id="700073250"><value>1</value></field_value><field_value id="8"><value>na</value></field_value><field_value id="7"><value>0</value></field_value><field_value id="6"><value>1379486386</value></field_value><field_value id="5"><value>Demo</value></field_value><field_value id="4"/><field_value id="3"><value>1379449127</value></field_value><field_value id="2"><value>Demo</value></field_value><field_value id="1"><value>000000000001501</value></field_value><field_value id="490000700"/><field_value id="600000091"/><field_value id="600000090"/><field_value id="700001953"/><field_value id="700000876"><value>na</value></field_value><field_value id="700000875"><value>&lt;FLD&gt;ListIndex Field ;KSe5205c6d1470a3b67098d442b5864fbfe&lt;/FLD&gt;</value></field_value><field_value id="700000874"><value>Inbound - Internal</value></field_value><field_value id="700000873"><value>&lt;FLD&gt;ListIndex Field ;KSe5205c6d1470a3b67098d442b5864fbfe&lt;/FLD&gt;</value></field_value><field_value id="700000872"><value>KS04f929e142b1b4ec365ab890fb21c7240</value></field_value><field_value id="700000871"><value>Index Field 2</value></field_value><field_value id="700001212"/><field_value id="179"><value>AG4322660e33cc21e850bf43ccf90aabc5b</value></field_value><field_value id="700077902"/><field_value id="700077901"/><field_value id="700077900"/><field_value id="770000404"/><field_value id="770000403"/><field_value id="770000402"/><field_value id="700001046"/><field_value id="700000899"><value>na</value></field_value><field_value id="770000401"><value>1</value></field_value><field_value id="770000400"/><field_value id="700001043"/><field_value id="700000800"><value>KS4638d1b6dbdba4201b4682808da5dd9a3</value></field_value></entry><entry id="000000000001502"><field_value id="600000300"><value>KS_SRV_Helper Add Update Data</value></field_value><field_value id="600000043"/><field_value id="600000042"/><field_value id="700008060"><value>ID08fe719fdd33573863949cfec214a0cd3</value></field_value><field_value id="700002400"/><field_value id="700073257"/><field_value id="700073251"><value>0</value></field_value><field_value id="700073250"><value>1</value></field_value><field_value id="8"><value>na</value></field_value><field_value id="7"><value>0</value></field_value><field_value id="6"><value>1379486374</value></field_value><field_value id="5"><value>Demo</value></field_value><field_value id="4"/><field_value id="3"><value>1379449245</value></field_value><field_value id="2"><value>Demo</value></field_value><field_value id="1"><value>000000000001502</value></field_value><field_value id="490000700"/><field_value id="600000091"/><field_value id="600000090"/><field_value id="700001953"/><field_value id="700000876"><value>na</value></field_value><field_value id="700000875"><value>&lt;FLD&gt;ListIndex Field ;KSbcfca33b8ef1a91d13577bd003b9b9f77&lt;/FLD&gt;</value></field_value><field_value id="700000874"><value>Inbound - Internal</value></field_value><field_value id="700000873"><value>&lt;FLD&gt;ListIndex Field ;KSbcfca33b8ef1a91d13577bd003b9b9f77&lt;/FLD&gt;</value></field_value><field_value id="700000872"><value>KS66d5de60c6b2f49ff16e46335e78a81a2</value></field_value><field_value id="700000871"><value>Index Field 3</value></field_value><field_value id="700001212"/><field_value id="179"><value>AG8c396738e9b09fec0be46455abbe19809</value></field_value><field_value id="700077902"/><field_value id="700077901"/><field_value id="700077900"/><field_value id="770000404"/><field_value id="770000403"/><field_value id="770000402"/><field_value id="700001046"/><field_value id="700000899"><value>na</value></field_value><field_value id="770000401"><value>1</value></field_value><field_value id="770000400"/><field_value id="700001043"/><field_value id="700000800"><value>KS4638d1b6dbdba4201b4682808da5dd9a3</value></field_value></entry></instance></xform></arsystem_xml_report>