<?xml version="1.0" encoding="UTF-8"?>
<arsystem_xml_report><xform id="KS_SRV_SurveyQuestionChoice" remedy="http://www.w3.org/2000/xforms"><instance><field-info><field><name>_Multi-Purpose12</name><id>600000101</id><type>CHAR</type></field><field><name>Label</name><id>700000820</id><type>CHAR</type></field><field><name>SurveyInstanceID</name><id>700000850</id><type>CHAR</type></field><field><name>Order</name><id>700000014</id><type>INTEGER</type></field><field><name>Score</name><id>700000013</id><type>INTEGER</type></field><field><name>_AuditContext</name><id>600001020</id><type>CHAR</type></field><field><name>Clone_SourceInstanceID</name><id>700001046</id><type>CHAR</type></field><field><name>_Multi-Purpose10</name><id>600000099</id><type>CHAR</type></field><field><name>_Multi-Purpose9</name><id>600000098</id><type>CHAR</type></field><field><name>Choice_Type</name><id>700000800</id><type>CHAR</type></field><field><name>_Multi-Purpose7</name><id>600000096</id><type>CHAR</type></field><field><name>_Multi-Purpose6</name><id>600000095</id><type>CHAR</type></field><field><name>_Multi-Purpose5</name><id>600000094</id><type>CHAR</type></field><field><name>_Multi-Purpose4</name><id>600000093</id><type>CHAR</type></field><field><name>_Multi-Purpose3</name><id>600000092</id><type>CHAR</type></field><field><name>_Multi-Purpose2</name><id>600000091</id><type>CHAR</type></field><field><name>instanceId</name><id>179</id><type>CHAR</type></field><field><name>_Multi-Purpose</name><id>600000090</id><type>CHAR</type></field><field><name>GenericChoice</name><id>600000820</id><type>ENUM</type></field><field><name>AssigneeGroup</name><id>112</id><type>CHAR</type></field><field><name>Application</name><id>700036000</id><type>CHAR</type></field><field><name>Short Description</name><id>8</id><type>CHAR</type></field><field><name>Value</name><id>700000810</id><type>CHAR</type></field><field><name>Status</name><id>7</id><type>ENUM</type></field><field><name>Modified Date</name><id>6</id><type>TIME</type></field><field><name>_ActionTwo</name><id>600000043</id><type>CHAR</type></field><field><name>Last Modified By</name><id>5</id><type>CHAR</type></field><field><name>Assigned To</name><id>4</id><type>CHAR</type></field><field><name>_ActionOne</name><id>600000042</id><type>CHAR</type></field><field><name>Create Date</name><id>3</id><type>TIME</type></field><field><name>Submitter</name><id>2</id><type>CHAR</type></field><field><name>Request ID</name><id>1</id><type>CHAR</type></field></field-info><entry id="000000000001003"><field_value id="600000101"/><field_value id="700000820"><value>Please Wait For Menu to Be Added</value></field_value><field_value id="700000850"><value>KS4638d1b6dbdba4201b4682808da5dd9a3</value></field_value><field_value id="700000014"><value>1</value></field_value><field_value id="700000013"><value>0</value></field_value><field_value id="600001020"/><field_value id="700001046"/><field_value id="600000099"/><field_value id="600000098"/><field_value id="700000800"><value>PleaseWait</value></field_value><field_value id="600000096"/><field_value id="600000095"/><field_value id="600000094"/><field_value id="600000093"/><field_value id="600000092"/><field_value id="600000091"/><field_value id="179"><value>KSdd066943137c66be65969ae6dfbbc16ab</value></field_value><field_value id="600000090"/><field_value id="600000820"/><field_value id="112"/><field_value id="700036000"><value>Kinetic Request</value></field_value><field_value id="8"><value>na</value></field_value><field_value id="700000810"><value>Please Wait For Menu to Be Added</value></field_value><field_value id="7"><value>0</value></field_value><field_value id="6"><value>1379014831</value></field_value><field_value id="600000043"/><field_value id="5"><value>Demo</value></field_value><field_value id="4"/><field_value id="600000042"/><field_value id="3"><value>1379014831</value></field_value><field_value id="2"><value>Demo</value></field_value><field_value id="1"><value>000000000001003</value></field_value></entry><entry id="000000000001004"><field_value id="600000101"/><field_value id="700000820"><value>Active</value></field_value><field_value id="700000850"><value>KS4638d1b6dbdba4201b4682808da5dd9a3</value></field_value><field_value id="700000014"><value>1</value></field_value><field_value id="700000013"><value>0</value></field_value><field_value id="600001020"/><field_value id="700001046"/><field_value id="600000099"/><field_value id="600000098"/><field_value id="700000800"><value>statusList</value></field_value><field_value id="600000096"/><field_value id="600000095"/><field_value id="600000094"/><field_value id="600000093"/><field_value id="600000092"/><field_value id="600000091"/><field_value id="179"><value>KS73052d2bcb604d35dbcf1457d073db666</value></field_value><field_value id="600000090"/><field_value id="600000820"/><field_value id="112"/><field_value id="700036000"><value>Kinetic Request</value></field_value><field_value id="8"><value>na</value></field_value><field_value id="700000810"><value>Active</value></field_value><field_value id="7"><value>0</value></field_value><field_value id="6"><value>1379014879</value></field_value><field_value id="600000043"/><field_value id="5"><value>Demo</value></field_value><field_value id="4"/><field_value id="600000042"/><field_value id="3"><value>1379014879</value></field_value><field_value id="2"><value>Demo</value></field_value><field_value id="1"><value>000000000001004</value></field_value></entry><entry id="000000000001005"><field_value id="600000101"/><field_value id="700000820"><value>Inactive</value></field_value><field_value id="700000850"><value>KS4638d1b6dbdba4201b4682808da5dd9a3</value></field_value><field_value id="700000014"><value>2</value></field_value><field_value id="700000013"><value>0</value></field_value><field_value id="600001020"/><field_value id="700001046"/><field_value id="600000099"/><field_value id="600000098"/><field_value id="700000800"><value>statusList</value></field_value><field_value id="600000096"/><field_value id="600000095"/><field_value id="600000094"/><field_value id="600000093"/><field_value id="600000092"/><field_value id="600000091"/><field_value id="179"><value>KS098bb15cf6f248d1025923af5ef7688c8</value></field_value><field_value id="600000090"/><field_value id="600000820"/><field_value id="112"/><field_value id="700036000"><value>Kinetic Request</value></field_value><field_value id="8"><value>na</value></field_value><field_value id="700000810"><value>Inactive</value></field_value><field_value id="7"><value>0</value></field_value><field_value id="6"><value>1379014879</value></field_value><field_value id="600000043"/><field_value id="5"><value>Demo</value></field_value><field_value id="4"/><field_value id="600000042"/><field_value id="3"><value>1379014879</value></field_value><field_value id="2"><value>Demo</value></field_value><field_value id="1"><value>000000000001005</value></field_value></entry><entry id="000000000001006"><field_value id="600000101"/><field_value id="700000820"><value>Delete</value></field_value><field_value id="700000850"><value>KS4638d1b6dbdba4201b4682808da5dd9a3</value></field_value><field_value id="700000014"><value>3</value></field_value><field_value id="700000013"><value>0</value></field_value><field_value id="600001020"/><field_value id="700001046"/><field_value id="600000099"/><field_value id="600000098"/><field_value id="700000800"><value>statusList</value></field_value><field_value id="600000096"/><field_value id="600000095"/><field_value id="600000094"/><field_value id="600000093"/><field_value id="600000092"/><field_value id="600000091"/><field_value id="179"><value>KS6155221ebd56ce062f8b2e99d6d7d7c45</value></field_value><field_value id="600000090"/><field_value id="600000820"/><field_value id="112"/><field_value id="700036000"><value>Kinetic Request</value></field_value><field_value id="8"><value>na</value></field_value><field_value id="700000810"><value>Delete</value></field_value><field_value id="7"><value>0</value></field_value><field_value id="6"><value>1379014879</value></field_value><field_value id="600000043"/><field_value id="5"><value>Demo</value></field_value><field_value id="4"/><field_value id="600000042"/><field_value id="3"><value>1379014879</value></field_value><field_value id="2"><value>Demo</value></field_value><field_value id="1"><value>000000000001006</value></field_value></entry></instance></xform></arsystem_xml_report>