<?xml version="1.0" encoding="UTF-8"?>
<arsystem_xml_report><xform id="KS_SRV_ContentEvents" remedy="http://www.w3.org/2000/xforms"><instance><field-info><field><name>Also require</name><id>700001682</id><type>ENUM</type></field><field><name>Parameters_Right</name><id>700001681</id><type>CHAR</type></field><field><name>Parameters_Left</name><id>700001680</id><type>CHAR</type></field><field><name>_Next</name><id>700001239</id><type>INTEGER</type></field><field><name>_DisplayedQualificationParams</name><id>536870916</id><type>CHAR</type></field><field><name>EventName</name><id>700001202</id><type>CHAR</type></field><field><name>_ActionTwo</name><id>600000043</id><type>CHAR</type></field><field><name>_ActionOne</name><id>600000042</id><type>CHAR</type></field><field><name>_Parameters_Left_Temp</name><id>770006505</id><type>CHAR</type></field><field><name>_SortOrderOffset</name><id>700002400</id><type>INTEGER</type></field><field><name>Dialog View Name</name><id>700004587</id><type>CHAR</type></field><field><name>Bridge_Resource Id</name><id>710060809</id><type>CHAR</type></field><field><name>Right Action Code</name><id>700004585</id><type>CHAR</type></field><field><name>Notes</name><id>770006500</id><type>CHAR</type></field><field><name>Left Action Code</name><id>700004584</id><type>CHAR</type></field><field><name>Type</name><id>700001000</id><type>ENUM</type></field><field><name>ClientSideEvent InstanceId</name><id>700004583</id><type>CHAR</type></field><field><name>_SortOrderField_ID</name><id>70000088</id><type>CHAR</type></field><field><name>Name</name><id>700004582</id><type>CHAR</type></field><field><name>_EventInstanceField_ID</name><id>700002304</id><type>CHAR</type></field><field><name>_ValueField_ID</name><id>70000087</id><type>CHAR</type></field><field><name>PageInstanceId</name><id>700002303</id><type>CHAR</type></field><field><name>AlertOnNoMatchMessage</name><id>770006407</id><type>CHAR</type></field><field><name>Sort_Order</name><id>700073250</id><type>INTEGER</type></field><field><name>_CurrentListValue</name><id>70000085</id><type>CHAR</type></field><field><name>AlertOnNoMatch</name><id>770006406</id><type>ENUM</type></field><field><name>Use_Data_Source</name><id>760001307</id><type>ENUM</type></field><field><name>NullOnNoMatch</name><id>770006405</id><type>ENUM</type></field><field><name>_FormID</name><id>70000083</id><type>CHAR</type></field><field><name>Short Description</name><id>8</id><type>CHAR</type></field><field><name>_ITemInstanceID_Field_ID</name><id>70000082</id><type>CHAR</type></field><field><name>Status</name><id>7</id><type>ENUM</type></field><field><name>Modified Date</name><id>6</id><type>TIME</type></field><field><name>Event_Status</name><id>770006401</id><type>ENUM</type></field><field><name>_label_attribute</name><id>760000803</id><type>CHAR</type></field><field><name>_Last</name><id>700002239</id><type>INTEGER</type></field><field><name>Last Modified By</name><id>5</id><type>CHAR</type></field><field><name>_value_attribute</name><id>760000802</id><type>CHAR</type></field><field><name>Assigned To</name><id>4</id><type>CHAR</type></field><field><name>Create Date</name><id>3</id><type>TIME</type></field><field><name>Submitter</name><id>2</id><type>CHAR</type></field><field><name>Request ID</name><id>1</id><type>CHAR</type></field><field><name>OperationID</name><id>490000700</id><type>CHAR</type></field><field><name>Action</name><id>700004642</id><type>CHAR</type></field><field><name>_Multi-Purpose</name><id>600000090</id><type>CHAR</type></field><field><name>Callback Handler</name><id>700001698</id><type>CHAR</type></field><field><name>Callback Element Id</name><id>700001697</id><type>CHAR</type></field><field><name>Confirmation Message</name><id>700001696</id><type>CHAR</type></field><field><name>_ItemAppliedSortOrder</name><id>700001056</id><type>INTEGER</type></field><field><name>Display Confirmation Dialog</name><id>700001695</id><type>ENUM</type></field><field><name>_ItemAppliedInstanceID</name><id>700001055</id><type>CHAR</type></field><field><name>UseGetEntry</name><id>700001691</id><type>ENUM</type></field><field><name>Event_Code</name><id>700001690</id><type>CHAR</type></field><field><name>QuestionInstanceID</name><id>700000230</id><type>CHAR</type></field><field><name>SortOrderChangeTo</name><id>700001212</id><type>INTEGER</type></field><field><name>instanceId</name><id>179</id><type>CHAR</type></field><field><name>Element_Type</name><id>700007000</id><type>ENUM</type></field><field><name>If_Expression_TableDisplay</name><id>700081207</id><type>CHAR</type></field><field><name>_Element_ID</name><id>700004955</id><type>CHAR</type></field><field><name>Parent_Element_Type</name><id>700081202</id><type>ENUM</type></field><field><name>SimpleDataRequest Instance ID</name><id>700004630</id><type>CHAR</type></field><field><name>Synchronous</name><id>700001687</id><type>ENUM</type></field><field><name>Timeout</name><id>700001686</id><type>INTEGER</type></field><field><name>Clone_SourceInstanceID</name><id>700001046</id><type>CHAR</type></field><field><name>If_Expression</name><id>700001685</id><type>CHAR</type></field><field><name>_OrigQuestionInstanceID</name><id>700001045</id><type>CHAR</type></field><field><name>FireChangeEvent</name><id>770000400</id><type>ENUM</type></field><field><name>_OrigSurveyInstanceID</name><id>700001044</id><type>CHAR</type></field><field><name>_ActionThree</name><id>700001043</id><type>CHAR</type></field><field><name>SurveyInstanceID</name><id>700000800</id><type>CHAR</type></field><field><name>Also make optional</name><id>700001683</id><type>ENUM</type></field></field-info><entry id="000000000001052"><field_value id="700001682"/><field_value id="700001681"><value>'AG81edc541255a46b9a5d7046f16c55bc80'</value></field_value><field_value id="700001680"/><field_value id="700001239"/><field_value id="536870916"/><field_value id="700001202"><value>load</value></field_value><field_value id="600000043"/><field_value id="600000042"/><field_value id="770006505"/><field_value id="700002400"/><field_value id="700004587"><value>List Fields</value></field_value><field_value id="710060809"/><field_value id="700004585"><value>KD.utils.Action._remove</value></field_value><field_value id="770006500"/><field_value id="700004584"><value>KD.utils.Action._insert</value></field_value><field_value id="700001000"/><field_value id="700004583"><value>AG000C29497A1AajalRQoBlGKg8hgA</value></field_value><field_value id="70000088"/><field_value id="700004582"><value>remove submit button</value></field_value><field_value id="700002304"/><field_value id="70000087"/><field_value id="700002303"><value>KSaeeff09ce0db8882f20dabcfc8a8c6ca2</value></field_value><field_value id="770006407"/><field_value id="700073250"><value>1</value></field_value><field_value id="70000085"/><field_value id="770006406"/><field_value id="760001307"/><field_value id="770006405"/><field_value id="70000083"/><field_value id="8"><value>na</value></field_value><field_value id="70000082"/><field_value id="7"><value>0</value></field_value><field_value id="6"><value>1379014823</value></field_value><field_value id="770006401"><value>0</value></field_value><field_value id="760000803"/><field_value id="700002239"/><field_value id="5"><value>Demo</value></field_value><field_value id="760000802"/><field_value id="4"/><field_value id="3"><value>1379014823</value></field_value><field_value id="2"><value>Demo</value></field_value><field_value id="1"><value>000000000001052</value></field_value><field_value id="490000700"/><field_value id="700004642"><value>Insert and Remove</value></field_value><field_value id="600000090"/><field_value id="700001698"/><field_value id="700001697"/><field_value id="700001696"><value>Are you sure?</value></field_value><field_value id="700001056"/><field_value id="700001695"/><field_value id="700001055"/><field_value id="700001691"/><field_value id="700001690"><value> 
KD.utils.Action._remove(window, new KD.utils.ClientAction({elementId:'KSaeeff09ce0db8882f20dabcfc8a8c6ca2', jsEvent:'load',action:KD.utils.Action._remove, ifExpr:'1==1', timeout:0, params:['AG81edc541255a46b9a5d7046f16c55bc80']}));</value></field_value><field_value id="700000230"><value>KSaeeff09ce0db8882f20dabcfc8a8c6ca2</value></field_value><field_value id="700001212"/><field_value id="179"><value>KSd75b4aa1677e491bfe7c439691f8860d4</value></field_value><field_value id="700007000"/><field_value id="700081207"><value>1==1</value></field_value><field_value id="700004955"/><field_value id="700081202"><value>0</value></field_value><field_value id="700004630"/><field_value id="700001687"/><field_value id="700001686"><value>0</value></field_value><field_value id="700001046"/><field_value id="700001685"><value>1==1</value></field_value><field_value id="700001045"/><field_value id="770000400"/><field_value id="700001044"/><field_value id="700001043"/><field_value id="700000800"><value>KS4638d1b6dbdba4201b4682808da5dd9a3</value></field_value><field_value id="700001683"/></entry><entry id="000000000001053"><field_value id="700001682"/><field_value id="700001681"/><field_value id="700001680"><value>loadAddUpdate();</value></field_value><field_value id="700001239"/><field_value id="536870916"/><field_value id="700001202"><value>load</value></field_value><field_value id="600000043"/><field_value id="600000042"/><field_value id="770006505"/><field_value id="700002400"/><field_value id="700004587"><value>Custom</value></field_value><field_value id="710060809"><value>KSa39aa03e59e703b4d081cf327c3c2d2f1</value></field_value><field_value id="700004585"/><field_value id="770006500"/><field_value id="700004584"><value>KD.utils.Action._customAction</value></field_value><field_value id="700001000"/><field_value id="700004583"><value>AG000C29497A1AuWClRQz13rKgcxoA</value></field_value><field_value id="70000088"/><field_value id="700004582"><value>load page</value></field_value><field_value id="700002304"/><field_value id="70000087"/><field_value id="700002303"><value>KSaeeff09ce0db8882f20dabcfc8a8c6ca2</value></field_value><field_value id="770006407"/><field_value id="700073250"><value>2</value></field_value><field_value id="70000085"/><field_value id="770006406"/><field_value id="760001307"><value>0</value></field_value><field_value id="770006405"/><field_value id="70000083"/><field_value id="8"><value>na</value></field_value><field_value id="70000082"/><field_value id="7"><value>0</value></field_value><field_value id="6"><value>1379014824</value></field_value><field_value id="770006401"><value>0</value></field_value><field_value id="760000803"/><field_value id="700002239"/><field_value id="5"><value>Demo</value></field_value><field_value id="760000802"/><field_value id="4"/><field_value id="3"><value>1379014824</value></field_value><field_value id="2"><value>Demo</value></field_value><field_value id="1"><value>000000000001053</value></field_value><field_value id="490000700"/><field_value id="700004642"><value>Custom</value></field_value><field_value id="600000090"/><field_value id="700001698"/><field_value id="700001697"/><field_value id="700001696"><value>Are you sure?</value></field_value><field_value id="700001056"/><field_value id="700001695"/><field_value id="700001055"/><field_value id="700001691"/><field_value id="700001690"><value>KD.utils.Action._customAction(window, new KD.utils.ClientAction({elementId:'KSaeeff09ce0db8882f20dabcfc8a8c6ca2', jsEvent:'load', source:'bridge', action:KD.utils.Action._customAction, ifExpr:'1==1', actionId:'KSa39aa03e59e703b4d081cf327c3c2d2f1', params:["loadAddUpdate();"]}));</value></field_value><field_value id="700000230"><value>KSaeeff09ce0db8882f20dabcfc8a8c6ca2</value></field_value><field_value id="700001212"/><field_value id="179"><value>KS5585fd2e58b2c768309d3762c05558761</value></field_value><field_value id="700007000"/><field_value id="700081207"><value>1==1</value></field_value><field_value id="700004955"/><field_value id="700081202"><value>0</value></field_value><field_value id="700004630"/><field_value id="700001687"/><field_value id="700001686"><value>0</value></field_value><field_value id="700001046"/><field_value id="700001685"><value>1==1</value></field_value><field_value id="700001045"/><field_value id="770000400"/><field_value id="700001044"/><field_value id="700001043"/><field_value id="700000800"><value>KS4638d1b6dbdba4201b4682808da5dd9a3</value></field_value><field_value id="700001683"/></entry><entry id="000000000001054"><field_value id="700001682"/><field_value id="700001681"/><field_value id="700001680"/><field_value id="700001239"/><field_value id="536870916"/><field_value id="700001202"><value>change</value></field_value><field_value id="600000043"/><field_value id="600000042"/><field_value id="770006505"/><field_value id="700002400"/><field_value id="700004587"><value>Custom</value></field_value><field_value id="710060809"><value>KS223ba721c0d9b831df9979745eb214a46</value></field_value><field_value id="700004585"/><field_value id="770006500"/><field_value id="700004584"><value>KD.utils.Action._customAction</value></field_value><field_value id="700001000"/><field_value id="700004583"><value>AG000C29497A1AuWClRQz13rKgcxoA</value></field_value><field_value id="70000088"/><field_value id="700004582"><value>Expose helper bridge</value></field_value><field_value id="700002304"/><field_value id="70000087"/><field_value id="700002303"><value>KSaeeff09ce0db8882f20dabcfc8a8c6ca2</value></field_value><field_value id="770006407"/><field_value id="700073250"><value>1</value></field_value><field_value id="70000085"/><field_value id="770006406"/><field_value id="760001307"><value>0</value></field_value><field_value id="770006405"/><field_value id="70000083"/><field_value id="8"><value>na</value></field_value><field_value id="70000082"/><field_value id="7"><value>0</value></field_value><field_value id="6"><value>1386140802</value></field_value><field_value id="770006401"><value>0</value></field_value><field_value id="760000803"/><field_value id="700002239"/><field_value id="5"><value>Demo</value></field_value><field_value id="760000802"/><field_value id="4"/><field_value id="3"><value>1379014826</value></field_value><field_value id="2"><value>Demo</value></field_value><field_value id="1"><value>000000000001054</value></field_value><field_value id="490000700"/><field_value id="700004642"><value>Custom</value></field_value><field_value id="600000090"/><field_value id="700001698"/><field_value id="700001697"/><field_value id="700001696"><value>Are you sure?</value></field_value><field_value id="700001056"/><field_value id="700001695"/><field_value id="700001055"/><field_value id="700001691"/><field_value id="700001690"><value>clientManager.addAction(new KD.utils.ClientAction({elementId:'KSaa961cf7440b83c28d3a94ea0b60639ec', jsEvent:'change', source:'bridge', action:KD.utils.Action._customAction, ifExpr:'1==1', actionId:'KS223ba721c0d9b831df9979745eb214a46', params:''}));</value></field_value><field_value id="700000230"><value>KSaa961cf7440b83c28d3a94ea0b60639ec</value></field_value><field_value id="700001212"/><field_value id="179"><value>KS8b51d590cefa01e2872fef1f79fed0b3a</value></field_value><field_value id="700007000"/><field_value id="700081207"><value>1==1</value></field_value><field_value id="700004955"/><field_value id="700081202"/><field_value id="700004630"/><field_value id="700001687"/><field_value id="700001686"><value>0</value></field_value><field_value id="700001046"/><field_value id="700001685"><value>1==1</value></field_value><field_value id="700001045"/><field_value id="770000400"/><field_value id="700001044"/><field_value id="700001043"/><field_value id="700000800"><value>KS4638d1b6dbdba4201b4682808da5dd9a3</value></field_value><field_value id="700001683"/></entry><entry id="000000000001055"><field_value id="700001682"/><field_value id="700001681"/><field_value id="700001680"><value>"KSe3bf7af18f434960be1d064f416343775":{"KSe3bf7af18f434960be1d064f416343775":"&lt;FLD&gt;ListCharacter Fi;KS8a67089aa6203b39b2ef4129c51cd0dc2&lt;/FLD&gt; ","visible":"","sort_order":"1","table_label":"","fire":"false"}</value></field_value><field_value id="700001239"/><field_value id="536870916"/><field_value id="700001202"><value>change</value></field_value><field_value id="600000043"/><field_value id="600000042"/><field_value id="770006505"/><field_value id="700002400"/><field_value id="700004587"><value>Set Fields - Internal</value></field_value><field_value id="710060809"/><field_value id="700004585"/><field_value id="770006500"/><field_value id="700004584"><value>KD.utils.Action._setInternalFieldValues</value></field_value><field_value id="700001000"/><field_value id="700004583"><value>AG000C29497A1A4FTHRQNkmSFA1RAA</value></field_value><field_value id="70000088"/><field_value id="700004582"><value>Set Character Value</value></field_value><field_value id="700002304"/><field_value id="70000087"/><field_value id="700002303"><value>KSaeeff09ce0db8882f20dabcfc8a8c6ca2</value></field_value><field_value id="770006407"/><field_value id="700073250"><value>1</value></field_value><field_value id="70000085"/><field_value id="770006406"/><field_value id="760001307"/><field_value id="770006405"/><field_value id="70000083"/><field_value id="8"><value>na</value></field_value><field_value id="70000082"/><field_value id="7"><value>0</value></field_value><field_value id="6"><value>1379486430</value></field_value><field_value id="770006401"><value>0</value></field_value><field_value id="760000803"/><field_value id="700002239"/><field_value id="5"><value>Demo</value></field_value><field_value id="760000802"/><field_value id="4"/><field_value id="3"><value>1379014832</value></field_value><field_value id="2"><value>Demo</value></field_value><field_value id="1"><value>000000000001055</value></field_value><field_value id="490000700"><value>ID00505696001CGc83Ug3DFvDAHa4H</value></field_value><field_value id="700004642"><value>Set Fields - Internal</value></field_value><field_value id="600000090"/><field_value id="700001698"/><field_value id="700001697"/><field_value id="700001696"><value>Are you sure?</value></field_value><field_value id="700001056"/><field_value id="700001695"/><field_value id="700001055"/><field_value id="700001691"/><field_value id="700001690"><value>clientManager.addAction(new KD.utils.ClientAction({elementId:'KS8a67089aa6203b39b2ef4129c51cd0dc2', jsEvent:'change', source:'', action:KD.utils.Action._setInternalFieldValues, ifExpr:'1==1', actionId:'', synchronous:false, timeout:0, params:[[],'{"SetFields":[{"KSe3bf7af18f434960be1d064f416343775":{"KSe3bf7af18f434960be1d064f416343775":"&lt;FLD&gt;ListCharacter Fi;KS8a67089aa6203b39b2ef4129c51cd0dc2&lt;/FLD&gt; ","visible":"","sort_order":"1","table_label":"","fire":"false"}}]}']}));</value></field_value><field_value id="700000230"><value>KS8a67089aa6203b39b2ef4129c51cd0dc2</value></field_value><field_value id="700001212"/><field_value id="179"><value>KS101e045769ec75c035344ac46153fd3cd</value></field_value><field_value id="700007000"/><field_value id="700081207"><value>1==1</value></field_value><field_value id="700004955"/><field_value id="700081202"/><field_value id="700004630"/><field_value id="700001687"/><field_value id="700001686"><value>0</value></field_value><field_value id="700001046"/><field_value id="700001685"><value>1==1</value></field_value><field_value id="700001045"/><field_value id="770000400"/><field_value id="700001044"/><field_value id="700001043"/><field_value id="700000800"><value>KS4638d1b6dbdba4201b4682808da5dd9a3</value></field_value><field_value id="700001683"/></entry><entry id="000000000001056"><field_value id="700001682"/><field_value id="700001681"/><field_value id="700001680"><value>"KSc8a637c27faa00abf74f4d413386481e8":{"KSc8a637c27faa00abf74f4d413386481e8":"&lt;FLD&gt;ListCharacter Fi;KS4c8305cf027370bf16b7685dc4eb20a40&lt;/FLD&gt; ","visible":"","sort_order":"1","table_label":"","fire":"false"}</value></field_value><field_value id="700001239"/><field_value id="536870916"/><field_value id="700001202"><value>change</value></field_value><field_value id="600000043"/><field_value id="600000042"/><field_value id="770006505"/><field_value id="700002400"/><field_value id="700004587"><value>Set Fields - Internal</value></field_value><field_value id="710060809"/><field_value id="700004585"/><field_value id="770006500"/><field_value id="700004584"><value>KD.utils.Action._setInternalFieldValues</value></field_value><field_value id="700001000"/><field_value id="700004583"><value>AG000C29497A1A4FTHRQNkmSFA1RAA</value></field_value><field_value id="70000088"/><field_value id="700004582"><value>Set Character Value</value></field_value><field_value id="700002304"/><field_value id="70000087"/><field_value id="700002303"><value>KSaeeff09ce0db8882f20dabcfc8a8c6ca2</value></field_value><field_value id="770006407"/><field_value id="700073250"><value>1</value></field_value><field_value id="70000085"/><field_value id="770006406"/><field_value id="760001307"/><field_value id="770006405"/><field_value id="70000083"/><field_value id="8"><value>na</value></field_value><field_value id="70000082"/><field_value id="7"><value>0</value></field_value><field_value id="6"><value>1379486441</value></field_value><field_value id="770006401"><value>0</value></field_value><field_value id="760000803"/><field_value id="700002239"/><field_value id="5"><value>Demo</value></field_value><field_value id="760000802"/><field_value id="4"/><field_value id="3"><value>1379014834</value></field_value><field_value id="2"><value>Demo</value></field_value><field_value id="1"><value>000000000001056</value></field_value><field_value id="490000700"><value>ID00505696001CMc83UgnY1vDAba4H</value></field_value><field_value id="700004642"><value>Set Fields - Internal</value></field_value><field_value id="600000090"/><field_value id="700001698"/><field_value id="700001697"/><field_value id="700001696"><value>Are you sure?</value></field_value><field_value id="700001056"/><field_value id="700001695"/><field_value id="700001055"/><field_value id="700001691"/><field_value id="700001690"><value>clientManager.addAction(new KD.utils.ClientAction({elementId:'KS4c8305cf027370bf16b7685dc4eb20a40', jsEvent:'change', source:'', action:KD.utils.Action._setInternalFieldValues, ifExpr:'1==1', actionId:'', synchronous:false, timeout:0, params:[[],'{"SetFields":[{"KSc8a637c27faa00abf74f4d413386481e8":{"KSc8a637c27faa00abf74f4d413386481e8":"&lt;FLD&gt;ListCharacter Fi;KS4c8305cf027370bf16b7685dc4eb20a40&lt;/FLD&gt; ","visible":"","sort_order":"1","table_label":"","fire":"false"}}]}']}));</value></field_value><field_value id="700000230"><value>KS4c8305cf027370bf16b7685dc4eb20a40</value></field_value><field_value id="700001212"/><field_value id="179"><value>KSbfeca304227f44dda62753150e204c3e2</value></field_value><field_value id="700007000"/><field_value id="700081207"><value>1==1</value></field_value><field_value id="700004955"/><field_value id="700081202"/><field_value id="700004630"/><field_value id="700001687"/><field_value id="700001686"><value>0</value></field_value><field_value id="700001046"/><field_value id="700001685"><value>1==1</value></field_value><field_value id="700001045"/><field_value id="770000400"/><field_value id="700001044"/><field_value id="700001043"/><field_value id="700000800"><value>KS4638d1b6dbdba4201b4682808da5dd9a3</value></field_value><field_value id="700001683"/></entry><entry id="000000000001057"><field_value id="700001682"/><field_value id="700001681"/><field_value id="700001680"><value>"KS9540f89570b968ca621b3d98aa72de366":{"KS9540f89570b968ca621b3d98aa72de366":"&lt;FLD&gt;ListCharacter Fi;KSe319378136e8fdd5d745d77a198d578e0&lt;/FLD&gt; ","visible":"","sort_order":"1","table_label":"","fire":"false"}</value></field_value><field_value id="700001239"/><field_value id="536870916"/><field_value id="700001202"><value>change</value></field_value><field_value id="600000043"/><field_value id="600000042"/><field_value id="770006505"/><field_value id="700002400"/><field_value id="700004587"><value>Set Fields - Internal</value></field_value><field_value id="710060809"/><field_value id="700004585"/><field_value id="770006500"/><field_value id="700004584"><value>KD.utils.Action._setInternalFieldValues</value></field_value><field_value id="700001000"/><field_value id="700004583"><value>AG000C29497A1A4FTHRQNkmSFA1RAA</value></field_value><field_value id="70000088"/><field_value id="700004582"><value>Set Character Value</value></field_value><field_value id="700002304"/><field_value id="70000087"/><field_value id="700002303"><value>KSaeeff09ce0db8882f20dabcfc8a8c6ca2</value></field_value><field_value id="770006407"/><field_value id="700073250"><value>1</value></field_value><field_value id="70000085"/><field_value id="770006406"/><field_value id="760001307"/><field_value id="770006405"/><field_value id="70000083"/><field_value id="8"><value>na</value></field_value><field_value id="70000082"/><field_value id="7"><value>0</value></field_value><field_value id="6"><value>1379486453</value></field_value><field_value id="770006401"><value>0</value></field_value><field_value id="760000803"/><field_value id="700002239"/><field_value id="5"><value>Demo</value></field_value><field_value id="760000802"/><field_value id="4"/><field_value id="3"><value>1379014836</value></field_value><field_value id="2"><value>Demo</value></field_value><field_value id="1"><value>000000000001057</value></field_value><field_value id="490000700"><value>ID00505696001CPM83Ug8LtvDAn64H</value></field_value><field_value id="700004642"><value>Set Fields - Internal</value></field_value><field_value id="600000090"/><field_value id="700001698"/><field_value id="700001697"/><field_value id="700001696"><value>Are you sure?</value></field_value><field_value id="700001056"/><field_value id="700001695"/><field_value id="700001055"/><field_value id="700001691"/><field_value id="700001690"><value>clientManager.addAction(new KD.utils.ClientAction({elementId:'KSe319378136e8fdd5d745d77a198d578e0', jsEvent:'change', source:'', action:KD.utils.Action._setInternalFieldValues, ifExpr:'1==1', actionId:'', synchronous:false, timeout:0, params:[[],'{"SetFields":[{"KS9540f89570b968ca621b3d98aa72de366":{"KS9540f89570b968ca621b3d98aa72de366":"&lt;FLD&gt;ListCharacter Fi;KSe319378136e8fdd5d745d77a198d578e0&lt;/FLD&gt; ","visible":"","sort_order":"1","table_label":"","fire":"false"}}]}']}));</value></field_value><field_value id="700000230"><value>KSe319378136e8fdd5d745d77a198d578e0</value></field_value><field_value id="700001212"/><field_value id="179"><value>KS493ae771184373f5736339da774ae452d</value></field_value><field_value id="700007000"/><field_value id="700081207"><value>1==1</value></field_value><field_value id="700004955"/><field_value id="700081202"/><field_value id="700004630"/><field_value id="700001687"/><field_value id="700001686"><value>0</value></field_value><field_value id="700001046"/><field_value id="700001685"><value>1==1</value></field_value><field_value id="700001045"/><field_value id="770000400"/><field_value id="700001044"/><field_value id="700001043"/><field_value id="700000800"><value>KS4638d1b6dbdba4201b4682808da5dd9a3</value></field_value><field_value id="700001683"/></entry><entry id="000000000001058"><field_value id="700001682"/><field_value id="700001681"/><field_value id="700001680"><value>"KSdafda457e54d0580985e8ac7d1913cbff":{"KSdafda457e54d0580985e8ac7d1913cbff":"&lt;FLD&gt;ListCharacter Fi;KSe4b5c6ddb9a257d69b8800eb2308b672f&lt;/FLD&gt; ","visible":"","sort_order":"1","table_label":"","fire":"false"}</value></field_value><field_value id="700001239"/><field_value id="536870916"/><field_value id="700001202"><value>change</value></field_value><field_value id="600000043"/><field_value id="600000042"/><field_value id="770006505"/><field_value id="700002400"/><field_value id="700004587"><value>Set Fields - Internal</value></field_value><field_value id="710060809"/><field_value id="700004585"/><field_value id="770006500"/><field_value id="700004584"><value>KD.utils.Action._setInternalFieldValues</value></field_value><field_value id="700001000"/><field_value id="700004583"><value>AG000C29497A1A4FTHRQNkmSFA1RAA</value></field_value><field_value id="70000088"/><field_value id="700004582"><value>Set Character Value</value></field_value><field_value id="700002304"/><field_value id="70000087"/><field_value id="700002303"><value>KSaeeff09ce0db8882f20dabcfc8a8c6ca2</value></field_value><field_value id="770006407"/><field_value id="700073250"><value>1</value></field_value><field_value id="70000085"/><field_value id="770006406"/><field_value id="760001307"/><field_value id="770006405"/><field_value id="70000083"/><field_value id="8"><value>na</value></field_value><field_value id="70000082"/><field_value id="7"><value>0</value></field_value><field_value id="6"><value>1379486464</value></field_value><field_value id="770006401"><value>0</value></field_value><field_value id="760000803"/><field_value id="700002239"/><field_value id="5"><value>Demo</value></field_value><field_value id="760000802"/><field_value id="4"/><field_value id="3"><value>1379014838</value></field_value><field_value id="2"><value>Demo</value></field_value><field_value id="1"><value>000000000001058</value></field_value><field_value id="490000700"><value>ID00505696001CR883Ug7uZvDA0K4H</value></field_value><field_value id="700004642"><value>Set Fields - Internal</value></field_value><field_value id="600000090"/><field_value id="700001698"/><field_value id="700001697"/><field_value id="700001696"><value>Are you sure?</value></field_value><field_value id="700001056"/><field_value id="700001695"/><field_value id="700001055"/><field_value id="700001691"/><field_value id="700001690"><value>clientManager.addAction(new KD.utils.ClientAction({elementId:'KSe4b5c6ddb9a257d69b8800eb2308b672f', jsEvent:'change', source:'', action:KD.utils.Action._setInternalFieldValues, ifExpr:'1==1', actionId:'', synchronous:false, timeout:0, params:[[],'{"SetFields":[{"KSdafda457e54d0580985e8ac7d1913cbff":{"KSdafda457e54d0580985e8ac7d1913cbff":"&lt;FLD&gt;ListCharacter Fi;KSe4b5c6ddb9a257d69b8800eb2308b672f&lt;/FLD&gt; ","visible":"","sort_order":"1","table_label":"","fire":"false"}}]}']}));</value></field_value><field_value id="700000230"><value>KSe4b5c6ddb9a257d69b8800eb2308b672f</value></field_value><field_value id="700001212"/><field_value id="179"><value>KS6d58cbd1a42d9371166b8ea203c8891b0</value></field_value><field_value id="700007000"/><field_value id="700081207"><value>1==1</value></field_value><field_value id="700004955"/><field_value id="700081202"/><field_value id="700004630"/><field_value id="700001687"/><field_value id="700001686"><value>0</value></field_value><field_value id="700001046"/><field_value id="700001685"><value>1==1</value></field_value><field_value id="700001045"/><field_value id="770000400"/><field_value id="700001044"/><field_value id="700001043"/><field_value id="700000800"><value>KS4638d1b6dbdba4201b4682808da5dd9a3</value></field_value><field_value id="700001683"/></entry><entry id="000000000001059"><field_value id="700001682"/><field_value id="700001681"/><field_value id="700001680"><value>"KSc0a94869f6df9c328b2854a066fbd43bd":{"KSc0a94869f6df9c328b2854a066fbd43bd":"&lt;FLD&gt;ListCharacter Fi;KS98dee21786c18846b9b9d8e1540bbd036&lt;/FLD&gt; ","visible":"","sort_order":"1","table_label":"","fire":"false"}</value></field_value><field_value id="700001239"/><field_value id="536870916"/><field_value id="700001202"><value>change</value></field_value><field_value id="600000043"/><field_value id="600000042"/><field_value id="770006505"/><field_value id="700002400"/><field_value id="700004587"><value>Set Fields - Internal</value></field_value><field_value id="710060809"/><field_value id="700004585"/><field_value id="770006500"/><field_value id="700004584"><value>KD.utils.Action._setInternalFieldValues</value></field_value><field_value id="700001000"/><field_value id="700004583"><value>AG000C29497A1A4FTHRQNkmSFA1RAA</value></field_value><field_value id="70000088"/><field_value id="700004582"><value>Set Character Value</value></field_value><field_value id="700002304"/><field_value id="70000087"/><field_value id="700002303"><value>KSaeeff09ce0db8882f20dabcfc8a8c6ca2</value></field_value><field_value id="770006407"/><field_value id="700073250"><value>1</value></field_value><field_value id="70000085"/><field_value id="770006406"/><field_value id="760001307"/><field_value id="770006405"/><field_value id="70000083"/><field_value id="8"><value>na</value></field_value><field_value id="70000082"/><field_value id="7"><value>0</value></field_value><field_value id="6"><value>1379486473</value></field_value><field_value id="770006401"><value>0</value></field_value><field_value id="760000803"/><field_value id="700002239"/><field_value id="5"><value>Demo</value></field_value><field_value id="760000802"/><field_value id="4"/><field_value id="3"><value>1379014840</value></field_value><field_value id="2"><value>Demo</value></field_value><field_value id="1"><value>000000000001059</value></field_value><field_value id="490000700"><value>ID00505696001CUs83UgIxBwDA_64H</value></field_value><field_value id="700004642"><value>Set Fields - Internal</value></field_value><field_value id="600000090"/><field_value id="700001698"/><field_value id="700001697"/><field_value id="700001696"><value>Are you sure?</value></field_value><field_value id="700001056"/><field_value id="700001695"/><field_value id="700001055"/><field_value id="700001691"/><field_value id="700001690"><value>clientManager.addAction(new KD.utils.ClientAction({elementId:'KS98dee21786c18846b9b9d8e1540bbd036', jsEvent:'change', source:'', action:KD.utils.Action._setInternalFieldValues, ifExpr:'1==1', actionId:'', synchronous:false, timeout:0, params:[[],'{"SetFields":[{"KSc0a94869f6df9c328b2854a066fbd43bd":{"KSc0a94869f6df9c328b2854a066fbd43bd":"&lt;FLD&gt;ListCharacter Fi;KS98dee21786c18846b9b9d8e1540bbd036&lt;/FLD&gt; ","visible":"","sort_order":"1","table_label":"","fire":"false"}}]}']}));</value></field_value><field_value id="700000230"><value>KS98dee21786c18846b9b9d8e1540bbd036</value></field_value><field_value id="700001212"/><field_value id="179"><value>KS704af068558f201e9dbd77f24f7de1358</value></field_value><field_value id="700007000"/><field_value id="700081207"><value>1==1</value></field_value><field_value id="700004955"/><field_value id="700081202"/><field_value id="700004630"/><field_value id="700001687"/><field_value id="700001686"><value>0</value></field_value><field_value id="700001046"/><field_value id="700001685"><value>1==1</value></field_value><field_value id="700001045"/><field_value id="770000400"/><field_value id="700001044"/><field_value id="700001043"/><field_value id="700000800"><value>KS4638d1b6dbdba4201b4682808da5dd9a3</value></field_value><field_value id="700001683"/></entry><entry id="000000000001060"><field_value id="700001682"/><field_value id="700001681"/><field_value id="700001680"><value>"KS30a98f5284d6fa30b675719a83c2a7b3b":{"KS30a98f5284d6fa30b675719a83c2a7b3b":"&lt;FLD&gt;ListCharacter Fi;KS9a4049d2c3a2f374e3ca0f06e7a58b431&lt;/FLD&gt; ","visible":"","sort_order":"1","table_label":"","fire":"false"}</value></field_value><field_value id="700001239"/><field_value id="536870916"/><field_value id="700001202"><value>change</value></field_value><field_value id="600000043"/><field_value id="600000042"/><field_value id="770006505"/><field_value id="700002400"/><field_value id="700004587"><value>Set Fields - Internal</value></field_value><field_value id="710060809"/><field_value id="700004585"/><field_value id="770006500"/><field_value id="700004584"><value>KD.utils.Action._setInternalFieldValues</value></field_value><field_value id="700001000"/><field_value id="700004583"><value>AG000C29497A1A4FTHRQNkmSFA1RAA</value></field_value><field_value id="70000088"/><field_value id="700004582"><value>Set Character Value</value></field_value><field_value id="700002304"/><field_value id="70000087"/><field_value id="700002303"><value>KSaeeff09ce0db8882f20dabcfc8a8c6ca2</value></field_value><field_value id="770006407"/><field_value id="700073250"><value>1</value></field_value><field_value id="70000085"/><field_value id="770006406"/><field_value id="760001307"/><field_value id="770006405"/><field_value id="70000083"/><field_value id="8"><value>na</value></field_value><field_value id="70000082"/><field_value id="7"><value>0</value></field_value><field_value id="6"><value>1379486484</value></field_value><field_value id="770006401"><value>0</value></field_value><field_value id="760000803"/><field_value id="700002239"/><field_value id="5"><value>Demo</value></field_value><field_value id="760000802"/><field_value id="4"/><field_value id="3"><value>1379014842</value></field_value><field_value id="2"><value>Demo</value></field_value><field_value id="1"><value>000000000001060</value></field_value><field_value id="490000700"><value>ID00505696001CXM83UgQjdwDALa8H</value></field_value><field_value id="700004642"><value>Set Fields - Internal</value></field_value><field_value id="600000090"/><field_value id="700001698"/><field_value id="700001697"/><field_value id="700001696"><value>Are you sure?</value></field_value><field_value id="700001056"/><field_value id="700001695"/><field_value id="700001055"/><field_value id="700001691"/><field_value id="700001690"><value>clientManager.addAction(new KD.utils.ClientAction({elementId:'KS9a4049d2c3a2f374e3ca0f06e7a58b431', jsEvent:'change', source:'', action:KD.utils.Action._setInternalFieldValues, ifExpr:'1==1', actionId:'', synchronous:false, timeout:0, params:[[],'{"SetFields":[{"KS30a98f5284d6fa30b675719a83c2a7b3b":{"KS30a98f5284d6fa30b675719a83c2a7b3b":"&lt;FLD&gt;ListCharacter Fi;KS9a4049d2c3a2f374e3ca0f06e7a58b431&lt;/FLD&gt; ","visible":"","sort_order":"1","table_label":"","fire":"false"}}]}']}));</value></field_value><field_value id="700000230"><value>KS9a4049d2c3a2f374e3ca0f06e7a58b431</value></field_value><field_value id="700001212"/><field_value id="179"><value>KSb383251cd6142984b0ec388f7202d63b4</value></field_value><field_value id="700007000"/><field_value id="700081207"><value>1==1</value></field_value><field_value id="700004955"/><field_value id="700081202"/><field_value id="700004630"/><field_value id="700001687"/><field_value id="700001686"><value>0</value></field_value><field_value id="700001046"/><field_value id="700001685"><value>1==1</value></field_value><field_value id="700001045"/><field_value id="770000400"/><field_value id="700001044"/><field_value id="700001043"/><field_value id="700000800"><value>KS4638d1b6dbdba4201b4682808da5dd9a3</value></field_value><field_value id="700001683"/></entry><entry id="000000000001061"><field_value id="700001682"/><field_value id="700001681"/><field_value id="700001680"><value>"KS665024847c3414b52204d15843dd7eed9":{"KS665024847c3414b52204d15843dd7eed9":"&lt;FLD&gt;ListCharacter Fi;KSd95dcf01877efe04ecea0feee13c0dc3f&lt;/FLD&gt; ","visible":"","sort_order":"1","table_label":"","fire":"false"}</value></field_value><field_value id="700001239"/><field_value id="536870916"/><field_value id="700001202"><value>change</value></field_value><field_value id="600000043"/><field_value id="600000042"/><field_value id="770006505"/><field_value id="700002400"/><field_value id="700004587"><value>Set Fields - Internal</value></field_value><field_value id="710060809"/><field_value id="700004585"/><field_value id="770006500"/><field_value id="700004584"><value>KD.utils.Action._setInternalFieldValues</value></field_value><field_value id="700001000"/><field_value id="700004583"><value>AG000C29497A1A4FTHRQNkmSFA1RAA</value></field_value><field_value id="70000088"/><field_value id="700004582"><value>Set Character Value</value></field_value><field_value id="700002304"/><field_value id="70000087"/><field_value id="700002303"><value>KSaeeff09ce0db8882f20dabcfc8a8c6ca2</value></field_value><field_value id="770006407"/><field_value id="700073250"><value>1</value></field_value><field_value id="70000085"/><field_value id="770006406"/><field_value id="760001307"/><field_value id="770006405"/><field_value id="70000083"/><field_value id="8"><value>na</value></field_value><field_value id="70000082"/><field_value id="7"><value>0</value></field_value><field_value id="6"><value>1379486494</value></field_value><field_value id="770006401"><value>0</value></field_value><field_value id="760000803"/><field_value id="700002239"/><field_value id="5"><value>Demo</value></field_value><field_value id="760000802"/><field_value id="4"/><field_value id="3"><value>1379014844</value></field_value><field_value id="2"><value>Demo</value></field_value><field_value id="1"><value>000000000001061</value></field_value><field_value id="490000700"><value>ID00505696001CZs83UgJGBwDAYa8H</value></field_value><field_value id="700004642"><value>Set Fields - Internal</value></field_value><field_value id="600000090"/><field_value id="700001698"/><field_value id="700001697"/><field_value id="700001696"><value>Are you sure?</value></field_value><field_value id="700001056"/><field_value id="700001695"/><field_value id="700001055"/><field_value id="700001691"/><field_value id="700001690"><value>clientManager.addAction(new KD.utils.ClientAction({elementId:'KSd95dcf01877efe04ecea0feee13c0dc3f', jsEvent:'change', source:'', action:KD.utils.Action._setInternalFieldValues, ifExpr:'1==1', actionId:'', synchronous:false, timeout:0, params:[[],'{"SetFields":[{"KS665024847c3414b52204d15843dd7eed9":{"KS665024847c3414b52204d15843dd7eed9":"&lt;FLD&gt;ListCharacter Fi;KSd95dcf01877efe04ecea0feee13c0dc3f&lt;/FLD&gt; ","visible":"","sort_order":"1","table_label":"","fire":"false"}}]}']}));</value></field_value><field_value id="700000230"><value>KSd95dcf01877efe04ecea0feee13c0dc3f</value></field_value><field_value id="700001212"/><field_value id="179"><value>KSb3ec391f5396518b5a2be3a6fd0904d9c</value></field_value><field_value id="700007000"/><field_value id="700081207"><value>1==1</value></field_value><field_value id="700004955"/><field_value id="700081202"/><field_value id="700004630"/><field_value id="700001687"/><field_value id="700001686"><value>0</value></field_value><field_value id="700001046"/><field_value id="700001685"><value>1==1</value></field_value><field_value id="700001045"/><field_value id="770000400"/><field_value id="700001044"/><field_value id="700001043"/><field_value id="700000800"><value>KS4638d1b6dbdba4201b4682808da5dd9a3</value></field_value><field_value id="700001683"/></entry><entry id="000000000001062"><field_value id="700001682"/><field_value id="700001681"/><field_value id="700001680"><value>"KS7d8bf0b2689179e950acc4057c1c8e575":{"KS7d8bf0b2689179e950acc4057c1c8e575":"&lt;FLD&gt;ListCharacter Fi;KSb6ccb01b7d990e5960583b25e5f8bc2b9&lt;/FLD&gt; ","visible":"","sort_order":"1","table_label":"","fire":"false"}</value></field_value><field_value id="700001239"/><field_value id="536870916"/><field_value id="700001202"><value>change</value></field_value><field_value id="600000043"/><field_value id="600000042"/><field_value id="770006505"/><field_value id="700002400"/><field_value id="700004587"><value>Set Fields - Internal</value></field_value><field_value id="710060809"/><field_value id="700004585"/><field_value id="770006500"/><field_value id="700004584"><value>KD.utils.Action._setInternalFieldValues</value></field_value><field_value id="700001000"/><field_value id="700004583"><value>AG000C29497A1A4FTHRQNkmSFA1RAA</value></field_value><field_value id="70000088"/><field_value id="700004582"><value>Set Character Value</value></field_value><field_value id="700002304"/><field_value id="70000087"/><field_value id="700002303"><value>KSaeeff09ce0db8882f20dabcfc8a8c6ca2</value></field_value><field_value id="770006407"/><field_value id="700073250"><value>1</value></field_value><field_value id="70000085"/><field_value id="770006406"/><field_value id="760001307"/><field_value id="770006405"/><field_value id="70000083"/><field_value id="8"><value>na</value></field_value><field_value id="70000082"/><field_value id="7"><value>0</value></field_value><field_value id="6"><value>1379486505</value></field_value><field_value id="770006401"><value>0</value></field_value><field_value id="760000803"/><field_value id="700002239"/><field_value id="5"><value>Demo</value></field_value><field_value id="760000802"/><field_value id="4"/><field_value id="3"><value>1379014846</value></field_value><field_value id="2"><value>Demo</value></field_value><field_value id="1"><value>000000000001062</value></field_value><field_value id="490000700"><value>ID00505696001Ccc83UgLohwDArK8H</value></field_value><field_value id="700004642"><value>Set Fields - Internal</value></field_value><field_value id="600000090"/><field_value id="700001698"/><field_value id="700001697"/><field_value id="700001696"><value>Are you sure?</value></field_value><field_value id="700001056"/><field_value id="700001695"/><field_value id="700001055"/><field_value id="700001691"/><field_value id="700001690"><value>clientManager.addAction(new KD.utils.ClientAction({elementId:'KSb6ccb01b7d990e5960583b25e5f8bc2b9', jsEvent:'change', source:'', action:KD.utils.Action._setInternalFieldValues, ifExpr:'1==1', actionId:'', synchronous:false, timeout:0, params:[[],'{"SetFields":[{"KS7d8bf0b2689179e950acc4057c1c8e575":{"KS7d8bf0b2689179e950acc4057c1c8e575":"&lt;FLD&gt;ListCharacter Fi;KSb6ccb01b7d990e5960583b25e5f8bc2b9&lt;/FLD&gt; ","visible":"","sort_order":"1","table_label":"","fire":"false"}}]}']}));</value></field_value><field_value id="700000230"><value>KSb6ccb01b7d990e5960583b25e5f8bc2b9</value></field_value><field_value id="700001212"/><field_value id="179"><value>KS3c2e72956f4cf00271d6b768c30b5b03c</value></field_value><field_value id="700007000"/><field_value id="700081207"><value>1==1</value></field_value><field_value id="700004955"/><field_value id="700081202"/><field_value id="700004630"/><field_value id="700001687"/><field_value id="700001686"><value>0</value></field_value><field_value id="700001046"/><field_value id="700001685"><value>1==1</value></field_value><field_value id="700001045"/><field_value id="770000400"/><field_value id="700001044"/><field_value id="700001043"/><field_value id="700000800"><value>KS4638d1b6dbdba4201b4682808da5dd9a3</value></field_value><field_value id="700001683"/></entry><entry id="000000000001063"><field_value id="700001682"/><field_value id="700001681"/><field_value id="700001680"><value>"KS578af42b24163b97a907d0a8109ab64a3":{"KS578af42b24163b97a907d0a8109ab64a3":"&lt;FLD&gt;ListCharacter Fi;KS61d3bfa71968dce6832614f33c721cf8c&lt;/FLD&gt; ","visible":"","sort_order":"1","table_label":"","fire":"false"}</value></field_value><field_value id="700001239"/><field_value id="536870916"/><field_value id="700001202"><value>change</value></field_value><field_value id="600000043"/><field_value id="600000042"/><field_value id="770006505"/><field_value id="700002400"/><field_value id="700004587"><value>Set Fields - Internal</value></field_value><field_value id="710060809"/><field_value id="700004585"/><field_value id="770006500"/><field_value id="700004584"><value>KD.utils.Action._setInternalFieldValues</value></field_value><field_value id="700001000"/><field_value id="700004583"><value>AG000C29497A1A4FTHRQNkmSFA1RAA</value></field_value><field_value id="70000088"/><field_value id="700004582"><value>Set Character Value</value></field_value><field_value id="700002304"/><field_value id="70000087"/><field_value id="700002303"><value>KSaeeff09ce0db8882f20dabcfc8a8c6ca2</value></field_value><field_value id="770006407"/><field_value id="700073250"><value>1</value></field_value><field_value id="70000085"/><field_value id="770006406"/><field_value id="760001307"/><field_value id="770006405"/><field_value id="70000083"/><field_value id="8"><value>na</value></field_value><field_value id="70000082"/><field_value id="7"><value>0</value></field_value><field_value id="6"><value>1379486518</value></field_value><field_value id="770006401"><value>0</value></field_value><field_value id="760000803"/><field_value id="700002239"/><field_value id="5"><value>Demo</value></field_value><field_value id="760000802"/><field_value id="4"/><field_value id="3"><value>1379014848</value></field_value><field_value id="2"><value>Demo</value></field_value><field_value id="1"><value>000000000001063</value></field_value><field_value id="490000700"><value>ID00505696001Cfc83Ug1LhwDA368H</value></field_value><field_value id="700004642"><value>Set Fields - Internal</value></field_value><field_value id="600000090"/><field_value id="700001698"/><field_value id="700001697"/><field_value id="700001696"><value>Are you sure?</value></field_value><field_value id="700001056"/><field_value id="700001695"/><field_value id="700001055"/><field_value id="700001691"/><field_value id="700001690"><value>clientManager.addAction(new KD.utils.ClientAction({elementId:'KS61d3bfa71968dce6832614f33c721cf8c', jsEvent:'change', source:'', action:KD.utils.Action._setInternalFieldValues, ifExpr:'1==1', actionId:'', synchronous:false, timeout:0, params:[[],'{"SetFields":[{"KS578af42b24163b97a907d0a8109ab64a3":{"KS578af42b24163b97a907d0a8109ab64a3":"&lt;FLD&gt;ListCharacter Fi;KS61d3bfa71968dce6832614f33c721cf8c&lt;/FLD&gt; ","visible":"","sort_order":"1","table_label":"","fire":"false"}}]}']}));</value></field_value><field_value id="700000230"><value>KS61d3bfa71968dce6832614f33c721cf8c</value></field_value><field_value id="700001212"/><field_value id="179"><value>KS4a752f5bec3c66cd8e3cece9cf74b62a5</value></field_value><field_value id="700007000"/><field_value id="700081207"><value>1==1</value></field_value><field_value id="700004955"/><field_value id="700081202"/><field_value id="700004630"/><field_value id="700001687"/><field_value id="700001686"><value>0</value></field_value><field_value id="700001046"/><field_value id="700001685"><value>1==1</value></field_value><field_value id="700001045"/><field_value id="770000400"/><field_value id="700001044"/><field_value id="700001043"/><field_value id="700000800"><value>KS4638d1b6dbdba4201b4682808da5dd9a3</value></field_value><field_value id="700001683"/></entry><entry id="000000000001064"><field_value id="700001682"/><field_value id="700001681"/><field_value id="700001680"><value>"KS6482b51e999cc950e11b726f1c2e27e30":{"KS6482b51e999cc950e11b726f1c2e27e30":"&lt;FLD&gt;ListCharacter Fi;KS54f26ff4b34e234a4866be25bd82baac8&lt;/FLD&gt; ","visible":"","sort_order":"1","table_label":"","fire":"false"}</value></field_value><field_value id="700001239"/><field_value id="536870916"/><field_value id="700001202"><value>change</value></field_value><field_value id="600000043"/><field_value id="600000042"/><field_value id="770006505"/><field_value id="700002400"/><field_value id="700004587"><value>Set Fields - Internal</value></field_value><field_value id="710060809"/><field_value id="700004585"/><field_value id="770006500"/><field_value id="700004584"><value>KD.utils.Action._setInternalFieldValues</value></field_value><field_value id="700001000"/><field_value id="700004583"><value>AG000C29497A1A4FTHRQNkmSFA1RAA</value></field_value><field_value id="70000088"/><field_value id="700004582"><value>Set Character Value</value></field_value><field_value id="700002304"/><field_value id="70000087"/><field_value id="700002303"><value>KSaeeff09ce0db8882f20dabcfc8a8c6ca2</value></field_value><field_value id="770006407"/><field_value id="700073250"><value>1</value></field_value><field_value id="70000085"/><field_value id="770006406"/><field_value id="760001307"/><field_value id="770006405"/><field_value id="70000083"/><field_value id="8"><value>na</value></field_value><field_value id="70000082"/><field_value id="7"><value>0</value></field_value><field_value id="6"><value>1379486528</value></field_value><field_value id="770006401"><value>0</value></field_value><field_value id="760000803"/><field_value id="700002239"/><field_value id="5"><value>Demo</value></field_value><field_value id="760000802"/><field_value id="4"/><field_value id="3"><value>1379014850</value></field_value><field_value id="2"><value>Demo</value></field_value><field_value id="1"><value>000000000001064</value></field_value><field_value id="490000700"><value>ID00505696001Cic83UgNOhwDAG7AH</value></field_value><field_value id="700004642"><value>Set Fields - Internal</value></field_value><field_value id="600000090"/><field_value id="700001698"/><field_value id="700001697"/><field_value id="700001696"><value>Are you sure?</value></field_value><field_value id="700001056"/><field_value id="700001695"/><field_value id="700001055"/><field_value id="700001691"/><field_value id="700001690"><value>clientManager.addAction(new KD.utils.ClientAction({elementId:'KS54f26ff4b34e234a4866be25bd82baac8', jsEvent:'change', source:'', action:KD.utils.Action._setInternalFieldValues, ifExpr:'1==1', actionId:'', synchronous:false, timeout:0, params:[[],'{"SetFields":[{"KS6482b51e999cc950e11b726f1c2e27e30":{"KS6482b51e999cc950e11b726f1c2e27e30":"&lt;FLD&gt;ListCharacter Fi;KS54f26ff4b34e234a4866be25bd82baac8&lt;/FLD&gt; ","visible":"","sort_order":"1","table_label":"","fire":"false"}}]}']}));</value></field_value><field_value id="700000230"><value>KS54f26ff4b34e234a4866be25bd82baac8</value></field_value><field_value id="700001212"/><field_value id="179"><value>KS842d3118d7c3bb684e9bbc3ab2f307636</value></field_value><field_value id="700007000"/><field_value id="700081207"><value>1==1</value></field_value><field_value id="700004955"/><field_value id="700081202"/><field_value id="700004630"/><field_value id="700001687"/><field_value id="700001686"><value>0</value></field_value><field_value id="700001046"/><field_value id="700001685"><value>1==1</value></field_value><field_value id="700001045"/><field_value id="770000400"/><field_value id="700001044"/><field_value id="700001043"/><field_value id="700000800"><value>KS4638d1b6dbdba4201b4682808da5dd9a3</value></field_value><field_value id="700001683"/></entry><entry id="000000000001065"><field_value id="700001682"/><field_value id="700001681"/><field_value id="700001680"><value>"KSc69c909546a6226075cda143da7faa2e9":{"KSc69c909546a6226075cda143da7faa2e9":"&lt;FLD&gt;ListCharacter Fi;KS0e61add2ca08b1f1e3552266db674813c&lt;/FLD&gt; ","visible":"","sort_order":"1","table_label":"","fire":"false"}</value></field_value><field_value id="700001239"/><field_value id="536870916"/><field_value id="700001202"><value>change</value></field_value><field_value id="600000043"/><field_value id="600000042"/><field_value id="770006505"/><field_value id="700002400"/><field_value id="700004587"><value>Set Fields - Internal</value></field_value><field_value id="710060809"/><field_value id="700004585"/><field_value id="770006500"/><field_value id="700004584"><value>KD.utils.Action._setInternalFieldValues</value></field_value><field_value id="700001000"/><field_value id="700004583"><value>AG000C29497A1A4FTHRQNkmSFA1RAA</value></field_value><field_value id="70000088"/><field_value id="700004582"><value>Set Character Value</value></field_value><field_value id="700002304"/><field_value id="70000087"/><field_value id="700002303"><value>KSaeeff09ce0db8882f20dabcfc8a8c6ca2</value></field_value><field_value id="770006407"/><field_value id="700073250"><value>1</value></field_value><field_value id="70000085"/><field_value id="770006406"/><field_value id="760001307"/><field_value id="770006405"/><field_value id="70000083"/><field_value id="8"><value>na</value></field_value><field_value id="70000082"/><field_value id="7"><value>0</value></field_value><field_value id="6"><value>1379486539</value></field_value><field_value id="770006401"><value>0</value></field_value><field_value id="760000803"/><field_value id="700002239"/><field_value id="5"><value>Demo</value></field_value><field_value id="760000802"/><field_value id="4"/><field_value id="3"><value>1379014851</value></field_value><field_value id="2"><value>Demo</value></field_value><field_value id="1"><value>000000000001065</value></field_value><field_value id="490000700"><value>ID00505696001Ck883Ug8g9xDASrAH</value></field_value><field_value id="700004642"><value>Set Fields - Internal</value></field_value><field_value id="600000090"/><field_value id="700001698"/><field_value id="700001697"/><field_value id="700001696"><value>Are you sure?</value></field_value><field_value id="700001056"/><field_value id="700001695"/><field_value id="700001055"/><field_value id="700001691"/><field_value id="700001690"><value>clientManager.addAction(new KD.utils.ClientAction({elementId:'KS0e61add2ca08b1f1e3552266db674813c', jsEvent:'change', source:'', action:KD.utils.Action._setInternalFieldValues, ifExpr:'1==1', actionId:'', synchronous:false, timeout:0, params:[[],'{"SetFields":[{"KSc69c909546a6226075cda143da7faa2e9":{"KSc69c909546a6226075cda143da7faa2e9":"&lt;FLD&gt;ListCharacter Fi;KS0e61add2ca08b1f1e3552266db674813c&lt;/FLD&gt; ","visible":"","sort_order":"1","table_label":"","fire":"false"}}]}']}));</value></field_value><field_value id="700000230"><value>KS0e61add2ca08b1f1e3552266db674813c</value></field_value><field_value id="700001212"/><field_value id="179"><value>KS3671202312930d312677f9a6f43018da0</value></field_value><field_value id="700007000"/><field_value id="700081207"><value>1==1</value></field_value><field_value id="700004955"/><field_value id="700081202"/><field_value id="700004630"/><field_value id="700001687"/><field_value id="700001686"><value>0</value></field_value><field_value id="700001046"/><field_value id="700001685"><value>1==1</value></field_value><field_value id="700001045"/><field_value id="770000400"/><field_value id="700001044"/><field_value id="700001043"/><field_value id="700000800"><value>KS4638d1b6dbdba4201b4682808da5dd9a3</value></field_value><field_value id="700001683"/></entry><entry id="000000000001066"><field_value id="700001682"/><field_value id="700001681"/><field_value id="700001680"><value>"KS7355cf853d83950f617750778c0258e68":{"KS7355cf853d83950f617750778c0258e68":"&lt;FLD&gt;ListCharacter Fi;KS2a51e85c3b9401669e77f5c4bb2fb895a&lt;/FLD&gt; ","visible":"","sort_order":"1","table_label":"","fire":"false"}</value></field_value><field_value id="700001239"/><field_value id="536870916"/><field_value id="700001202"><value>change</value></field_value><field_value id="600000043"/><field_value id="600000042"/><field_value id="770006505"/><field_value id="700002400"/><field_value id="700004587"><value>Set Fields - Internal</value></field_value><field_value id="710060809"/><field_value id="700004585"/><field_value id="770006500"/><field_value id="700004584"><value>KD.utils.Action._setInternalFieldValues</value></field_value><field_value id="700001000"/><field_value id="700004583"><value>AG000C29497A1A4FTHRQNkmSFA1RAA</value></field_value><field_value id="70000088"/><field_value id="700004582"><value>Set Character Value</value></field_value><field_value id="700002304"/><field_value id="70000087"/><field_value id="700002303"><value>KSaeeff09ce0db8882f20dabcfc8a8c6ca2</value></field_value><field_value id="770006407"/><field_value id="700073250"><value>1</value></field_value><field_value id="70000085"/><field_value id="770006406"/><field_value id="760001307"/><field_value id="770006405"/><field_value id="70000083"/><field_value id="8"><value>na</value></field_value><field_value id="70000082"/><field_value id="7"><value>0</value></field_value><field_value id="6"><value>1379486550</value></field_value><field_value id="770006401"><value>0</value></field_value><field_value id="760000803"/><field_value id="700002239"/><field_value id="5"><value>Demo</value></field_value><field_value id="760000802"/><field_value id="4"/><field_value id="3"><value>1379014853</value></field_value><field_value id="2"><value>Demo</value></field_value><field_value id="1"><value>000000000001066</value></field_value><field_value id="490000700"><value>ID00505696001Cns83UgkjlxDAhbAH</value></field_value><field_value id="700004642"><value>Set Fields - Internal</value></field_value><field_value id="600000090"/><field_value id="700001698"/><field_value id="700001697"/><field_value id="700001696"><value>Are you sure?</value></field_value><field_value id="700001056"/><field_value id="700001695"/><field_value id="700001055"/><field_value id="700001691"/><field_value id="700001690"><value>clientManager.addAction(new KD.utils.ClientAction({elementId:'KS2a51e85c3b9401669e77f5c4bb2fb895a', jsEvent:'change', source:'', action:KD.utils.Action._setInternalFieldValues, ifExpr:'1==1', actionId:'', synchronous:false, timeout:0, params:[[],'{"SetFields":[{"KS7355cf853d83950f617750778c0258e68":{"KS7355cf853d83950f617750778c0258e68":"&lt;FLD&gt;ListCharacter Fi;KS2a51e85c3b9401669e77f5c4bb2fb895a&lt;/FLD&gt; ","visible":"","sort_order":"1","table_label":"","fire":"false"}}]}']}));</value></field_value><field_value id="700000230"><value>KS2a51e85c3b9401669e77f5c4bb2fb895a</value></field_value><field_value id="700001212"/><field_value id="179"><value>KS5072c4275401b7fc29c3a390caa6020f9</value></field_value><field_value id="700007000"/><field_value id="700081207"><value>1==1</value></field_value><field_value id="700004955"/><field_value id="700081202"/><field_value id="700004630"/><field_value id="700001687"/><field_value id="700001686"><value>0</value></field_value><field_value id="700001046"/><field_value id="700001685"><value>1==1</value></field_value><field_value id="700001045"/><field_value id="770000400"/><field_value id="700001044"/><field_value id="700001043"/><field_value id="700000800"><value>KS4638d1b6dbdba4201b4682808da5dd9a3</value></field_value><field_value id="700001683"/></entry><entry id="000000000001067"><field_value id="700001682"/><field_value id="700001681"/><field_value id="700001680"><value>"KSa4495401b924a832ef45ef4fabff6da9b":{"KSa4495401b924a832ef45ef4fabff6da9b":"&lt;FLD&gt;ListCharacter Fi;KS8ccc2de70f802607e0c9291249cae2389&lt;/FLD&gt; ","visible":"","sort_order":"1","table_label":"","fire":"false"}</value></field_value><field_value id="700001239"/><field_value id="536870916"/><field_value id="700001202"><value>change</value></field_value><field_value id="600000043"/><field_value id="600000042"/><field_value id="770006505"/><field_value id="700002400"/><field_value id="700004587"><value>Set Fields - Internal</value></field_value><field_value id="710060809"/><field_value id="700004585"/><field_value id="770006500"/><field_value id="700004584"><value>KD.utils.Action._setInternalFieldValues</value></field_value><field_value id="700001000"/><field_value id="700004583"><value>AG000C29497A1A4FTHRQNkmSFA1RAA</value></field_value><field_value id="70000088"/><field_value id="700004582"><value>Set Character Value</value></field_value><field_value id="700002304"/><field_value id="70000087"/><field_value id="700002303"><value>KSaeeff09ce0db8882f20dabcfc8a8c6ca2</value></field_value><field_value id="770006407"/><field_value id="700073250"><value>1</value></field_value><field_value id="70000085"/><field_value id="770006406"/><field_value id="760001307"/><field_value id="770006405"/><field_value id="70000083"/><field_value id="8"><value>na</value></field_value><field_value id="70000082"/><field_value id="7"><value>0</value></field_value><field_value id="6"><value>1379486561</value></field_value><field_value id="770006401"><value>0</value></field_value><field_value id="760000803"/><field_value id="700002239"/><field_value id="5"><value>Demo</value></field_value><field_value id="760000802"/><field_value id="4"/><field_value id="3"><value>1379014855</value></field_value><field_value id="2"><value>Demo</value></field_value><field_value id="1"><value>000000000001067</value></field_value><field_value id="490000700"><value>ID00505696001Cqc83UgT2NxDAubAH</value></field_value><field_value id="700004642"><value>Set Fields - Internal</value></field_value><field_value id="600000090"/><field_value id="700001698"/><field_value id="700001697"/><field_value id="700001696"><value>Are you sure?</value></field_value><field_value id="700001056"/><field_value id="700001695"/><field_value id="700001055"/><field_value id="700001691"/><field_value id="700001690"><value>clientManager.addAction(new KD.utils.ClientAction({elementId:'KS8ccc2de70f802607e0c9291249cae2389', jsEvent:'change', source:'', action:KD.utils.Action._setInternalFieldValues, ifExpr:'1==1', actionId:'', synchronous:false, timeout:0, params:[[],'{"SetFields":[{"KSa4495401b924a832ef45ef4fabff6da9b":{"KSa4495401b924a832ef45ef4fabff6da9b":"&lt;FLD&gt;ListCharacter Fi;KS8ccc2de70f802607e0c9291249cae2389&lt;/FLD&gt; ","visible":"","sort_order":"1","table_label":"","fire":"false"}}]}']}));</value></field_value><field_value id="700000230"><value>KS8ccc2de70f802607e0c9291249cae2389</value></field_value><field_value id="700001212"/><field_value id="179"><value>KSf6994e8e9985d7e8dee4842c8ceafbed5</value></field_value><field_value id="700007000"/><field_value id="700081207"><value>1==1</value></field_value><field_value id="700004955"/><field_value id="700081202"/><field_value id="700004630"/><field_value id="700001687"/><field_value id="700001686"><value>0</value></field_value><field_value id="700001046"/><field_value id="700001685"><value>1==1</value></field_value><field_value id="700001045"/><field_value id="770000400"/><field_value id="700001044"/><field_value id="700001043"/><field_value id="700000800"><value>KS4638d1b6dbdba4201b4682808da5dd9a3</value></field_value><field_value id="700001683"/></entry><entry id="000000000001068"><field_value id="700001682"/><field_value id="700001681"/><field_value id="700001680"><value>"KS52e3f743c3cef22cde9548f30e21bdc34":{"KS52e3f743c3cef22cde9548f30e21bdc34":"&lt;FLD&gt;ListCharacter Fi;KS53f39f2f99954abe7ce1930a17bea2fb1&lt;/FLD&gt; ","visible":"","sort_order":"1","table_label":"","fire":"false"}</value></field_value><field_value id="700001239"/><field_value id="536870916"/><field_value id="700001202"><value>change</value></field_value><field_value id="600000043"/><field_value id="600000042"/><field_value id="770006505"/><field_value id="700002400"/><field_value id="700004587"><value>Set Fields - Internal</value></field_value><field_value id="710060809"/><field_value id="700004585"/><field_value id="770006500"/><field_value id="700004584"><value>KD.utils.Action._setInternalFieldValues</value></field_value><field_value id="700001000"/><field_value id="700004583"><value>AG000C29497A1A4FTHRQNkmSFA1RAA</value></field_value><field_value id="70000088"/><field_value id="700004582"><value>Set Character Value</value></field_value><field_value id="700002304"/><field_value id="70000087"/><field_value id="700002303"><value>KSaeeff09ce0db8882f20dabcfc8a8c6ca2</value></field_value><field_value id="770006407"/><field_value id="700073250"><value>1</value></field_value><field_value id="70000085"/><field_value id="770006406"/><field_value id="760001307"/><field_value id="770006405"/><field_value id="70000083"/><field_value id="8"><value>na</value></field_value><field_value id="70000082"/><field_value id="7"><value>0</value></field_value><field_value id="6"><value>1379486571</value></field_value><field_value id="770006401"><value>0</value></field_value><field_value id="760000803"/><field_value id="700002239"/><field_value id="5"><value>Demo</value></field_value><field_value id="760000802"/><field_value id="4"/><field_value id="3"><value>1379014857</value></field_value><field_value id="2"><value>Demo</value></field_value><field_value id="1"><value>000000000001068</value></field_value><field_value id="490000700"><value>ID00505696001Cs883UgxotxDA6LAH</value></field_value><field_value id="700004642"><value>Set Fields - Internal</value></field_value><field_value id="600000090"/><field_value id="700001698"/><field_value id="700001697"/><field_value id="700001696"><value>Are you sure?</value></field_value><field_value id="700001056"/><field_value id="700001695"/><field_value id="700001055"/><field_value id="700001691"/><field_value id="700001690"><value>clientManager.addAction(new KD.utils.ClientAction({elementId:'KS53f39f2f99954abe7ce1930a17bea2fb1', jsEvent:'change', source:'', action:KD.utils.Action._setInternalFieldValues, ifExpr:'1==1', actionId:'', synchronous:false, timeout:0, params:[[],'{"SetFields":[{"KS52e3f743c3cef22cde9548f30e21bdc34":{"KS52e3f743c3cef22cde9548f30e21bdc34":"&lt;FLD&gt;ListCharacter Fi;KS53f39f2f99954abe7ce1930a17bea2fb1&lt;/FLD&gt; ","visible":"","sort_order":"1","table_label":"","fire":"false"}}]}']}));</value></field_value><field_value id="700000230"><value>KS53f39f2f99954abe7ce1930a17bea2fb1</value></field_value><field_value id="700001212"/><field_value id="179"><value>KS3f745f9c1538a89a908704bb3111fe157</value></field_value><field_value id="700007000"/><field_value id="700081207"><value>1==1</value></field_value><field_value id="700004955"/><field_value id="700081202"/><field_value id="700004630"/><field_value id="700001687"/><field_value id="700001686"><value>0</value></field_value><field_value id="700001046"/><field_value id="700001685"><value>1==1</value></field_value><field_value id="700001045"/><field_value id="770000400"/><field_value id="700001044"/><field_value id="700001043"/><field_value id="700000800"><value>KS4638d1b6dbdba4201b4682808da5dd9a3</value></field_value><field_value id="700001683"/></entry><entry id="000000000001069"><field_value id="700001682"/><field_value id="700001681"/><field_value id="700001680"><value>showConsole(KD.utils.Action.getQuestionValue('Data Type2'));
</value></field_value><field_value id="700001239"/><field_value id="536870916"/><field_value id="700001202"><value>load</value></field_value><field_value id="600000043"/><field_value id="600000042"/><field_value id="770006505"/><field_value id="700002400"/><field_value id="700004587"><value>Custom</value></field_value><field_value id="710060809"/><field_value id="700004585"/><field_value id="770006500"/><field_value id="700004584"><value>KD.utils.Action._customAction</value></field_value><field_value id="700001000"/><field_value id="700004583"><value>AG000C29497A1AuWClRQz13rKgcxoA</value></field_value><field_value id="70000088"/><field_value id="700004582"><value>re-display data management console</value></field_value><field_value id="700002304"/><field_value id="70000087"/><field_value id="700002303"><value>KSe16c203e36f7581cf3dbb0b2ab51aa648</value></field_value><field_value id="770006407"/><field_value id="700073250"><value>1</value></field_value><field_value id="70000085"/><field_value id="770006406"/><field_value id="760001307"><value>0</value></field_value><field_value id="770006405"/><field_value id="70000083"/><field_value id="8"><value>na</value></field_value><field_value id="70000082"/><field_value id="7"><value>0</value></field_value><field_value id="6"><value>1379014881</value></field_value><field_value id="770006401"><value>0</value></field_value><field_value id="760000803"/><field_value id="700002239"/><field_value id="5"><value>Demo</value></field_value><field_value id="760000802"/><field_value id="4"/><field_value id="3"><value>1379014881</value></field_value><field_value id="2"><value>Demo</value></field_value><field_value id="1"><value>000000000001069</value></field_value><field_value id="490000700"/><field_value id="700004642"><value>Custom</value></field_value><field_value id="600000090"/><field_value id="700001698"/><field_value id="700001697"/><field_value id="700001696"><value>Are you sure?</value></field_value><field_value id="700001056"/><field_value id="700001695"/><field_value id="700001055"/><field_value id="700001691"/><field_value id="700001690"><value>KD.utils.Action._customAction(window, new KD.utils.ClientAction({elementId:'KSe16c203e36f7581cf3dbb0b2ab51aa648', jsEvent:'load', source:'bridge', action:KD.utils.Action._customAction, ifExpr:'1==1', actionId:'', params:["showConsole(KD.utils.Action.getQuestionValue('Data Type2'));"]}));</value></field_value><field_value id="700000230"><value>KSe16c203e36f7581cf3dbb0b2ab51aa648</value></field_value><field_value id="700001212"/><field_value id="179"><value>KS444df76dd1602ea2f0e4074ce03723c00</value></field_value><field_value id="700007000"/><field_value id="700081207"><value>1==1</value></field_value><field_value id="700004955"/><field_value id="700081202"><value>0</value></field_value><field_value id="700004630"/><field_value id="700001687"/><field_value id="700001686"><value>0</value></field_value><field_value id="700001046"/><field_value id="700001685"><value>1==1</value></field_value><field_value id="700001045"/><field_value id="770000400"/><field_value id="700001044"/><field_value id="700001043"/><field_value id="700000800"><value>KS4638d1b6dbdba4201b4682808da5dd9a3</value></field_value><field_value id="700001683"/></entry><entry id="000000000001070"><field_value id="700001682"/><field_value id="700001681"/><field_value id="700001680"><value>"KS74d05523203bc0c1e49eedf6c3f65e444":{"KS74d05523203bc0c1e49eedf6c3f65e444":"&lt;FLD&gt;ListIndex Field ;KScd93c9b182467bb57b2477a2c4bf7094f&lt;/FLD&gt;","visible":"","sort_order":"1","table_label":"","fire":"false"}</value></field_value><field_value id="700001239"/><field_value id="536870916"/><field_value id="700001202"><value>change</value></field_value><field_value id="600000043"/><field_value id="600000042"/><field_value id="770006505"/><field_value id="700002400"/><field_value id="700004587"><value>Set Fields - Internal</value></field_value><field_value id="710060809"/><field_value id="700004585"/><field_value id="770006500"/><field_value id="700004584"><value>KD.utils.Action._setInternalFieldValues</value></field_value><field_value id="700001000"/><field_value id="700004583"><value>AG000C29497A1A4FTHRQNkmSFA1RAA</value></field_value><field_value id="70000088"/><field_value id="700004582"><value>set Character Field</value></field_value><field_value id="700002304"/><field_value id="70000087"/><field_value id="700002303"><value>KSaeeff09ce0db8882f20dabcfc8a8c6ca2</value></field_value><field_value id="770006407"/><field_value id="700073250"><value>1</value></field_value><field_value id="70000085"/><field_value id="770006406"/><field_value id="760001307"/><field_value id="770006405"/><field_value id="70000083"/><field_value id="8"><value>na</value></field_value><field_value id="70000082"/><field_value id="7"><value>0</value></field_value><field_value id="6"><value>1379486403</value></field_value><field_value id="770006401"><value>0</value></field_value><field_value id="760000803"/><field_value id="700002239"/><field_value id="5"><value>Demo</value></field_value><field_value id="760000802"/><field_value id="4"/><field_value id="3"><value>1379448859</value></field_value><field_value id="2"><value>Demo</value></field_value><field_value id="1"><value>000000000001070</value></field_value><field_value id="490000700"><value>ID00505696001CDM83UgjP1uDA7K0H</value></field_value><field_value id="700004642"><value>Set Fields - Internal</value></field_value><field_value id="600000090"/><field_value id="700001698"/><field_value id="700001697"/><field_value id="700001696"><value>Are you sure?</value></field_value><field_value id="700001056"/><field_value id="700001695"/><field_value id="700001055"/><field_value id="700001691"/><field_value id="700001690"><value>clientManager.addAction(new KD.utils.ClientAction({elementId:'KScd93c9b182467bb57b2477a2c4bf7094f', jsEvent:'change', source:'', action:KD.utils.Action._setInternalFieldValues, ifExpr:'', actionId:'', synchronous:false, timeout:0, params:[[],'{"SetFields":[{"KS74d05523203bc0c1e49eedf6c3f65e444":{"KS74d05523203bc0c1e49eedf6c3f65e444":"&lt;FLD&gt;ListIndex Field ;KScd93c9b182467bb57b2477a2c4bf7094f&lt;/FLD&gt;","visible":"","sort_order":"1","table_label":"","fire":"false"}}]}']}));</value></field_value><field_value id="700000230"><value>KScd93c9b182467bb57b2477a2c4bf7094f</value></field_value><field_value id="700001212"/><field_value id="179"><value>ID2bc37e3f2188ee029e5345b7a0e29f84e</value></field_value><field_value id="700007000"/><field_value id="700081207"/><field_value id="700004955"/><field_value id="700081202"/><field_value id="700004630"/><field_value id="700001687"/><field_value id="700001686"><value>0</value></field_value><field_value id="700001046"/><field_value id="700001685"/><field_value id="700001045"/><field_value id="770000400"/><field_value id="700001044"/><field_value id="700001043"/><field_value id="700000800"><value>KS4638d1b6dbdba4201b4682808da5dd9a3</value></field_value><field_value id="700001683"/></entry><entry id="000000000001071"><field_value id="700001682"/><field_value id="700001681"/><field_value id="700001680"><value>"KS04f929e142b1b4ec365ab890fb21c7240":{"KS04f929e142b1b4ec365ab890fb21c7240":"&lt;FLD&gt;ListIndex Field ;KSe5205c6d1470a3b67098d442b5864fbfe&lt;/FLD&gt;","visible":"","sort_order":"1","table_label":"","fire":"false"}</value></field_value><field_value id="700001239"/><field_value id="536870916"/><field_value id="700001202"><value>change</value></field_value><field_value id="600000043"/><field_value id="600000042"/><field_value id="770006505"/><field_value id="700002400"/><field_value id="700004587"><value>Set Fields - Internal</value></field_value><field_value id="710060809"/><field_value id="700004585"/><field_value id="770006500"/><field_value id="700004584"><value>KD.utils.Action._setInternalFieldValues</value></field_value><field_value id="700001000"/><field_value id="700004583"><value>AG000C29497A1A4FTHRQNkmSFA1RAA</value></field_value><field_value id="70000088"/><field_value id="700004582"><value>set Character Field</value></field_value><field_value id="700002304"/><field_value id="70000087"/><field_value id="700002303"><value>KSaeeff09ce0db8882f20dabcfc8a8c6ca2</value></field_value><field_value id="770006407"/><field_value id="700073250"><value>1</value></field_value><field_value id="70000085"/><field_value id="770006406"/><field_value id="760001307"/><field_value id="770006405"/><field_value id="70000083"/><field_value id="8"><value>na</value></field_value><field_value id="70000082"/><field_value id="7"><value>0</value></field_value><field_value id="6"><value>1379486393</value></field_value><field_value id="770006401"><value>0</value></field_value><field_value id="760000803"/><field_value id="700002239"/><field_value id="5"><value>Demo</value></field_value><field_value id="760000802"/><field_value id="4"/><field_value id="3"><value>1379449128</value></field_value><field_value id="2"><value>Demo</value></field_value><field_value id="1"><value>000000000001071</value></field_value><field_value id="490000700"><value>ID00505696001C-843UgH7xuDAsq0H</value></field_value><field_value id="700004642"><value>Set Fields - Internal</value></field_value><field_value id="600000090"/><field_value id="700001698"/><field_value id="700001697"/><field_value id="700001696"><value>Are you sure?</value></field_value><field_value id="700001056"/><field_value id="700001695"/><field_value id="700001055"/><field_value id="700001691"/><field_value id="700001690"><value>clientManager.addAction(new KD.utils.ClientAction({elementId:'KSe5205c6d1470a3b67098d442b5864fbfe', jsEvent:'change', source:'', action:KD.utils.Action._setInternalFieldValues, ifExpr:'', actionId:'', synchronous:false, timeout:0, params:[[],'{"SetFields":[{"KS04f929e142b1b4ec365ab890fb21c7240":{"KS04f929e142b1b4ec365ab890fb21c7240":"&lt;FLD&gt;ListIndex Field ;KSe5205c6d1470a3b67098d442b5864fbfe&lt;/FLD&gt;","visible":"","sort_order":"1","table_label":"","fire":"false"}}]}']}));</value></field_value><field_value id="700000230"><value>KSe5205c6d1470a3b67098d442b5864fbfe</value></field_value><field_value id="700001212"/><field_value id="179"><value>ID2331b6e931be2a627b883ec40316131e9</value></field_value><field_value id="700007000"/><field_value id="700081207"/><field_value id="700004955"/><field_value id="700081202"/><field_value id="700004630"/><field_value id="700001687"/><field_value id="700001686"><value>0</value></field_value><field_value id="700001046"/><field_value id="700001685"/><field_value id="700001045"/><field_value id="770000400"/><field_value id="700001044"/><field_value id="700001043"/><field_value id="700000800"><value>KS4638d1b6dbdba4201b4682808da5dd9a3</value></field_value><field_value id="700001683"/></entry><entry id="000000000001072"><field_value id="700001682"/><field_value id="700001681"/><field_value id="700001680"><value>"KS66d5de60c6b2f49ff16e46335e78a81a2":{"KS66d5de60c6b2f49ff16e46335e78a81a2":"&lt;FLD&gt;ListIndex Field ;KSbcfca33b8ef1a91d13577bd003b9b9f77&lt;/FLD&gt;","visible":"","sort_order":"1","table_label":"","fire":"false"}</value></field_value><field_value id="700001239"/><field_value id="536870916"/><field_value id="700001202"><value>change</value></field_value><field_value id="600000043"/><field_value id="600000042"/><field_value id="770006505"/><field_value id="700002400"/><field_value id="700004587"><value>Set Fields - Internal</value></field_value><field_value id="710060809"/><field_value id="700004585"/><field_value id="770006500"/><field_value id="700004584"><value>KD.utils.Action._setInternalFieldValues</value></field_value><field_value id="700001000"/><field_value id="700004583"><value>AG000C29497A1A4FTHRQNkmSFA1RAA</value></field_value><field_value id="70000088"/><field_value id="700004582"><value>set Character Field</value></field_value><field_value id="700002304"/><field_value id="70000087"/><field_value id="700002303"><value>KSaeeff09ce0db8882f20dabcfc8a8c6ca2</value></field_value><field_value id="770006407"/><field_value id="700073250"><value>1</value></field_value><field_value id="70000085"/><field_value id="770006406"/><field_value id="760001307"/><field_value id="770006405"/><field_value id="70000083"/><field_value id="8"><value>na</value></field_value><field_value id="70000082"/><field_value id="7"><value>0</value></field_value><field_value id="6"><value>1379486376</value></field_value><field_value id="770006401"><value>0</value></field_value><field_value id="760000803"/><field_value id="700002239"/><field_value id="5"><value>Demo</value></field_value><field_value id="760000802"/><field_value id="4"/><field_value id="3"><value>1379449246</value></field_value><field_value id="2"><value>Demo</value></field_value><field_value id="1"><value>000000000001072</value></field_value><field_value id="490000700"><value>ID00505696001C3843UghE1uDAT60H</value></field_value><field_value id="700004642"><value>Set Fields - Internal</value></field_value><field_value id="600000090"/><field_value id="700001698"/><field_value id="700001697"/><field_value id="700001696"><value>Are you sure?</value></field_value><field_value id="700001056"/><field_value id="700001695"/><field_value id="700001055"/><field_value id="700001691"/><field_value id="700001690"><value>clientManager.addAction(new KD.utils.ClientAction({elementId:'KSbcfca33b8ef1a91d13577bd003b9b9f77', jsEvent:'change', source:'', action:KD.utils.Action._setInternalFieldValues, ifExpr:'', actionId:'', synchronous:false, timeout:0, params:[[],'{"SetFields":[{"KS66d5de60c6b2f49ff16e46335e78a81a2":{"KS66d5de60c6b2f49ff16e46335e78a81a2":"&lt;FLD&gt;ListIndex Field ;KSbcfca33b8ef1a91d13577bd003b9b9f77&lt;/FLD&gt;","visible":"","sort_order":"1","table_label":"","fire":"false"}}]}']}));</value></field_value><field_value id="700000230"><value>KSbcfca33b8ef1a91d13577bd003b9b9f77</value></field_value><field_value id="700001212"/><field_value id="179"><value>ID08fe719fdd33573863949cfec214a0cd3</value></field_value><field_value id="700007000"/><field_value id="700081207"/><field_value id="700004955"/><field_value id="700081202"/><field_value id="700004630"/><field_value id="700001687"/><field_value id="700001686"><value>0</value></field_value><field_value id="700001046"/><field_value id="700001685"/><field_value id="700001045"/><field_value id="770000400"/><field_value id="700001044"/><field_value id="700001043"/><field_value id="700000800"><value>KS4638d1b6dbdba4201b4682808da5dd9a3</value></field_value><field_value id="700001683"/></entry></instance></xform></arsystem_xml_report>