<?xml version="1.0" encoding="UTF-8"?>
<arsystem_xml_report><xform id="KS_RQT_BridgedResourceParameter" remedy="http://www.w3.org/2000/xforms"><instance><field-info><field><name>parameter_name</name><id>760000500</id><type>CHAR</type></field><field><name>Clone_SourceInstanceID</name><id>700001046</id><type>CHAR</type></field><field><name>bridge_resource_id</name><id>760000901</id><type>CHAR</type></field><field><name>_ActionThree</name><id>700001043</id><type>CHAR</type></field><field><name>parameter_value</name><id>760000900</id><type>CHAR</type></field><field><name>instanceId</name><id>179</id><type>CHAR</type></field><field><name>model_name</name><id>760000200</id><type>CHAR</type></field><field><name>qualification_name</name><id>760000400</id><type>CHAR</type></field><field><name>Short Description</name><id>8</id><type>CHAR</type></field><field><name>Status</name><id>7</id><type>ENUM</type></field><field><name>Modified Date</name><id>6</id><type>TIME</type></field><field><name>_ActionTwo</name><id>600000043</id><type>CHAR</type></field><field><name>Last Modified By</name><id>5</id><type>CHAR</type></field><field><name>Assigned To</name><id>4</id><type>CHAR</type></field><field><name>form_id</name><id>760000804</id><type>CHAR</type></field><field><name>_ActionOne</name><id>600000042</id><type>CHAR</type></field><field><name>Create Date</name><id>3</id><type>TIME</type></field><field><name>Submitter</name><id>2</id><type>CHAR</type></field><field><name>Request ID</name><id>1</id><type>CHAR</type></field></field-info><entry id="000000000000475"><field_value id="760000500"><value>Model Name</value></field_value><field_value id="700001046"/><field_value id="760000901"><value>KS0eb019d95a2c90608b81f6c2e7b0f2545</value></field_value><field_value id="700001043"/><field_value id="760000900"><value>&lt;FLD&gt;Bridge Model;KS7b5b23787e738a589921d029d2aef94d5;ANSWER&lt;/FLD&gt;</value></field_value><field_value id="179"><value>AG723c40566300de5ea6aa46f0b4da3753e</value></field_value><field_value id="760000200"><value>Data Management Console - Bridge Qualifications</value></field_value><field_value id="760000400"><value>All Multiple Results Types By Model Name</value></field_value><field_value id="8"><value>N/A</value></field_value><field_value id="7"><value>0</value></field_value><field_value id="6"><value>1453883452</value></field_value><field_value id="600000043"/><field_value id="5"><value>Demo</value></field_value><field_value id="4"/><field_value id="760000804"><value>KS66cd062b029d932cddfe144bef71a8f03</value></field_value><field_value id="600000042"/><field_value id="3"><value>1378502303</value></field_value><field_value id="2"><value>Demo</value></field_value><field_value id="1"><value>000000000000475</value></field_value></entry><entry id="000000000000476"><field_value id="760000500"><value>Model Name</value></field_value><field_value id="700001046"/><field_value id="760000901"><value>IDc1be9495c285fa344f113e8cc54031fd2</value></field_value><field_value id="700001043"/><field_value id="760000900"><value>&lt;FLD&gt;Bridge Model;KS7b5b23787e738a589921d029d2aef94d5;ANSWER&lt;/FLD&gt;</value></field_value><field_value id="179"><value>AG2acfa546438eeedb14a9c05b99dee022f</value></field_value><field_value id="760000200"><value>Data Management Console - Bridge Qualifications</value></field_value><field_value id="760000400"><value>All Multiple Results Types By Model Name</value></field_value><field_value id="8"><value>N/A</value></field_value><field_value id="7"><value>0</value></field_value><field_value id="6"><value>1378502677</value></field_value><field_value id="600000043"/><field_value id="5"><value>Demo</value></field_value><field_value id="4"/><field_value id="760000804"><value>KS66cd062b029d932cddfe144bef71a8f03</value></field_value><field_value id="600000042"/><field_value id="3"><value>1378502677</value></field_value><field_value id="2"><value>Demo</value></field_value><field_value id="1"><value>000000000000476</value></field_value></entry><entry id="000000000000477"><field_value id="760000500"><value>Bridge Name</value></field_value><field_value id="700001046"/><field_value id="760000901"><value>KSae254647c4118b8d95fc2e6f0ffd24f4d</value></field_value><field_value id="700001043"/><field_value id="760000900"><value>&lt;FLD&gt;Bridge Model;KS7b5b23787e738a589921d029d2aef94d5;ANSWER&lt;/FLD&gt;</value></field_value><field_value id="179"><value>AGf7b9af839e90345abbefd6c813fd98c8e</value></field_value><field_value id="760000200"><value>Data Management Console - Bridge Model Attributes</value></field_value><field_value id="760000400"><value>By Bridge Name</value></field_value><field_value id="8"><value>N/A</value></field_value><field_value id="7"><value>0</value></field_value><field_value id="6"><value>1453883640</value></field_value><field_value id="600000043"/><field_value id="5"><value>Demo</value></field_value><field_value id="4"/><field_value id="760000804"><value>KS66cd062b029d932cddfe144bef71a8f03</value></field_value><field_value id="600000042"/><field_value id="3"><value>1378503000</value></field_value><field_value id="2"><value>Demo</value></field_value><field_value id="1"><value>000000000000477</value></field_value></entry><entry id="000000000000478"><field_value id="760000500"><value>Bridge Name</value></field_value><field_value id="700001046"/><field_value id="760000901"><value>ID1beb5896ae3575c7332f3e362e4cce71c</value></field_value><field_value id="700001043"/><field_value id="760000900"><value>&lt;FLD&gt;Bridge Model;KS7b5b23787e738a589921d029d2aef94d5;ANSWER&lt;/FLD&gt;</value></field_value><field_value id="179"><value>AG530f0073a4f1fb895cd4763475ea8376a</value></field_value><field_value id="760000200"><value>Data Management Console - Bridge Model Attributes</value></field_value><field_value id="760000400"><value>By Bridge Name</value></field_value><field_value id="8"><value>N/A</value></field_value><field_value id="7"><value>0</value></field_value><field_value id="6"><value>1378503069</value></field_value><field_value id="600000043"/><field_value id="5"><value>Demo</value></field_value><field_value id="4"/><field_value id="760000804"><value>KS66cd062b029d932cddfe144bef71a8f03</value></field_value><field_value id="600000042"/><field_value id="3"><value>1378503069</value></field_value><field_value id="2"><value>Demo</value></field_value><field_value id="1"><value>000000000000478</value></field_value></entry><entry id="000000000000479"><field_value id="760000500"><value>Bridge Name</value></field_value><field_value id="700001046"/><field_value id="760000901"><value>KS0d9aaf417ed23a409eb1324a80cd44843</value></field_value><field_value id="700001043"/><field_value id="760000900"><value>&lt;FLD&gt;Bridge Model;KS7b5b23787e738a589921d029d2aef94d5;ANSWER&lt;/FLD&gt;</value></field_value><field_value id="179"><value>AG3109095c921bbac9b0828d9c02403a44b</value></field_value><field_value id="760000200"><value>Data Management Console - Bridge Model Attributes</value></field_value><field_value id="760000400"><value>By Bridge Name</value></field_value><field_value id="8"><value>N/A</value></field_value><field_value id="7"><value>0</value></field_value><field_value id="6"><value>1453883679</value></field_value><field_value id="600000043"/><field_value id="5"><value>Demo</value></field_value><field_value id="4"/><field_value id="760000804"><value>KS66cd062b029d932cddfe144bef71a8f03</value></field_value><field_value id="600000042"/><field_value id="3"><value>1378504085</value></field_value><field_value id="2"><value>Demo</value></field_value><field_value id="1"><value>000000000000479</value></field_value></entry><entry id="000000000000480"><field_value id="760000500"><value>Bridge Name</value></field_value><field_value id="700001046"/><field_value id="760000901"><value>IDa77ac1b511605a1a883bdb9735a9030cd</value></field_value><field_value id="700001043"/><field_value id="760000900"><value>&lt;FLD&gt;Bridge Model;KS7b5b23787e738a589921d029d2aef94d5;ANSWER&lt;/FLD&gt;</value></field_value><field_value id="179"><value>AGfe498a9f319e77bb78de2087501e402cb</value></field_value><field_value id="760000200"><value>Data Management Console - Bridge Model Attributes</value></field_value><field_value id="760000400"><value>By Bridge Name</value></field_value><field_value id="8"><value>N/A</value></field_value><field_value id="7"><value>0</value></field_value><field_value id="6"><value>1378506630</value></field_value><field_value id="600000043"/><field_value id="5"><value>Demo</value></field_value><field_value id="4"/><field_value id="760000804"><value>KS66cd062b029d932cddfe144bef71a8f03</value></field_value><field_value id="600000042"/><field_value id="3"><value>1378506630</value></field_value><field_value id="2"><value>Demo</value></field_value><field_value id="1"><value>000000000000480</value></field_value></entry><entry id="000000000000481"><field_value id="760000500"><value>Bridge Name</value></field_value><field_value id="700001046"/><field_value id="760000901"><value>KS651c966514c0e2d15246d1e507982cb2e</value></field_value><field_value id="700001043"/><field_value id="760000900"><value>&lt;FLD&gt;Bridge Model;KS7b5b23787e738a589921d029d2aef94d5;ANSWER&lt;/FLD&gt;</value></field_value><field_value id="179"><value>AGc3007f95ab25f2ad4b937d4371a94fee0</value></field_value><field_value id="760000200"><value>Data Management Console - Bridge Model Attributes</value></field_value><field_value id="760000400"><value>By Bridge Name</value></field_value><field_value id="8"><value>N/A</value></field_value><field_value id="7"><value>0</value></field_value><field_value id="6"><value>1453883705</value></field_value><field_value id="600000043"/><field_value id="5"><value>Demo</value></field_value><field_value id="4"/><field_value id="760000804"><value>KS66cd062b029d932cddfe144bef71a8f03</value></field_value><field_value id="600000042"/><field_value id="3"><value>1378507067</value></field_value><field_value id="2"><value>Demo</value></field_value><field_value id="1"><value>000000000000481</value></field_value></entry><entry id="000000000000482"><field_value id="760000500"><value>Bridge Name</value></field_value><field_value id="700001046"/><field_value id="760000901"><value>ID1cced00a7e1cc3e52c73e1a7539826eee</value></field_value><field_value id="700001043"/><field_value id="760000900"><value>&lt;FLD&gt;Bridge Model;KS7b5b23787e738a589921d029d2aef94d5;ANSWER&lt;/FLD&gt;</value></field_value><field_value id="179"><value>AG3f6065d853537f9b39e0b7a958648208d</value></field_value><field_value id="760000200"><value>Data Management Console - Bridge Model Attributes</value></field_value><field_value id="760000400"><value>By Bridge Name</value></field_value><field_value id="8"><value>N/A</value></field_value><field_value id="7"><value>0</value></field_value><field_value id="6"><value>1378507139</value></field_value><field_value id="600000043"/><field_value id="5"><value>Demo</value></field_value><field_value id="4"/><field_value id="760000804"><value>KS66cd062b029d932cddfe144bef71a8f03</value></field_value><field_value id="600000042"/><field_value id="3"><value>1378507139</value></field_value><field_value id="2"><value>Demo</value></field_value><field_value id="1"><value>000000000000482</value></field_value></entry><entry id="000000000000483"><field_value id="760000500"><value>Bridge Model</value></field_value><field_value id="700001046"/><field_value id="760000901"><value>KSedf6eb03071465fc36792ece1b5be5064</value></field_value><field_value id="700001043"/><field_value id="760000900"><value>&lt;FLD&gt;Bridge Model;KS7b5b23787e738a589921d029d2aef94d5;ANSWER&lt;/FLD&gt;</value></field_value><field_value id="179"><value>AG934b250178865818d36f1abe089e76ec8</value></field_value><field_value id="760000200"><value>Data Management Console - Bridge Qualification Parameters</value></field_value><field_value id="760000400"><value>By Bridge and by Qualification</value></field_value><field_value id="8"><value>N/A</value></field_value><field_value id="7"><value>0</value></field_value><field_value id="6"><value>1453883590</value></field_value><field_value id="600000043"/><field_value id="5"><value>Demo</value></field_value><field_value id="4"/><field_value id="760000804"><value>KS66cd062b029d932cddfe144bef71a8f03</value></field_value><field_value id="600000042"/><field_value id="3"><value>1378962831</value></field_value><field_value id="2"><value>Demo</value></field_value><field_value id="1"><value>000000000000483</value></field_value></entry><entry id="000000000000484"><field_value id="760000500"><value>Bridge Qualification</value></field_value><field_value id="700001046"/><field_value id="760000901"><value>KSedf6eb03071465fc36792ece1b5be5064</value></field_value><field_value id="700001043"/><field_value id="760000900"><value>&lt;FLD&gt;Bridge Qualifica;KS8faee45a2d2a3ca3921373123fb3bce6e;ANSWER&lt;/FLD&gt;</value></field_value><field_value id="179"><value>AG23245c64fc14eb3181f9539e1d9b69071</value></field_value><field_value id="760000200"><value>Data Management Console - Bridge Qualification Parameters</value></field_value><field_value id="760000400"><value>By Bridge and by Qualification</value></field_value><field_value id="8"><value>N/A</value></field_value><field_value id="7"><value>0</value></field_value><field_value id="6"><value>1453883603</value></field_value><field_value id="600000043"/><field_value id="5"><value>Demo</value></field_value><field_value id="4"/><field_value id="760000804"><value>KS66cd062b029d932cddfe144bef71a8f03</value></field_value><field_value id="600000042"/><field_value id="3"><value>1378962840</value></field_value><field_value id="2"><value>Demo</value></field_value><field_value id="1"><value>000000000000484</value></field_value></entry><entry id="000000000000485"><field_value id="760000500"><value>Bridge Model</value></field_value><field_value id="700001046"/><field_value id="760000901"><value>ID898ae3b12a151d88591e50e220238710d</value></field_value><field_value id="700001043"/><field_value id="760000900"><value>&lt;FLD&gt;Bridge Model;KS7b5b23787e738a589921d029d2aef94d5;ANSWER&lt;/FLD&gt;</value></field_value><field_value id="179"><value>AG804b9b0de1c965fe703c2538e22b43377</value></field_value><field_value id="760000200"><value>Data Management Console - Bridge Qualification Parameters</value></field_value><field_value id="760000400"><value>By Bridge and by Qualification</value></field_value><field_value id="8"><value>N/A</value></field_value><field_value id="7"><value>0</value></field_value><field_value id="6"><value>1378963487</value></field_value><field_value id="600000043"/><field_value id="5"><value>Demo</value></field_value><field_value id="4"/><field_value id="760000804"><value>KS66cd062b029d932cddfe144bef71a8f03</value></field_value><field_value id="600000042"/><field_value id="3"><value>1378963487</value></field_value><field_value id="2"><value>Demo</value></field_value><field_value id="1"><value>000000000000485</value></field_value></entry><entry id="000000000000486"><field_value id="760000500"><value>Bridge Qualification</value></field_value><field_value id="700001046"/><field_value id="760000901"><value>ID898ae3b12a151d88591e50e220238710d</value></field_value><field_value id="700001043"/><field_value id="760000900"><value>&lt;FLD&gt;Bridge Qualifica;KS8faee45a2d2a3ca3921373123fb3bce6e;ANSWER&lt;/FLD&gt;</value></field_value><field_value id="179"><value>AG14991274d00d5b3f16b72ca5298d02f1c</value></field_value><field_value id="760000200"><value>Data Management Console - Bridge Qualification Parameters</value></field_value><field_value id="760000400"><value>By Bridge and by Qualification</value></field_value><field_value id="8"><value>N/A</value></field_value><field_value id="7"><value>0</value></field_value><field_value id="6"><value>1378963494</value></field_value><field_value id="600000043"/><field_value id="5"><value>Demo</value></field_value><field_value id="4"/><field_value id="760000804"><value>KS66cd062b029d932cddfe144bef71a8f03</value></field_value><field_value id="600000042"/><field_value id="3"><value>1378963494</value></field_value><field_value id="2"><value>Demo</value></field_value><field_value id="1"><value>000000000000486</value></field_value></entry><entry id="000000000000487"><field_value id="760000500"><value>Index Field 1</value></field_value><field_value id="700001046"/><field_value id="760000901"><value>KS6ae87f02c7c67010b8ea50ef48cf6f754</value></field_value><field_value id="700001043"/><field_value id="760000900"><value>"Data Management Console"</value></field_value><field_value id="179"><value>AGbb4112bc4e5a63193862e7159cefbd285</value></field_value><field_value id="760000200"><value>Data Management Console - Helper Data</value></field_value><field_value id="760000400"><value>Index 1 | Index 2 | Index 3 (exact match/null)</value></field_value><field_value id="8"><value>N/A</value></field_value><field_value id="7"><value>0</value></field_value><field_value id="6"><value>1453883529</value></field_value><field_value id="600000043"/><field_value id="5"><value>Demo</value></field_value><field_value id="4"/><field_value id="760000804"><value>KS66cd062b029d932cddfe144bef71a8f03</value></field_value><field_value id="600000042"/><field_value id="3"><value>1379113777</value></field_value><field_value id="2"><value>KD_WEBUSER</value></field_value><field_value id="1"><value>000000000000487</value></field_value></entry><entry id="000000000000488"><field_value id="760000500"><value>Index Field 2</value></field_value><field_value id="700001046"/><field_value id="760000901"><value>KS6ae87f02c7c67010b8ea50ef48cf6f754</value></field_value><field_value id="700001043"/><field_value id="760000900"><value>"Configuration Menu Data"</value></field_value><field_value id="179"><value>AG03f831e94117a40e8768f8d0b3db7baab</value></field_value><field_value id="760000200"><value>Data Management Console - Helper Data</value></field_value><field_value id="760000400"><value>Index 1 | Index 2 | Index 3 (exact match/null)</value></field_value><field_value id="8"><value>N/A</value></field_value><field_value id="7"><value>0</value></field_value><field_value id="6"><value>1453883542</value></field_value><field_value id="600000043"/><field_value id="5"><value>Demo</value></field_value><field_value id="4"/><field_value id="760000804"><value>KS66cd062b029d932cddfe144bef71a8f03</value></field_value><field_value id="600000042"/><field_value id="3"><value>1379113785</value></field_value><field_value id="2"><value>KD_WEBUSER</value></field_value><field_value id="1"><value>000000000000488</value></field_value></entry><entry id="000000000000489"><field_value id="760000500"><value>Index Field 3</value></field_value><field_value id="700001046"/><field_value id="760000901"><value>KS6ae87f02c7c67010b8ea50ef48cf6f754</value></field_value><field_value id="700001043"/><field_value id="760000900"><value>"Service Item Names for Editing Data"</value></field_value><field_value id="179"><value>AG57f5c0920c8c69dc8f0be51e0f87dcbd4</value></field_value><field_value id="760000200"><value>Data Management Console - Helper Data</value></field_value><field_value id="760000400"><value>Index 1 | Index 2 | Index 3 (exact match/null)</value></field_value><field_value id="8"><value>N/A</value></field_value><field_value id="7"><value>0</value></field_value><field_value id="6"><value>1453883552</value></field_value><field_value id="600000043"/><field_value id="5"><value>Demo</value></field_value><field_value id="4"/><field_value id="760000804"><value>KS66cd062b029d932cddfe144bef71a8f03</value></field_value><field_value id="600000042"/><field_value id="3"><value>1379113841</value></field_value><field_value id="2"><value>KD_WEBUSER</value></field_value><field_value id="1"><value>000000000000489</value></field_value></entry><entry id="000000000000490"><field_value id="760000500"><value>Bridge Model</value></field_value><field_value id="700001046"/><field_value id="760000901"><value>IDec261970fbbd9b5518043f1acb46a7f76</value></field_value><field_value id="700001043"/><field_value id="760000900"><value>&lt;FLD&gt;Bridge Model;KS7b5b23787e738a589921d029d2aef94d5;ANSWER&lt;/FLD&gt;</value></field_value><field_value id="179"><value>AGec34e8c09e4c9f145cffeede2ae1159bb</value></field_value><field_value id="760000200"><value>Data Management Console - Bridge Qualification Parameters</value></field_value><field_value id="760000400"><value>By Bridge and by Qualification and by Parameter</value></field_value><field_value id="8"><value>N/A</value></field_value><field_value id="7"><value>0</value></field_value><field_value id="6"><value>1379387671</value></field_value><field_value id="600000043"/><field_value id="5"><value>Demo</value></field_value><field_value id="4"/><field_value id="760000804"><value>KS66cd062b029d932cddfe144bef71a8f03</value></field_value><field_value id="600000042"/><field_value id="3"><value>1379387671</value></field_value><field_value id="2"><value>Demo</value></field_value><field_value id="1"><value>000000000000490</value></field_value></entry><entry id="000000000000491"><field_value id="760000500"><value>Bridge Qualification</value></field_value><field_value id="700001046"/><field_value id="760000901"><value>IDec261970fbbd9b5518043f1acb46a7f76</value></field_value><field_value id="700001043"/><field_value id="760000900"><value>&lt;FLD&gt;Bridge Qualifica;KS8faee45a2d2a3ca3921373123fb3bce6e;ANSWER&lt;/FLD&gt;</value></field_value><field_value id="179"><value>AG1d1fdb78d85e9646f6e9586ae3520641a</value></field_value><field_value id="760000200"><value>Data Management Console - Bridge Qualification Parameters</value></field_value><field_value id="760000400"><value>By Bridge and by Qualification and by Parameter</value></field_value><field_value id="8"><value>N/A</value></field_value><field_value id="7"><value>0</value></field_value><field_value id="6"><value>1379387680</value></field_value><field_value id="600000043"/><field_value id="5"><value>Demo</value></field_value><field_value id="4"/><field_value id="760000804"><value>KS66cd062b029d932cddfe144bef71a8f03</value></field_value><field_value id="600000042"/><field_value id="3"><value>1379387680</value></field_value><field_value id="2"><value>Demo</value></field_value><field_value id="1"><value>000000000000491</value></field_value></entry><entry id="000000000000492"><field_value id="760000500"><value>Bridge Parameter</value></field_value><field_value id="700001046"/><field_value id="760000901"><value>IDec261970fbbd9b5518043f1acb46a7f76</value></field_value><field_value id="700001043"/><field_value id="760000900"><value>&lt;FLD&gt;Bridge Parameter;KScd55c9cac2ee92ae2ee7aa1086bfbed80;ANSWER&lt;/FLD&gt;</value></field_value><field_value id="179"><value>AG1ccd0d5cd7a0cb6f4dcc1bab976579c27</value></field_value><field_value id="760000200"><value>Data Management Console - Bridge Qualification Parameters</value></field_value><field_value id="760000400"><value>By Bridge and by Qualification and by Parameter</value></field_value><field_value id="8"><value>N/A</value></field_value><field_value id="7"><value>0</value></field_value><field_value id="6"><value>1379387693</value></field_value><field_value id="600000043"/><field_value id="5"><value>Demo</value></field_value><field_value id="4"/><field_value id="760000804"><value>KS66cd062b029d932cddfe144bef71a8f03</value></field_value><field_value id="600000042"/><field_value id="3"><value>1379387693</value></field_value><field_value id="2"><value>Demo</value></field_value><field_value id="1"><value>000000000000492</value></field_value></entry></instance></xform></arsystem_xml_report>