<?xml version="1.0" encoding="UTF-8"?>
<arsystem_xml_report><xform id="KS_RQT_BridgedResource" remedy="http://www.w3.org/2000/xforms"><instance><field-info><field><name>_ActionFour</name><id>700002000</id><type>CHAR</type></field><field><name>Clone_SourceInstanceID</name><id>700001046</id><type>CHAR</type></field><field><name>_ActionThree</name><id>700001043</id><type>CHAR</type></field><field><name>InstanceId</name><id>179</id><type>CHAR</type></field><field><name>model_name</name><id>760000200</id><type>CHAR</type></field><field><name>qualification_type</name><id>760000402</id><type>ENUM</type></field><field><name>qualification_name</name><id>760000400</id><type>CHAR</type></field><field><name>OperationID</name><id>760000809</id><type>CHAR</type></field><field><name>Short Description</name><id>8</id><type>CHAR</type></field><field><name>Status</name><id>7</id><type>ENUM</type></field><field><name>Modified Date</name><id>6</id><type>TIME</type></field><field><name>_ActionTwo</name><id>600000043</id><type>CHAR</type></field><field><name>Last Modified By</name><id>5</id><type>CHAR</type></field><field><name>form_id</name><id>760000804</id><type>CHAR</type></field><field><name>Assigned To</name><id>4</id><type>CHAR</type></field><field><name>_ActionOne</name><id>600000042</id><type>CHAR</type></field><field><name>label_attribute</name><id>760000803</id><type>CHAR</type></field><field><name>Create Date</name><id>3</id><type>TIME</type></field><field><name>value_attribute</name><id>760000802</id><type>CHAR</type></field><field><name>Submitter</name><id>2</id><type>CHAR</type></field><field><name>source_id</name><id>760000801</id><type>CHAR</type></field><field><name>Request ID</name><id>1</id><type>CHAR</type></field><field><name>source</name><id>760000800</id><type>CHAR</type></field></field-info><entry id="000000000000655"><field_value id="700002000"/><field_value id="700001046"/><field_value id="700001043"/><field_value id="179"><value>KS49eb83327410e785a78c7802fec92bfd8</value></field_value><field_value id="760000200"><value>Data Management Console - Bridge Models</value></field_value><field_value id="760000402"><value>1</value></field_value><field_value id="760000400"><value>All</value></field_value><field_value id="760000809"><value>KSHAA5V0HIB4WAOBKUJKIIPHA2NWNE</value></field_value><field_value id="8"><value>N/A</value></field_value><field_value id="7"><value>0</value></field_value><field_value id="6"><value>1453883410</value></field_value><field_value id="600000043"/><field_value id="5"><value>Demo</value></field_value><field_value id="760000804"><value>KS66cd062b029d932cddfe144bef71a8f03</value></field_value><field_value id="4"/><field_value id="600000042"/><field_value id="760000803"><value>Name</value></field_value><field_value id="3"><value>1378501936</value></field_value><field_value id="760000802"><value>Name</value></field_value><field_value id="2"><value>Demo</value></field_value><field_value id="760000801"><value>KS7b5b23787e738a589921d029d2aef94d5</value></field_value><field_value id="1"><value>000000000000655</value></field_value><field_value id="760000800"><value>Dynamic List</value></field_value></entry><entry id="000000000000656"><field_value id="700002000"/><field_value id="700001046"/><field_value id="700001043"/><field_value id="179"><value>KS0eb019d95a2c90608b81f6c2e7b0f2545</value></field_value><field_value id="760000200"><value>Data Management Console - Bridge Qualifications</value></field_value><field_value id="760000402"><value>1</value></field_value><field_value id="760000400"><value>All Multiple Results Types By Model Name</value></field_value><field_value id="760000809"><value>KSHAA5V0HIB4WAOBKU03IIPTDQNWR7</value></field_value><field_value id="8"><value>N/A</value></field_value><field_value id="7"><value>0</value></field_value><field_value id="6"><value>1453883455</value></field_value><field_value id="600000043"/><field_value id="5"><value>Demo</value></field_value><field_value id="760000804"><value>KS66cd062b029d932cddfe144bef71a8f03</value></field_value><field_value id="4"/><field_value id="600000042"/><field_value id="760000803"><value>Name</value></field_value><field_value id="3"><value>1378502288</value></field_value><field_value id="760000802"><value>Name</value></field_value><field_value id="2"><value>Demo</value></field_value><field_value id="760000801"><value>KS8faee45a2d2a3ca3921373123fb3bce6e</value></field_value><field_value id="1"><value>000000000000656</value></field_value><field_value id="760000800"><value>Dynamic List</value></field_value></entry><entry id="000000000000657"><field_value id="700002000"/><field_value id="700001046"/><field_value id="700001043"/><field_value id="179"><value>IDc1be9495c285fa344f113e8cc54031fd2</value></field_value><field_value id="760000200"><value>Data Management Console - Bridge Qualifications</value></field_value><field_value id="760000402"><value>1</value></field_value><field_value id="760000400"><value>All Multiple Results Types By Model Name</value></field_value><field_value id="760000809"><value>KS00505696001CSegoUgHx7vZQ_oTv</value></field_value><field_value id="8"><value>N/A</value></field_value><field_value id="7"><value>0</value></field_value><field_value id="6"><value>1378502678</value></field_value><field_value id="600000043"/><field_value id="5"><value>Demo</value></field_value><field_value id="760000804"><value>KS66cd062b029d932cddfe144bef71a8f03</value></field_value><field_value id="4"/><field_value id="600000042"/><field_value id="760000803"><value>Name</value></field_value><field_value id="3"><value>1378502662</value></field_value><field_value id="760000802"><value>Name</value></field_value><field_value id="2"><value>Demo</value></field_value><field_value id="760000801"><value>IDfe841726037315e63f8ec90289de1c7da</value></field_value><field_value id="1"><value>000000000000657</value></field_value><field_value id="760000800"><value>Populate Menu</value></field_value></entry><entry id="000000000000658"><field_value id="700002000"/><field_value id="700001046"/><field_value id="700001043"/><field_value id="179"><value>KSae254647c4118b8d95fc2e6f0ffd24f4d</value></field_value><field_value id="760000200"><value>Data Management Console - Bridge Model Attributes</value></field_value><field_value id="760000402"><value>1</value></field_value><field_value id="760000400"><value>By Bridge Name</value></field_value><field_value id="760000809"><value>KSHAA5V0HIB4WAOBKU5VIIUCBCNX51</value></field_value><field_value id="8"><value>N/A</value></field_value><field_value id="7"><value>0</value></field_value><field_value id="6"><value>1453883642</value></field_value><field_value id="600000043"/><field_value id="5"><value>Demo</value></field_value><field_value id="760000804"><value>KS66cd062b029d932cddfe144bef71a8f03</value></field_value><field_value id="4"/><field_value id="600000042"/><field_value id="760000803"><value>Attribute Name</value></field_value><field_value id="3"><value>1378502984</value></field_value><field_value id="760000802"><value>Attribute Name</value></field_value><field_value id="2"><value>Demo</value></field_value><field_value id="760000801"><value>KSaf1a79d4c530a76a4ffc89032adfb0888</value></field_value><field_value id="1"><value>000000000000658</value></field_value><field_value id="760000800"><value>Dynamic List</value></field_value></entry><entry id="000000000000659"><field_value id="700002000"/><field_value id="700001046"/><field_value id="700001043"/><field_value id="179"><value>ID1beb5896ae3575c7332f3e362e4cce71c</value></field_value><field_value id="760000200"><value>Data Management Console - Bridge Model Attributes</value></field_value><field_value id="760000402"><value>1</value></field_value><field_value id="760000400"><value>By Bridge Name</value></field_value><field_value id="760000809"><value>KS00505696001CzekoUg9wf1ZQlYvv</value></field_value><field_value id="8"><value>N/A</value></field_value><field_value id="7"><value>0</value></field_value><field_value id="6"><value>1378503070</value></field_value><field_value id="600000043"/><field_value id="5"><value>Demo</value></field_value><field_value id="760000804"><value>KS66cd062b029d932cddfe144bef71a8f03</value></field_value><field_value id="4"/><field_value id="600000042"/><field_value id="760000803"><value>Attribute Name</value></field_value><field_value id="3"><value>1378503056</value></field_value><field_value id="760000802"><value>Attribute Name</value></field_value><field_value id="2"><value>Demo</value></field_value><field_value id="760000801"><value>ID22f1d66aeda319842126f18d30e11dfa1</value></field_value><field_value id="1"><value>000000000000659</value></field_value><field_value id="760000800"><value>Populate Menu</value></field_value></entry><entry id="000000000000660"><field_value id="700002000"/><field_value id="700001046"/><field_value id="700001043"/><field_value id="179"><value>KS0d9aaf417ed23a409eb1324a80cd44843</value></field_value><field_value id="760000200"><value>Data Management Console - Bridge Model Attributes</value></field_value><field_value id="760000402"><value>1</value></field_value><field_value id="760000400"><value>By Bridge Name</value></field_value><field_value id="760000809"><value>KSHAA5V0HIB4WAOBKU7CIIUYPDNXKW</value></field_value><field_value id="8"><value>N/A</value></field_value><field_value id="7"><value>0</value></field_value><field_value id="6"><value>1453883681</value></field_value><field_value id="600000043"/><field_value id="5"><value>Demo</value></field_value><field_value id="760000804"><value>KS66cd062b029d932cddfe144bef71a8f03</value></field_value><field_value id="4"/><field_value id="600000042"/><field_value id="760000803"><value>Attribute Name</value></field_value><field_value id="3"><value>1378504065</value></field_value><field_value id="760000802"><value>Attribute Name</value></field_value><field_value id="2"><value>Demo</value></field_value><field_value id="760000801"><value>KSbe0e3a892d3d3c6dc3ac6e2e342337db5</value></field_value><field_value id="1"><value>000000000000660</value></field_value><field_value id="760000800"><value>Dynamic List</value></field_value></entry><entry id="000000000000661"><field_value id="700002000"/><field_value id="700001046"/><field_value id="700001043"/><field_value id="179"><value>IDa77ac1b511605a1a883bdb9735a9030cd</value></field_value><field_value id="760000200"><value>Data Management Console - Bridge Model Attributes</value></field_value><field_value id="760000402"><value>1</value></field_value><field_value id="760000400"><value>By Bridge Name</value></field_value><field_value id="760000809"><value>KS00505696001CxPcoUgb5UrZgQ-3v</value></field_value><field_value id="8"><value>N/A</value></field_value><field_value id="7"><value>0</value></field_value><field_value id="6"><value>1378506631</value></field_value><field_value id="600000043"/><field_value id="5"><value>Demo</value></field_value><field_value id="760000804"><value>KS66cd062b029d932cddfe144bef71a8f03</value></field_value><field_value id="4"/><field_value id="600000042"/><field_value id="760000803"><value>Attribute Name</value></field_value><field_value id="3"><value>1378506612</value></field_value><field_value id="760000802"><value>Attribute Name</value></field_value><field_value id="2"><value>Demo</value></field_value><field_value id="760000801"><value>ID7f41cc070693ae682795a347148696d83</value></field_value><field_value id="1"><value>000000000000661</value></field_value><field_value id="760000800"><value>Populate Menu</value></field_value></entry><entry id="000000000000662"><field_value id="700002000"/><field_value id="700001046"/><field_value id="700001043"/><field_value id="179"><value>KS651c966514c0e2d15246d1e507982cb2e</value></field_value><field_value id="760000200"><value>Data Management Console - Bridge Model Attributes</value></field_value><field_value id="760000402"><value>1</value></field_value><field_value id="760000400"><value>By Bridge Name</value></field_value><field_value id="760000809"><value>KSHAA5V0HIB4WAOBKU7WIIVMCYNXPT</value></field_value><field_value id="8"><value>N/A</value></field_value><field_value id="7"><value>0</value></field_value><field_value id="6"><value>1453883707</value></field_value><field_value id="600000043"/><field_value id="5"><value>Demo</value></field_value><field_value id="760000804"><value>KS66cd062b029d932cddfe144bef71a8f03</value></field_value><field_value id="4"/><field_value id="600000042"/><field_value id="760000803"><value>Attribute Name</value></field_value><field_value id="3"><value>1378507059</value></field_value><field_value id="760000802"><value>Attribute Name</value></field_value><field_value id="2"><value>Demo</value></field_value><field_value id="760000801"><value>KS274b476bdb7a9b298f9f4b22890e2c5ca</value></field_value><field_value id="1"><value>000000000000662</value></field_value><field_value id="760000800"><value>Dynamic List</value></field_value></entry><entry id="000000000000663"><field_value id="700002000"/><field_value id="700001046"/><field_value id="700001043"/><field_value id="179"><value>ID1cced00a7e1cc3e52c73e1a7539826eee</value></field_value><field_value id="760000200"><value>Data Management Console - Bridge Model Attributes</value></field_value><field_value id="760000402"><value>1</value></field_value><field_value id="760000400"><value>By Bridge Name</value></field_value><field_value id="760000809"><value>KS00505696001CtPkoUg6CczZgdvbv</value></field_value><field_value id="8"><value>N/A</value></field_value><field_value id="7"><value>0</value></field_value><field_value id="6"><value>1378507140</value></field_value><field_value id="600000043"/><field_value id="5"><value>Demo</value></field_value><field_value id="760000804"><value>KS66cd062b029d932cddfe144bef71a8f03</value></field_value><field_value id="4"/><field_value id="600000042"/><field_value id="760000803"><value>Attribute Name</value></field_value><field_value id="3"><value>1378507130</value></field_value><field_value id="760000802"><value>Attribute Name</value></field_value><field_value id="2"><value>Demo</value></field_value><field_value id="760000801"><value>ID6e4ed39c1a6069e147f6dec2c58840370</value></field_value><field_value id="1"><value>000000000000663</value></field_value><field_value id="760000800"><value>Populate Menu</value></field_value></entry><entry id="000000000000664"><field_value id="700002000"/><field_value id="700001046"/><field_value id="700001043"/><field_value id="179"><value>KSedf6eb03071465fc36792ece1b5be5064</value></field_value><field_value id="760000200"><value>Data Management Console - Bridge Qualification Parameters</value></field_value><field_value id="760000402"><value>1</value></field_value><field_value id="760000400"><value>By Bridge and by Qualification</value></field_value><field_value id="760000809"><value>KSHAA5V0HIB4WAOBKU4PIITFEKNXJE</value></field_value><field_value id="8"><value>N/A</value></field_value><field_value id="7"><value>0</value></field_value><field_value id="6"><value>1453883605</value></field_value><field_value id="600000043"/><field_value id="5"><value>Demo</value></field_value><field_value id="760000804"><value>KS66cd062b029d932cddfe144bef71a8f03</value></field_value><field_value id="4"/><field_value id="600000042"/><field_value id="760000803"><value>Name</value></field_value><field_value id="3"><value>1378962820</value></field_value><field_value id="760000802"><value>Name</value></field_value><field_value id="2"><value>Demo</value></field_value><field_value id="760000801"><value>KScd55c9cac2ee92ae2ee7aa1086bfbed80</value></field_value><field_value id="1"><value>000000000000664</value></field_value><field_value id="760000800"><value>Dynamic List</value></field_value></entry><entry id="000000000000665"><field_value id="700002000"/><field_value id="700001046"/><field_value id="700001043"/><field_value id="179"><value>ID898ae3b12a151d88591e50e220238710d</value></field_value><field_value id="760000200"><value>Data Management Console - Bridge Qualification Parameters</value></field_value><field_value id="760000402"><value>1</value></field_value><field_value id="760000400"><value>By Bridge and by Qualification</value></field_value><field_value id="760000809"><value>ID00505696001CMsgwUgAsOxhAH7QD</value></field_value><field_value id="8"><value>N/A</value></field_value><field_value id="7"><value>0</value></field_value><field_value id="6"><value>1379018696</value></field_value><field_value id="600000043"/><field_value id="5"><value>Demo</value></field_value><field_value id="760000804"><value>KS66cd062b029d932cddfe144bef71a8f03</value></field_value><field_value id="4"/><field_value id="600000042"/><field_value id="760000803"><value>Name</value></field_value><field_value id="3"><value>1378963473</value></field_value><field_value id="760000802"><value>Name</value></field_value><field_value id="2"><value>Demo</value></field_value><field_value id="760000801"><value>IDed885f89712ed628eed8689eb4bf9883d</value></field_value><field_value id="1"><value>000000000000665</value></field_value><field_value id="760000800"><value>Populate Menu</value></field_value></entry><entry id="000000000000666"><field_value id="700002000"/><field_value id="700001046"/><field_value id="700001043"/><field_value id="179"><value>KS6ae87f02c7c67010b8ea50ef48cf6f754</value></field_value><field_value id="760000200"><value>Data Management Console - Helper Data</value></field_value><field_value id="760000402"><value>1</value></field_value><field_value id="760000400"><value>Index 1 | Index 2 | Index 3 (exact match/null)</value></field_value><field_value id="760000809"><value>KSHAA5V0HIB4WAOBKU1MIIQRUUNWXC</value></field_value><field_value id="8"><value>N/A</value></field_value><field_value id="7"><value>0</value></field_value><field_value id="6"><value>1453883554</value></field_value><field_value id="600000043"/><field_value id="5"><value>Demo</value></field_value><field_value id="760000804"><value>KS66cd062b029d932cddfe144bef71a8f03</value></field_value><field_value id="4"/><field_value id="600000042"/><field_value id="760000803"><value>Character Field 1</value></field_value><field_value id="3"><value>1379113756</value></field_value><field_value id="760000802"><value>Character Field 1</value></field_value><field_value id="2"><value>KD_WEBUSER</value></field_value><field_value id="760000801"><value>KS1069b596239c473d74e73d344601c7dcd</value></field_value><field_value id="1"><value>000000000000666</value></field_value><field_value id="760000800"><value>Dynamic List</value></field_value></entry><entry id="000000000000667"><field_value id="700002000"/><field_value id="700001046"/><field_value id="700001043"/><field_value id="179"><value>IDec261970fbbd9b5518043f1acb46a7f76</value></field_value><field_value id="760000200"><value>Data Management Console - Bridge Qualification Parameters</value></field_value><field_value id="760000402"><value>0</value></field_value><field_value id="760000400"><value>By Bridge and by Qualification and by Parameter</value></field_value><field_value id="760000809"><value>KS00505696001Cpmg2UgwQH3BgDvsD</value></field_value><field_value id="8"><value>N/A</value></field_value><field_value id="7"><value>0</value></field_value><field_value id="6"><value>1379387730</value></field_value><field_value id="600000043"/><field_value id="5"><value>Demo</value></field_value><field_value id="760000804"><value>KS66cd062b029d932cddfe144bef71a8f03</value></field_value><field_value id="4"/><field_value id="600000042"/><field_value id="760000803"/><field_value id="3"><value>1379387538</value></field_value><field_value id="760000802"/><field_value id="2"><value>Demo</value></field_value><field_value id="760000801"><value>ID3c64061b9fba82d2306895e77b438df85</value></field_value><field_value id="1"><value>000000000000667</value></field_value><field_value id="760000800"><value>Set Fields - External</value></field_value></entry><entry id="000000000000668"><field_value id="700002000"/><field_value id="700001046"/><field_value id="700001043"/><field_value id="179"><value>ID0f693a7293b4b5dd48687db61b47c0938</value></field_value><field_value id="760000200"><value>Data Management Console - Helper Data</value></field_value><field_value id="760000402"><value>0</value></field_value><field_value id="760000400"><value>By Record Id</value></field_value><field_value id="760000809"><value>KS00505696001CasxHUgpbYKGATL0P</value></field_value><field_value id="8"><value>N/A</value></field_value><field_value id="7"><value>0</value></field_value><field_value id="6"><value>1380527150</value></field_value><field_value id="600000043"/><field_value id="5"><value>Demo</value></field_value><field_value id="760000804"><value>KS66cd062b029d932cddfe144bef71a8f03</value></field_value><field_value id="4"/><field_value id="600000042"/><field_value id="760000803"/><field_value id="3"><value>1380527133</value></field_value><field_value id="760000802"/><field_value id="2"><value>Demo</value></field_value><field_value id="760000801"><value>IDa01846d86dfaf01ec5ab2bccdf8c4c57b</value></field_value><field_value id="1"><value>000000000000668</value></field_value><field_value id="760000800"><value>Custom</value></field_value></entry><entry id="000000000000669"><field_value id="700002000"/><field_value id="700001046"/><field_value id="700001043"/><field_value id="179"><value>KS1d7ef646c793d64ba6f332def1acdfe36</value></field_value><field_value id="760000200"><value>Groups</value></field_value><field_value id="760000402"><value>1</value></field_value><field_value id="760000400"><value>Find Current Regular Groups</value></field_value><field_value id="760000809"><value>KSHAA5V0HIB4WAOBKWYEI0ROXMOEL6</value></field_value><field_value id="8"><value>N/A</value></field_value><field_value id="7"><value>0</value></field_value><field_value id="6"><value>1453886865</value></field_value><field_value id="600000043"/><field_value id="5"><value>Demo</value></field_value><field_value id="760000804"><value>KS66cd062b029d932cddfe144bef71a8f03</value></field_value><field_value id="4"/><field_value id="600000042"/><field_value id="760000803"><value>Group Name</value></field_value><field_value id="3"><value>1380654494</value></field_value><field_value id="760000802"><value>Group ID</value></field_value><field_value id="2"><value>Demo</value></field_value><field_value id="760000801"><value>KS35db58630eaadc52bbb7f16abf4dcb0fd</value></field_value><field_value id="1"><value>000000000000669</value></field_value><field_value id="760000800"><value>Dynamic List</value></field_value></entry></instance></xform></arsystem_xml_report>