<?xml version="1.0" encoding="UTF-8"?>
<arsystem_xml_report><xform id="KS_SRV_StyleApplied" remedy="http://www.w3.org/2000/xforms"><instance><field-info><field><name>_Encoded_URL</name><id>700009874</id><type>CHAR</type></field><field><name>StyleSelector</name><id>700070500</id><type>CHAR</type></field><field><name>_TempElementID</name><id>700062542</id><type>CHAR</type></field><field><name>Properties</name><id>700070530</id><type>CHAR</type></field><field><name>_TempSourceElementID</name><id>700062541</id><type>CHAR</type></field><field><name>SurveyInstanceID</name><id>700000850</id><type>CHAR</type></field><field><name>_Use_Edit</name><id>700050200</id><type>ENUM</type></field><field><name>_SourceElementId</name><id>700065841</id><type>CHAR</type></field><field><name>_ActionFive</name><id>700002001</id><type>CHAR</type></field><field><name>_ActionFour</name><id>700002000</id><type>CHAR</type></field><field><name>Clone_SourceInstanceID</name><id>700001046</id><type>CHAR</type></field><field><name>StyleType</name><id>700070510</id><type>CHAR</type></field><field><name>_Multi-Purpose-Integer</name><id>600000097</id><type>INTEGER</type></field><field><name>Element_Id</name><id>700070540</id><type>CHAR</type></field><field><name>_ActionThree</name><id>700001043</id><type>CHAR</type></field><field><name>OperationID</name><id>490000700</id><type>CHAR</type></field><field><name>instanceId</name><id>179</id><type>CHAR</type></field><field><name>_Multi-Purpose</name><id>600000090</id><type>CHAR</type></field><field><name>_Style_Properties</name><id>700006500</id><type>CHAR</type></field><field><name>AssigneeGroup</name><id>112</id><type>CHAR</type></field><field><name>Application</name><id>700036000</id><type>CHAR</type></field><field><name>Short Description</name><id>8</id><type>CHAR</type></field><field><name>Status</name><id>7</id><type>ENUM</type></field><field><name>Modified Date</name><id>6</id><type>TIME</type></field><field><name>_ActionTwo</name><id>600000043</id><type>CHAR</type></field><field><name>Last Modified By</name><id>5</id><type>CHAR</type></field><field><name>Assigned To</name><id>4</id><type>CHAR</type></field><field><name>_ActionOne</name><id>600000042</id><type>CHAR</type></field><field><name>Create Date</name><id>3</id><type>TIME</type></field><field><name>Submitter</name><id>2</id><type>CHAR</type></field><field><name>PageInstanceId</name><id>700002303</id><type>CHAR</type></field><field><name>Request ID</name><id>1</id><type>CHAR</type></field></field-info><entry id="000000000000317"><field_value id="700009874"/><field_value id="700070500"><value>#SECTION_KSf4adf76a4867b068a56b0dac3990d0c2b</value></field_value><field_value id="700062542"/><field_value id="700070530"><value>#SECTION_KSf4adf76a4867b068a56b0dac3990d0c2b{
margin-top:25px; 
}</value></field_value><field_value id="700062541"/><field_value id="700000850"><value>KS66cd062b029d932cddfe144bef71a8f03</value></field_value><field_value id="700050200"><value>0</value></field_value><field_value id="700065841"/><field_value id="700002001"/><field_value id="700002000"/><field_value id="700001046"/><field_value id="700070510"><value>HTML ID</value></field_value><field_value id="600000097"/><field_value id="700070540"><value>KSf4adf76a4867b068a56b0dac3990d0c2b</value></field_value><field_value id="700001043"/><field_value id="490000700"/><field_value id="179"><value>KS9a8723c9152cd1a2dfa4d056a8bc6f9bb</value></field_value><field_value id="600000090"/><field_value id="700006500"/><field_value id="112"><value>0;</value></field_value><field_value id="700036000"><value>Kinetic Request</value></field_value><field_value id="8"><value>na</value></field_value><field_value id="7"><value>0</value></field_value><field_value id="6"><value>1380655296</value></field_value><field_value id="600000043"/><field_value id="5"><value>Demo</value></field_value><field_value id="4"/><field_value id="600000042"/><field_value id="3"><value>1378530462</value></field_value><field_value id="2"><value>Demo</value></field_value><field_value id="700002303"><value>KS8e274b86eccf9e210bc88f6287acb51b7</value></field_value><field_value id="1"><value>000000000000317</value></field_value></entry><entry id="000000000000318"><field_value id="700009874"/><field_value id="700070500"><value>#QLAYER_KS327da9c352e2c6aa9cf4fc0fbe0779ea4</value></field_value><field_value id="700062542"/><field_value id="700070530"><value>#QLAYER_KS327da9c352e2c6aa9cf4fc0fbe0779ea4{
float: left; 
}</value></field_value><field_value id="700062541"/><field_value id="700000850"><value>KS66cd062b029d932cddfe144bef71a8f03</value></field_value><field_value id="700050200"/><field_value id="700065841"/><field_value id="700002001"/><field_value id="700002000"/><field_value id="700001046"/><field_value id="700070510"><value>HTML ID</value></field_value><field_value id="600000097"/><field_value id="700070540"><value>KS21f6e66502b9cf6e14e0a16613fadebe5</value></field_value><field_value id="700001043"/><field_value id="490000700"/><field_value id="179"><value>KS75f84192f5eb268de20789dffa742d3d9</value></field_value><field_value id="600000090"/><field_value id="700006500"/><field_value id="112"><value>0;</value></field_value><field_value id="700036000"><value>Kinetic Request</value></field_value><field_value id="8"><value>na</value></field_value><field_value id="7"><value>0</value></field_value><field_value id="6"><value>1380655296</value></field_value><field_value id="600000043"/><field_value id="5"><value>Demo</value></field_value><field_value id="4"/><field_value id="600000042"/><field_value id="3"><value>1380391546</value></field_value><field_value id="2"><value>Demo</value></field_value><field_value id="700002303"><value>KS8e274b86eccf9e210bc88f6287acb51b7</value></field_value><field_value id="1"><value>000000000000318</value></field_value></entry><entry id="000000000000319"><field_value id="700009874"/><field_value id="700070500"><value>#QLABEL_KS327da9c352e2c6aa9cf4fc0fbe0779ea4</value></field_value><field_value id="700062542"/><field_value id="700070530"><value>#QLABEL_KS327da9c352e2c6aa9cf4fc0fbe0779ea4{
width:194px; 
}</value></field_value><field_value id="700062541"/><field_value id="700000850"><value>KS66cd062b029d932cddfe144bef71a8f03</value></field_value><field_value id="700050200"/><field_value id="700065841"/><field_value id="700002001"/><field_value id="700002000"/><field_value id="700001046"/><field_value id="700070510"><value>HTML ID</value></field_value><field_value id="600000097"/><field_value id="700070540"><value>KS21f6e66502b9cf6e14e0a16613fadebe5</value></field_value><field_value id="700001043"/><field_value id="490000700"/><field_value id="179"><value>KSac0b85780a9709e9c6ddad1a8a3b184a6</value></field_value><field_value id="600000090"/><field_value id="700006500"/><field_value id="112"><value>0;</value></field_value><field_value id="700036000"><value>Kinetic Request</value></field_value><field_value id="8"><value>na</value></field_value><field_value id="7"><value>0</value></field_value><field_value id="6"><value>1380655296</value></field_value><field_value id="600000043"/><field_value id="5"><value>Demo</value></field_value><field_value id="4"/><field_value id="600000042"/><field_value id="3"><value>1380391828</value></field_value><field_value id="2"><value>Demo</value></field_value><field_value id="700002303"><value>KS8e274b86eccf9e210bc88f6287acb51b7</value></field_value><field_value id="1"><value>000000000000319</value></field_value></entry><entry id="000000000000320"><field_value id="700009874"/><field_value id="700070500"><value>#DYNAMIC_TEXT_KSa32790417ee2962fa1c02c30cff430b9c</value></field_value><field_value id="700062542"/><field_value id="700070530"><value>#DYNAMIC_TEXT_KSa32790417ee2962fa1c02c30cff430b9c{
float: left; 
}</value></field_value><field_value id="700062541"/><field_value id="700000850"><value>KS66cd062b029d932cddfe144bef71a8f03</value></field_value><field_value id="700050200"><value>0</value></field_value><field_value id="700065841"/><field_value id="700002001"/><field_value id="700002000"/><field_value id="700001046"/><field_value id="700070510"><value>HTML ID</value></field_value><field_value id="600000097"/><field_value id="700070540"><value>KSa32790417ee2962fa1c02c30cff430b9c</value></field_value><field_value id="700001043"/><field_value id="490000700"/><field_value id="179"><value>KS0a6e6b5dcdede0d9a25bb5c3f9850aab5</value></field_value><field_value id="600000090"/><field_value id="700006500"/><field_value id="112"><value>0;</value></field_value><field_value id="700036000"><value>Kinetic Request</value></field_value><field_value id="8"><value>na</value></field_value><field_value id="7"><value>0</value></field_value><field_value id="6"><value>1380655296</value></field_value><field_value id="600000043"/><field_value id="5"><value>Demo</value></field_value><field_value id="4"/><field_value id="600000042"/><field_value id="3"><value>1380650772</value></field_value><field_value id="2"><value>Demo</value></field_value><field_value id="700002303"><value>KS8e274b86eccf9e210bc88f6287acb51b7</value></field_value><field_value id="1"><value>000000000000320</value></field_value></entry><entry id="000000000000321"><field_value id="700009874"/><field_value id="700070500"><value>#DYNAMIC_TEXT_KSc894738484e7923079e9875c72044d820</value></field_value><field_value id="700062542"/><field_value id="700070530"><value>#DYNAMIC_TEXT_KSc894738484e7923079e9875c72044d820{
float: left; 
}</value></field_value><field_value id="700062541"/><field_value id="700000850"><value>KS66cd062b029d932cddfe144bef71a8f03</value></field_value><field_value id="700050200"><value>0</value></field_value><field_value id="700065841"/><field_value id="700002001"/><field_value id="700002000"/><field_value id="700001046"/><field_value id="700070510"><value>HTML ID</value></field_value><field_value id="600000097"/><field_value id="700070540"><value>KSc894738484e7923079e9875c72044d820</value></field_value><field_value id="700001043"/><field_value id="490000700"/><field_value id="179"><value>KS2f2a03784b24048337ea5a01588613400</value></field_value><field_value id="600000090"/><field_value id="700006500"/><field_value id="112"><value>0;</value></field_value><field_value id="700036000"><value>Kinetic Request</value></field_value><field_value id="8"><value>na</value></field_value><field_value id="7"><value>0</value></field_value><field_value id="6"><value>1380655296</value></field_value><field_value id="600000043"/><field_value id="5"><value>Demo</value></field_value><field_value id="4"/><field_value id="600000042"/><field_value id="3"><value>1380650784</value></field_value><field_value id="2"><value>Demo</value></field_value><field_value id="700002303"><value>KS8e274b86eccf9e210bc88f6287acb51b7</value></field_value><field_value id="1"><value>000000000000321</value></field_value></entry><entry id="000000000000322"><field_value id="700009874"/><field_value id="700070500"><value>#DYNAMIC_TEXT_KS739e98ce9aa50b1638792301e526aec0f</value></field_value><field_value id="700062542"/><field_value id="700070530"><value>#DYNAMIC_TEXT_KS739e98ce9aa50b1638792301e526aec0f{
float: left; 
}</value></field_value><field_value id="700062541"/><field_value id="700000850"><value>KS66cd062b029d932cddfe144bef71a8f03</value></field_value><field_value id="700050200"><value>0</value></field_value><field_value id="700065841"/><field_value id="700002001"/><field_value id="700002000"/><field_value id="700001046"/><field_value id="700070510"><value>HTML ID</value></field_value><field_value id="600000097"/><field_value id="700070540"><value>KS739e98ce9aa50b1638792301e526aec0f</value></field_value><field_value id="700001043"/><field_value id="490000700"/><field_value id="179"><value>KSc58a6670a5705a10a420d55e90dfbb2e6</value></field_value><field_value id="600000090"/><field_value id="700006500"/><field_value id="112"><value>0;</value></field_value><field_value id="700036000"><value>Kinetic Request</value></field_value><field_value id="8"><value>na</value></field_value><field_value id="7"><value>0</value></field_value><field_value id="6"><value>1380655296</value></field_value><field_value id="600000043"/><field_value id="5"><value>Demo</value></field_value><field_value id="4"/><field_value id="600000042"/><field_value id="3"><value>1380651179</value></field_value><field_value id="2"><value>Demo</value></field_value><field_value id="700002303"><value>KS8e274b86eccf9e210bc88f6287acb51b7</value></field_value><field_value id="1"><value>000000000000322</value></field_value></entry></instance></xform></arsystem_xml_report>