<?xml version="1.0" encoding="UTF-8"?>
<arsystem_xml_report><xform id="KS_SRV_FieldMap" remedy="http://www.w3.org/2000/xforms"><instance><field-info><field><name>Mapping_Source</name><id>600000300</id><type>CHAR</type></field><field><name>_ActionTwo</name><id>600000043</id><type>CHAR</type></field><field><name>_ActionOne</name><id>600000042</id><type>CHAR</type></field><field><name>FormEventInstanceId</name><id>700008060</id><type>CHAR</type></field><field><name>_SortOrderOffset</name><id>700002400</id><type>INTEGER</type></field><field><name>Table_Label</name><id>700073257</id><type>CHAR</type></field><field><name>Visible_In_Table</name><id>700073251</id><type>ENUM</type></field><field><name>Sort_Order</name><id>700073250</id><type>INTEGER</type></field><field><name>Short Description</name><id>8</id><type>CHAR</type></field><field><name>Status</name><id>7</id><type>ENUM</type></field><field><name>Modified Date</name><id>6</id><type>TIME</type></field><field><name>Last Modified By</name><id>5</id><type>CHAR</type></field><field><name>Assigned To</name><id>4</id><type>CHAR</type></field><field><name>Create Date</name><id>3</id><type>TIME</type></field><field><name>Submitter</name><id>2</id><type>CHAR</type></field><field><name>Request ID</name><id>1</id><type>CHAR</type></field><field><name>OperationID</name><id>490000700</id><type>CHAR</type></field><field><name>_Multi-Purpose2</name><id>600000091</id><type>CHAR</type></field><field><name>_Multi-Purpose</name><id>600000090</id><type>CHAR</type></field><field><name>_SourceSurveyID</name><id>700001953</id><type>CHAR</type></field><field><name>SourceInstanceID</name><id>700000876</id><type>CHAR</type></field><field><name>Value_Short</name><id>700000875</id><type>CHAR</type></field><field><name>Map Type</name><id>700000874</id><type>CHAR</type></field><field><name>Value_Long</name><id>700000873</id><type>CHAR</type></field><field><name>Source_Field_ID</name><id>700000872</id><type>CHAR</type></field><field><name>SourceField_Label</name><id>700000871</id><type>CHAR</type></field><field><name>SortOrderChangeTo</name><id>700001212</id><type>INTEGER</type></field><field><name>instanceId</name><id>179</id><type>CHAR</type></field><field><name>_tempValueString</name><id>700077902</id><type>CHAR</type></field><field><name>_end_location</name><id>700077901</id><type>INTEGER</type></field><field><name>_start_location</name><id>700077900</id><type>INTEGER</type></field><field><name>Value_Escaped</name><id>770000404</id><type>CHAR</type></field><field><name>Bridged_Resource</name><id>770000403</id><type>ENUM</type></field><field><name>FireChangeImmediately</name><id>770000402</id><type>ENUM</type></field><field><name>Clone_SourceInstanceID</name><id>700001046</id><type>CHAR</type></field><field><name>IntegrationSource_instanceid</name><id>700000899</id><type>CHAR</type></field><field><name>FireChangeEvent</name><id>770000401</id><type>ENUM</type></field><field><name>FireChangeEventFlag</name><id>770000400</id><type>ENUM</type></field><field><name>_ActionThree</name><id>700001043</id><type>CHAR</type></field><field><name>SurveyInstanceID</name><id>700000800</id><type>CHAR</type></field></field-info><entry id="000000000001503"><field_value id="600000300"><value>New Data Type Definition</value></field_value><field_value id="600000043"/><field_value id="600000042"/><field_value id="700008060"><value>ID35571e9ac4c16de043d50a8c089d67be5</value></field_value><field_value id="700002400"/><field_value id="700073257"/><field_value id="700073251"><value>0</value></field_value><field_value id="700073250"><value>1</value></field_value><field_value id="8"><value>na</value></field_value><field_value id="7"><value>0</value></field_value><field_value id="6"><value>1378915297</value></field_value><field_value id="5"><value>KD_WEBUSER</value></field_value><field_value id="4"/><field_value id="3"><value>1378915297</value></field_value><field_value id="2"><value>KD_WEBUSER</value></field_value><field_value id="1"><value>000000000001503</value></field_value><field_value id="490000700"><value>KS00505696001C9jMvUgNruGfghIn_</value></field_value><field_value id="600000091"/><field_value id="600000090"/><field_value id="700001953"/><field_value id="700000876"><value>na</value></field_value><field_value id="700000875"><value>Request ID</value></field_value><field_value id="700000874"><value>Inbound - Internal</value></field_value><field_value id="700000873"><value>Request ID</value></field_value><field_value id="700000872"><value>KSaf1a79d4c530a76a4ffc89032adfb0888</value></field_value><field_value id="700000871"><value>Unique ID Field</value></field_value><field_value id="700001212"/><field_value id="179"><value>AGcbdd9d4cdf13b32c2a412c804b83d3d01</value></field_value><field_value id="700077902"/><field_value id="700077901"/><field_value id="700077900"/><field_value id="770000404"/><field_value id="770000403"/><field_value id="770000402"/><field_value id="700001046"/><field_value id="700000899"><value>na</value></field_value><field_value id="770000401"><value>0</value></field_value><field_value id="770000400"><value>0</value></field_value><field_value id="700001043"/><field_value id="700000800"><value>KS66cd062b029d932cddfe144bef71a8f03</value></field_value></entry><entry id="000000000001504"><field_value id="600000300"><value>New Data Type Definition</value></field_value><field_value id="600000043"/><field_value id="600000042"/><field_value id="700008060"><value>ID5b9d2e26a91a9cbdeb52dce5a063d6514</value></field_value><field_value id="700002400"/><field_value id="700073257"/><field_value id="700073251"><value>0</value></field_value><field_value id="700073250"><value>2</value></field_value><field_value id="8"><value>na</value></field_value><field_value id="7"><value>0</value></field_value><field_value id="6"><value>1379369885</value></field_value><field_value id="5"><value>Demo</value></field_value><field_value id="4"/><field_value id="3"><value>1378917196</value></field_value><field_value id="2"><value>KD_WEBUSER</value></field_value><field_value id="1"><value>000000000001504</value></field_value><field_value id="490000700"/><field_value id="600000091"/><field_value id="600000090"/><field_value id="700001953"/><field_value id="700000876"><value>na</value></field_value><field_value id="700000875"><value>Status</value></field_value><field_value id="700000874"><value>Inbound - Internal</value></field_value><field_value id="700000873"><value>Status</value></field_value><field_value id="700000872"><value>KSbe0e3a892d3d3c6dc3ac6e2e342337db5</value></field_value><field_value id="700000871"><value>Status field</value></field_value><field_value id="700001212"/><field_value id="179"><value>AG6d8bb7bad38899f20c75fd78fd81f7571</value></field_value><field_value id="700077902"/><field_value id="700077901"/><field_value id="700077900"/><field_value id="770000404"/><field_value id="770000403"/><field_value id="770000402"/><field_value id="700001046"/><field_value id="700000899"><value>na</value></field_value><field_value id="770000401"><value>0</value></field_value><field_value id="770000400"><value>0</value></field_value><field_value id="700001043"/><field_value id="700000800"><value>KS66cd062b029d932cddfe144bef71a8f03</value></field_value></entry><entry id="000000000001505"><field_value id="600000300"><value>New Data Type Definition</value></field_value><field_value id="600000043"/><field_value id="600000042"/><field_value id="700008060"><value>ID5b9d2e26a91a9cbdeb52dce5a063d6514</value></field_value><field_value id="700002400"/><field_value id="700073257"/><field_value id="700073251"><value>0</value></field_value><field_value id="700073250"><value>1</value></field_value><field_value id="8"><value>na</value></field_value><field_value id="7"><value>0</value></field_value><field_value id="6"><value>1379369885</value></field_value><field_value id="5"><value>Demo</value></field_value><field_value id="4"/><field_value id="3"><value>1379369882</value></field_value><field_value id="2"><value>Demo</value></field_value><field_value id="1"><value>000000000001505</value></field_value><field_value id="490000700"><value>ID00505696001C9yM2UgqrTqBQeFED</value></field_value><field_value id="600000091"/><field_value id="600000090"/><field_value id="700001953"/><field_value id="700000876"><value>na</value></field_value><field_value id="700000875"><value>Active::Inactive</value></field_value><field_value id="700000874"><value>Inbound - Internal</value></field_value><field_value id="700000873"><value>Active::Inactive</value></field_value><field_value id="700000872"><value>KS9490bc4c9908b5aa154d54a0a172e9486</value></field_value><field_value id="700000871"><value>Status toggle options</value></field_value><field_value id="700001212"/><field_value id="179"><value>AG498eba29c467f884775bef0c54ecb1da6</value></field_value><field_value id="700077902"/><field_value id="700077901"/><field_value id="700077900"/><field_value id="770000404"/><field_value id="770000403"/><field_value id="770000402"/><field_value id="700001046"/><field_value id="700000899"><value>na</value></field_value><field_value id="770000401"><value>1</value></field_value><field_value id="770000400"/><field_value id="700001043"/><field_value id="700000800"><value>KS66cd062b029d932cddfe144bef71a8f03</value></field_value></entry><entry id="000000000001506"><field_value id="600000300"><value>Kinetic Bridge</value></field_value><field_value id="600000043"/><field_value id="600000042"/><field_value id="700008060"><value>ID3c64061b9fba82d2306895e77b438df85</value></field_value><field_value id="700002400"/><field_value id="700073257"/><field_value id="700073251"><value>1</value></field_value><field_value id="700073250"><value>1</value></field_value><field_value id="8"><value>na</value></field_value><field_value id="7"><value>0</value></field_value><field_value id="6"><value>1379387731</value></field_value><field_value id="5"><value>Demo</value></field_value><field_value id="4"/><field_value id="3"><value>1379387710</value></field_value><field_value id="2"><value>Demo</value></field_value><field_value id="1"><value>000000000001506</value></field_value><field_value id="490000700"/><field_value id="600000091"/><field_value id="600000090"/><field_value id="700001953"/><field_value id="700000876"><value>IDec261970fbbd9b5518043f1acb46a7f76</value></field_value><field_value id="700000875"><value>&lt;%=attribute["Notes"]%&gt; </value></field_value><field_value id="700000874"><value>Inbound - Data Source</value></field_value><field_value id="700000873"><value>&lt;%=attribute["Notes"]%&gt; </value></field_value><field_value id="700000872"><value>KS77efa6488783a433b7ecbbbab043cfa8f</value></field_value><field_value id="700000871"><value>Bridge Parameter Notes-Hidden</value></field_value><field_value id="700001212"/><field_value id="179"><value>AG89e977e0e6b85c9396047a3b6929d296d</value></field_value><field_value id="700077902"/><field_value id="700077901"/><field_value id="700077900"/><field_value id="770000404"><value>&lt;%=attribute[\\\"Notes\\\"]%&gt; </value></field_value><field_value id="770000403"><value>0</value></field_value><field_value id="770000402"/><field_value id="700001046"/><field_value id="700000899"><value>na</value></field_value><field_value id="770000401"><value>0</value></field_value><field_value id="770000400"><value>0</value></field_value><field_value id="700001043"/><field_value id="700000800"><value>KS66cd062b029d932cddfe144bef71a8f03</value></field_value></entry><entry id="000000000001507"><field_value id="600000300"><value>New Data Type Definition</value></field_value><field_value id="600000043"/><field_value id="600000042"/><field_value id="700008060"><value>ID8ecf5c0f862e002b6c79d638d4265ad81</value></field_value><field_value id="700002400"/><field_value id="700073257"/><field_value id="700073251"><value>0</value></field_value><field_value id="700073250"><value>1</value></field_value><field_value id="8"><value>na</value></field_value><field_value id="7"><value>0</value></field_value><field_value id="6"><value>1380727535</value></field_value><field_value id="5"><value>Demo</value></field_value><field_value id="4"/><field_value id="3"><value>1380664246</value></field_value><field_value id="2"><value>Demo</value></field_value><field_value id="1"><value>000000000001507</value></field_value><field_value id="490000700"/><field_value id="600000091"/><field_value id="600000090"/><field_value id="700001953"/><field_value id="700000876"><value>na</value></field_value><field_value id="700000875"><value>&lt;FLD&gt;Data Type Access;KSe19b3a8d896929b2deeea1eba8fb295ec&lt;/FLD&gt;&lt;FLD&gt;Data Type Permis;KS35db58630eaadc52bbb7f16abf4dcb0fd&lt;/FLD&gt;;</value></field_value><field_value id="700000874"><value>Inbound - Internal</value></field_value><field_value id="700000873"><value>&lt;FLD&gt;Data Type Access;KSe19b3a8d896929b2deeea1eba8fb295ec&lt;/FLD&gt;&lt;FLD&gt;Data Type Permis;KS35db58630eaadc52bbb7f16abf4dcb0fd&lt;/FLD&gt;;</value></field_value><field_value id="700000872"><value>KSe19b3a8d896929b2deeea1eba8fb295ec</value></field_value><field_value id="700000871"><value>Data Type Access Permissions</value></field_value><field_value id="700001212"/><field_value id="179"><value>AGaf010659a15b907a41f92d75119ec1943</value></field_value><field_value id="700077902"/><field_value id="700077901"/><field_value id="700077900"/><field_value id="770000404"/><field_value id="770000403"/><field_value id="770000402"/><field_value id="700001046"/><field_value id="700000899"><value>na</value></field_value><field_value id="770000401"><value>1</value></field_value><field_value id="770000400"/><field_value id="700001043"/><field_value id="700000800"><value>KS66cd062b029d932cddfe144bef71a8f03</value></field_value></entry><entry id="000000000001508"><field_value id="600000300"><value>New Data Type Definition</value></field_value><field_value id="600000043"/><field_value id="600000042"/><field_value id="700008060"><value>ID8ecf5c0f862e002b6c79d638d4265ad81</value></field_value><field_value id="700002400"/><field_value id="700073257"/><field_value id="700073251"><value>0</value></field_value><field_value id="700073250"><value>2</value></field_value><field_value id="8"><value>na</value></field_value><field_value id="7"><value>0</value></field_value><field_value id="6"><value>1380664262</value></field_value><field_value id="5"><value>Demo</value></field_value><field_value id="4"/><field_value id="3"><value>1380664262</value></field_value><field_value id="2"><value>Demo</value></field_value><field_value id="1"><value>000000000001508</value></field_value><field_value id="490000700"><value>KS00505696001C0ONJUgJh02IA6ooW</value></field_value><field_value id="600000091"/><field_value id="600000090"/><field_value id="700001953"/><field_value id="700000876"><value>na</value></field_value><field_value id="700000875"><value>$\NULL$</value></field_value><field_value id="700000874"><value>Inbound - Internal</value></field_value><field_value id="700000873"><value>$\NULL$</value></field_value><field_value id="700000872"><value>KS35db58630eaadc52bbb7f16abf4dcb0fd</value></field_value><field_value id="700000871"><value>Data Type Permissions Update</value></field_value><field_value id="700001212"/><field_value id="179"><value>AG70124ae9e0941b60d1bc0fb0cb97ad545</value></field_value><field_value id="700077902"/><field_value id="700077901"/><field_value id="700077900"/><field_value id="770000404"/><field_value id="770000403"/><field_value id="770000402"/><field_value id="700001046"/><field_value id="700000899"><value>na</value></field_value><field_value id="770000401"><value>1</value></field_value><field_value id="770000400"/><field_value id="700001043"/><field_value id="700000800"><value>KS66cd062b029d932cddfe144bef71a8f03</value></field_value></entry></instance></xform></arsystem_xml_report>