<?xml version="1.0" encoding="UTF-8"?>
<arsystem_xml_report><xform id="KS_SRV_SurveyQuestionChoice" remedy="http://www.w3.org/2000/xforms"><instance><field-info><field><name>_Multi-Purpose12</name><id>600000101</id><type>CHAR</type></field><field><name>Label</name><id>700000820</id><type>CHAR</type></field><field><name>SurveyInstanceID</name><id>700000850</id><type>CHAR</type></field><field><name>Order</name><id>700000014</id><type>INTEGER</type></field><field><name>Score</name><id>700000013</id><type>INTEGER</type></field><field><name>_AuditContext</name><id>600001020</id><type>CHAR</type></field><field><name>Clone_SourceInstanceID</name><id>700001046</id><type>CHAR</type></field><field><name>_Multi-Purpose10</name><id>600000099</id><type>CHAR</type></field><field><name>_Multi-Purpose9</name><id>600000098</id><type>CHAR</type></field><field><name>Choice_Type</name><id>700000800</id><type>CHAR</type></field><field><name>_Multi-Purpose7</name><id>600000096</id><type>CHAR</type></field><field><name>_Multi-Purpose6</name><id>600000095</id><type>CHAR</type></field><field><name>_Multi-Purpose5</name><id>600000094</id><type>CHAR</type></field><field><name>_Multi-Purpose4</name><id>600000093</id><type>CHAR</type></field><field><name>_Multi-Purpose3</name><id>600000092</id><type>CHAR</type></field><field><name>_Multi-Purpose2</name><id>600000091</id><type>CHAR</type></field><field><name>instanceId</name><id>179</id><type>CHAR</type></field><field><name>_Multi-Purpose</name><id>600000090</id><type>CHAR</type></field><field><name>GenericChoice</name><id>600000820</id><type>ENUM</type></field><field><name>AssigneeGroup</name><id>112</id><type>CHAR</type></field><field><name>Application</name><id>700036000</id><type>CHAR</type></field><field><name>Short Description</name><id>8</id><type>CHAR</type></field><field><name>Value</name><id>700000810</id><type>CHAR</type></field><field><name>Status</name><id>7</id><type>ENUM</type></field><field><name>Modified Date</name><id>6</id><type>TIME</type></field><field><name>_ActionTwo</name><id>600000043</id><type>CHAR</type></field><field><name>Last Modified By</name><id>5</id><type>CHAR</type></field><field><name>Assigned To</name><id>4</id><type>CHAR</type></field><field><name>_ActionOne</name><id>600000042</id><type>CHAR</type></field><field><name>Create Date</name><id>3</id><type>TIME</type></field><field><name>Submitter</name><id>2</id><type>CHAR</type></field><field><name>Request ID</name><id>1</id><type>CHAR</type></field></field-info><entry id="000000000001012"><field_value id="600000101"/><field_value id="700000820"><value>Visible in Table</value></field_value><field_value id="700000850"><value>KS66cd062b029d932cddfe144bef71a8f03</value></field_value><field_value id="700000014"><value>1</value></field_value><field_value id="700000013"><value>0</value></field_value><field_value id="600001020"/><field_value id="700001046"/><field_value id="600000099"/><field_value id="600000098"/><field_value id="700000800"><value>Visible in table</value></field_value><field_value id="600000096"/><field_value id="600000095"/><field_value id="600000094"/><field_value id="600000093"/><field_value id="600000092"/><field_value id="600000091"/><field_value id="179"><value>AGc5dcc36e4126176a339d09637c896321e</value></field_value><field_value id="600000090"/><field_value id="600000820"/><field_value id="112"/><field_value id="700036000"><value>Kinetic Request</value></field_value><field_value id="8"><value>na</value></field_value><field_value id="700000810"><value>Yes</value></field_value><field_value id="7"><value>0</value></field_value><field_value id="6"><value>1378847053</value></field_value><field_value id="600000043"/><field_value id="5"><value>Demo</value></field_value><field_value id="4"/><field_value id="600000042"/><field_value id="3"><value>1378506058</value></field_value><field_value id="2"><value>Demo</value></field_value><field_value id="1"><value>000000000001012</value></field_value></entry><entry id="000000000001013"><field_value id="600000101"/><field_value id="700000820"><value>Text - Free form entry</value></field_value><field_value id="700000850"><value>KS66cd062b029d932cddfe144bef71a8f03</value></field_value><field_value id="700000014"><value>1</value></field_value><field_value id="700000013"><value>0</value></field_value><field_value id="600001020"/><field_value id="700001046"/><field_value id="600000099"/><field_value id="600000098"/><field_value id="700000800"><value>Field types</value></field_value><field_value id="600000096"/><field_value id="600000095"/><field_value id="600000094"/><field_value id="600000093"/><field_value id="600000092"/><field_value id="600000091"/><field_value id="179"><value>AGd68abb45dda4f4caa05937d9b7e7211cf</value></field_value><field_value id="600000090"/><field_value id="600000820"/><field_value id="112"/><field_value id="700036000"><value>Kinetic Request</value></field_value><field_value id="8"><value>na</value></field_value><field_value id="700000810"><value>Text - Free form entry</value></field_value><field_value id="7"><value>0</value></field_value><field_value id="6"><value>1378508713</value></field_value><field_value id="600000043"/><field_value id="5"><value>Demo</value></field_value><field_value id="4"/><field_value id="600000042"/><field_value id="3"><value>1378508713</value></field_value><field_value id="2"><value>Demo</value></field_value><field_value id="1"><value>000000000001013</value></field_value></entry><entry id="000000000001014"><field_value id="600000101"/><field_value id="700000820"><value>Text - Selection list</value></field_value><field_value id="700000850"><value>KS66cd062b029d932cddfe144bef71a8f03</value></field_value><field_value id="700000014"><value>2</value></field_value><field_value id="700000013"><value>0</value></field_value><field_value id="600001020"/><field_value id="700001046"/><field_value id="600000099"/><field_value id="600000098"/><field_value id="700000800"><value>Field types</value></field_value><field_value id="600000096"/><field_value id="600000095"/><field_value id="600000094"/><field_value id="600000093"/><field_value id="600000092"/><field_value id="600000091"/><field_value id="179"><value>AGcf2421d45288e27dd5f9dff10cd93797c</value></field_value><field_value id="600000090"/><field_value id="600000820"/><field_value id="112"/><field_value id="700036000"><value>Kinetic Request</value></field_value><field_value id="8"><value>na</value></field_value><field_value id="700000810"><value>Text - Selection list</value></field_value><field_value id="7"><value>0</value></field_value><field_value id="6"><value>1378508721</value></field_value><field_value id="600000043"/><field_value id="5"><value>Demo</value></field_value><field_value id="4"/><field_value id="600000042"/><field_value id="3"><value>1378508721</value></field_value><field_value id="2"><value>Demo</value></field_value><field_value id="1"><value>000000000001014</value></field_value></entry><entry id="000000000001015"><field_value id="600000101"/><field_value id="700000820"><value>Text - Date/time value</value></field_value><field_value id="700000850"><value>KS66cd062b029d932cddfe144bef71a8f03</value></field_value><field_value id="700000014"><value>3</value></field_value><field_value id="700000013"><value>0</value></field_value><field_value id="600001020"/><field_value id="700001046"/><field_value id="600000099"/><field_value id="600000098"/><field_value id="700000800"><value>Field types</value></field_value><field_value id="600000096"/><field_value id="600000095"/><field_value id="600000094"/><field_value id="600000093"/><field_value id="600000092"/><field_value id="600000091"/><field_value id="179"><value>AG9da038a884b0e8242bde342d2862de6c7</value></field_value><field_value id="600000090"/><field_value id="600000820"/><field_value id="112"/><field_value id="700036000"><value>Kinetic Request</value></field_value><field_value id="8"><value>na</value></field_value><field_value id="700000810"><value>Text - Date/time value</value></field_value><field_value id="7"><value>0</value></field_value><field_value id="6"><value>1378508773</value></field_value><field_value id="600000043"/><field_value id="5"><value>Demo</value></field_value><field_value id="4"/><field_value id="600000042"/><field_value id="3"><value>1378508773</value></field_value><field_value id="2"><value>Demo</value></field_value><field_value id="1"><value>000000000001015</value></field_value></entry><entry id="000000000001016"><field_value id="600000101"/><field_value id="700000820"><value>Integer</value></field_value><field_value id="700000850"><value>KS66cd062b029d932cddfe144bef71a8f03</value></field_value><field_value id="700000014"><value>4</value></field_value><field_value id="700000013"><value>0</value></field_value><field_value id="600001020"/><field_value id="700001046"/><field_value id="600000099"/><field_value id="600000098"/><field_value id="700000800"><value>Field types</value></field_value><field_value id="600000096"/><field_value id="600000095"/><field_value id="600000094"/><field_value id="600000093"/><field_value id="600000092"/><field_value id="600000091"/><field_value id="179"><value>AGf81df1895b0c4d0153d3f4fc434e39394</value></field_value><field_value id="600000090"/><field_value id="600000820"/><field_value id="112"/><field_value id="700036000"><value>Kinetic Request</value></field_value><field_value id="8"><value>na</value></field_value><field_value id="700000810"><value>Integer</value></field_value><field_value id="7"><value>0</value></field_value><field_value id="6"><value>1378508780</value></field_value><field_value id="600000043"/><field_value id="5"><value>Demo</value></field_value><field_value id="4"/><field_value id="600000042"/><field_value id="3"><value>1378508780</value></field_value><field_value id="2"><value>Demo</value></field_value><field_value id="1"><value>000000000001016</value></field_value></entry><entry id="000000000001017"><field_value id="600000101"/><field_value id="700000820"><value>Date/Time</value></field_value><field_value id="700000850"><value>KS66cd062b029d932cddfe144bef71a8f03</value></field_value><field_value id="700000014"><value>5</value></field_value><field_value id="700000013"><value>0</value></field_value><field_value id="600001020"/><field_value id="700001046"/><field_value id="600000099"/><field_value id="600000098"/><field_value id="700000800"><value>Field types</value></field_value><field_value id="600000096"/><field_value id="600000095"/><field_value id="600000094"/><field_value id="600000093"/><field_value id="600000092"/><field_value id="600000091"/><field_value id="179"><value>AGf45828a4f2292eae81e63bf7944c17734</value></field_value><field_value id="600000090"/><field_value id="600000820"/><field_value id="112"/><field_value id="700036000"><value>Kinetic Request</value></field_value><field_value id="8"><value>na</value></field_value><field_value id="700000810"><value>Date/Time</value></field_value><field_value id="7"><value>0</value></field_value><field_value id="6"><value>1378508785</value></field_value><field_value id="600000043"/><field_value id="5"><value>Demo</value></field_value><field_value id="4"/><field_value id="600000042"/><field_value id="3"><value>1378508785</value></field_value><field_value id="2"><value>Demo</value></field_value><field_value id="1"><value>000000000001017</value></field_value></entry><entry id="000000000001018"><field_value id="600000101"/><field_value id="700000820"><value>Date Only</value></field_value><field_value id="700000850"><value>KS66cd062b029d932cddfe144bef71a8f03</value></field_value><field_value id="700000014"><value>6</value></field_value><field_value id="700000013"><value>0</value></field_value><field_value id="600001020"/><field_value id="700001046"/><field_value id="600000099"/><field_value id="600000098"/><field_value id="700000800"><value>Field types</value></field_value><field_value id="600000096"/><field_value id="600000095"/><field_value id="600000094"/><field_value id="600000093"/><field_value id="600000092"/><field_value id="600000091"/><field_value id="179"><value>AG9370a76ee2659390855a602a374f26c75</value></field_value><field_value id="600000090"/><field_value id="600000820"/><field_value id="112"/><field_value id="700036000"><value>Kinetic Request</value></field_value><field_value id="8"><value>na</value></field_value><field_value id="700000810"><value>Date Only</value></field_value><field_value id="7"><value>0</value></field_value><field_value id="6"><value>1378508791</value></field_value><field_value id="600000043"/><field_value id="5"><value>Demo</value></field_value><field_value id="4"/><field_value id="600000042"/><field_value id="3"><value>1378508791</value></field_value><field_value id="2"><value>Demo</value></field_value><field_value id="1"><value>000000000001018</value></field_value></entry><entry id="000000000001019"><field_value id="600000101"/><field_value id="700000820"><value>Time Only</value></field_value><field_value id="700000850"><value>KS66cd062b029d932cddfe144bef71a8f03</value></field_value><field_value id="700000014"><value>7</value></field_value><field_value id="700000013"><value>0</value></field_value><field_value id="600001020"/><field_value id="700001046"/><field_value id="600000099"/><field_value id="600000098"/><field_value id="700000800"><value>Field types</value></field_value><field_value id="600000096"/><field_value id="600000095"/><field_value id="600000094"/><field_value id="600000093"/><field_value id="600000092"/><field_value id="600000091"/><field_value id="179"><value>AG8e03b0ba84501a2a59665ac71259892bf</value></field_value><field_value id="600000090"/><field_value id="600000820"/><field_value id="112"/><field_value id="700036000"><value>Kinetic Request</value></field_value><field_value id="8"><value>na</value></field_value><field_value id="700000810"><value>Time Only</value></field_value><field_value id="7"><value>0</value></field_value><field_value id="6"><value>1378508793</value></field_value><field_value id="600000043"/><field_value id="5"><value>Demo</value></field_value><field_value id="4"/><field_value id="600000042"/><field_value id="3"><value>1378508793</value></field_value><field_value id="2"><value>Demo</value></field_value><field_value id="1"><value>000000000001019</value></field_value></entry><entry id="000000000001020"><field_value id="600000101"/><field_value id="700000820"><value>Yes</value></field_value><field_value id="700000850"><value>KS66cd062b029d932cddfe144bef71a8f03</value></field_value><field_value id="700000014"><value>1</value></field_value><field_value id="700000013"><value>0</value></field_value><field_value id="600001020"/><field_value id="700001046"/><field_value id="600000099"/><field_value id="600000098"/><field_value id="700000800"><value>Yes/No</value></field_value><field_value id="600000096"/><field_value id="600000095"/><field_value id="600000094"/><field_value id="600000093"/><field_value id="600000092"/><field_value id="600000091"/><field_value id="179"><value>AG2fdbad96563d6d0aef4964dbfd8bff45f</value></field_value><field_value id="600000090"/><field_value id="600000820"/><field_value id="112"/><field_value id="700036000"><value>Kinetic Request</value></field_value><field_value id="8"><value>na</value></field_value><field_value id="700000810"><value>Yes</value></field_value><field_value id="7"><value>0</value></field_value><field_value id="6"><value>1378509217</value></field_value><field_value id="600000043"/><field_value id="5"><value>Demo</value></field_value><field_value id="4"/><field_value id="600000042"/><field_value id="3"><value>1378509217</value></field_value><field_value id="2"><value>Demo</value></field_value><field_value id="1"><value>000000000001020</value></field_value></entry><entry id="000000000001021"><field_value id="600000101"/><field_value id="700000820"><value>No</value></field_value><field_value id="700000850"><value>KS66cd062b029d932cddfe144bef71a8f03</value></field_value><field_value id="700000014"><value>2</value></field_value><field_value id="700000013"><value>0</value></field_value><field_value id="600001020"/><field_value id="700001046"/><field_value id="600000099"/><field_value id="600000098"/><field_value id="700000800"><value>Yes/No</value></field_value><field_value id="600000096"/><field_value id="600000095"/><field_value id="600000094"/><field_value id="600000093"/><field_value id="600000092"/><field_value id="600000091"/><field_value id="179"><value>AG4770779d7a0fdb01b0f0caf5ef3dd0892</value></field_value><field_value id="600000090"/><field_value id="600000820"/><field_value id="112"/><field_value id="700036000"><value>Kinetic Request</value></field_value><field_value id="8"><value>na</value></field_value><field_value id="700000810"><value>No</value></field_value><field_value id="7"><value>0</value></field_value><field_value id="6"><value>1378509219</value></field_value><field_value id="600000043"/><field_value id="5"><value>Demo</value></field_value><field_value id="4"/><field_value id="600000042"/><field_value id="3"><value>1378509219</value></field_value><field_value id="2"><value>Demo</value></field_value><field_value id="1"><value>000000000001021</value></field_value></entry><entry id="000000000001022"><field_value id="600000101"/><field_value id="700000820"><value>Active</value></field_value><field_value id="700000850"><value>KS66cd062b029d932cddfe144bef71a8f03</value></field_value><field_value id="700000014"><value>1</value></field_value><field_value id="700000013"><value>0</value></field_value><field_value id="600001020"/><field_value id="700001046"/><field_value id="600000099"/><field_value id="600000098"/><field_value id="700000800"><value>Data Type Definition Status</value></field_value><field_value id="600000096"/><field_value id="600000095"/><field_value id="600000094"/><field_value id="600000093"/><field_value id="600000092"/><field_value id="600000091"/><field_value id="179"><value>AG0f78e3defcfaf5aaee6159fba7ae2ec03</value></field_value><field_value id="600000090"/><field_value id="600000820"/><field_value id="112"/><field_value id="700036000"><value>Kinetic Request</value></field_value><field_value id="8"><value>na</value></field_value><field_value id="700000810"><value>Active</value></field_value><field_value id="7"><value>0</value></field_value><field_value id="6"><value>1380575416</value></field_value><field_value id="600000043"/><field_value id="5"><value>Demo</value></field_value><field_value id="4"/><field_value id="600000042"/><field_value id="3"><value>1380575416</value></field_value><field_value id="2"><value>Demo</value></field_value><field_value id="1"><value>000000000001022</value></field_value></entry><entry id="000000000001023"><field_value id="600000101"/><field_value id="700000820"><value>Inactive</value></field_value><field_value id="700000850"><value>KS66cd062b029d932cddfe144bef71a8f03</value></field_value><field_value id="700000014"><value>2</value></field_value><field_value id="700000013"><value>0</value></field_value><field_value id="600001020"/><field_value id="700001046"/><field_value id="600000099"/><field_value id="600000098"/><field_value id="700000800"><value>Data Type Definition Status</value></field_value><field_value id="600000096"/><field_value id="600000095"/><field_value id="600000094"/><field_value id="600000093"/><field_value id="600000092"/><field_value id="600000091"/><field_value id="179"><value>AG75900398e047f5d2cb351f13485216960</value></field_value><field_value id="600000090"/><field_value id="600000820"/><field_value id="112"/><field_value id="700036000"><value>Kinetic Request</value></field_value><field_value id="8"><value>na</value></field_value><field_value id="700000810"><value>Inactive</value></field_value><field_value id="7"><value>0</value></field_value><field_value id="6"><value>1380575420</value></field_value><field_value id="600000043"/><field_value id="5"><value>Demo</value></field_value><field_value id="4"/><field_value id="600000042"/><field_value id="3"><value>1380575420</value></field_value><field_value id="2"><value>Demo</value></field_value><field_value id="1"><value>000000000001023</value></field_value></entry><entry id="000000000001024"><field_value id="600000101"/><field_value id="700000820"><value>Delete</value></field_value><field_value id="700000850"><value>KS66cd062b029d932cddfe144bef71a8f03</value></field_value><field_value id="700000014"><value>3</value></field_value><field_value id="700000013"><value>0</value></field_value><field_value id="600001020"/><field_value id="700001046"/><field_value id="600000099"/><field_value id="600000098"/><field_value id="700000800"><value>Data Type Definition Status</value></field_value><field_value id="600000096"/><field_value id="600000095"/><field_value id="600000094"/><field_value id="600000093"/><field_value id="600000092"/><field_value id="600000091"/><field_value id="179"><value>AGeea1909b900b5290d66503a3f7666e98c</value></field_value><field_value id="600000090"/><field_value id="600000820"/><field_value id="112"/><field_value id="700036000"><value>Kinetic Request</value></field_value><field_value id="8"><value>na</value></field_value><field_value id="700000810"><value>Delete</value></field_value><field_value id="7"><value>0</value></field_value><field_value id="6"><value>1380575421</value></field_value><field_value id="600000043"/><field_value id="5"><value>Demo</value></field_value><field_value id="4"/><field_value id="600000042"/><field_value id="3"><value>1380575421</value></field_value><field_value id="2"><value>Demo</value></field_value><field_value id="1"><value>000000000001024</value></field_value></entry></instance></xform></arsystem_xml_report>