<?xml version="1.0" encoding="UTF-8"?>
<arsystem_xml_report><xform id="KS_SRV_DynAnswerHideShow_Items" remedy="http://www.w3.org/2000/xforms"><instance><field-info><field><name>AnswerValueItemInstanceId_DEPR</name><id>700001003</id><type>CHAR</type></field><field><name>ItemName</name><id>700001002</id><type>CHAR</type></field><field><name>ItemInstanceID</name><id>700001001</id><type>CHAR</type></field><field><name>SurveyInstanceID</name><id>700000850</id><type>CHAR</type></field><field><name>QuestionInstanceID</name><id>700000230</id><type>CHAR</type></field><field><name>_EventInstanceID</name><id>700004956</id><type>CHAR</type></field><field><name>Type</name><id>700001000</id><type>ENUM</type></field><field><name>_Element_ID</name><id>700004955</id><type>CHAR</type></field><field><name>EventInstanceID</name><id>536870917</id><type>CHAR</type></field><field><name>Element_Type</name><id>700001202</id><type>ENUM</type></field><field><name>Element_ID</name><id>536870913</id><type>CHAR</type></field><field><name>_OrigAnswerValueInstanceID</name><id>700001048</id><type>CHAR</type></field><field><name>CloneSourceSurveyInstanceID</name><id>700001047</id><type>CHAR</type></field><field><name>CloneSourceInstanceID</name><id>700001046</id><type>CHAR</type></field><field><name>CloneSourceQuestionInstanceID</name><id>700001045</id><type>CHAR</type></field><field><name>_OrigItemInstanceID</name><id>700001044</id><type>CHAR</type></field><field><name>_ActionThree</name><id>700001043</id><type>CHAR</type></field><field><name>OperationID</name><id>490000700</id><type>CHAR</type></field><field><name>_Multi-Purpose2</name><id>600000091</id><type>CHAR</type></field><field><name>instanceid</name><id>179</id><type>CHAR</type></field><field><name>_Multi-Purpose</name><id>600000090</id><type>CHAR</type></field><field><name>Short Description</name><id>8</id><type>CHAR</type></field><field><name>Status</name><id>7</id><type>ENUM</type></field><field><name>Modified Date</name><id>6</id><type>TIME</type></field><field><name>_ActionTwo</name><id>600000043</id><type>CHAR</type></field><field><name>Last Modified By</name><id>5</id><type>CHAR</type></field><field><name>Assigned To</name><id>4</id><type>CHAR</type></field><field><name>_ActionOne</name><id>600000042</id><type>CHAR</type></field><field><name>Create Date</name><id>3</id><type>TIME</type></field><field><name>Submitter</name><id>2</id><type>CHAR</type></field><field><name>Request ID</name><id>1</id><type>CHAR</type></field></field-info><entry id="000000000001059"><field_value id="700001003"/><field_value id="700001002"><value>Bridge Qualification</value></field_value><field_value id="700001001"/><field_value id="700000850"><value>KS66cd062b029d932cddfe144bef71a8f03</value></field_value><field_value id="700000230"><value>KS9fa90ce2bad928e4ceaefaf65157e783e</value></field_value><field_value id="700004956"/><field_value id="700001000"><value>1</value></field_value><field_value id="700004955"/><field_value id="536870917"><value>IDfe841726037315e63f8ec90289de1c7da</value></field_value><field_value id="700001202"/><field_value id="536870913"><value>QLAYER_KS8faee45a2d2a3ca3921373123fb3bce6e</value></field_value><field_value id="700001048"/><field_value id="700001047"/><field_value id="700001046"/><field_value id="700001045"/><field_value id="700001044"/><field_value id="700001043"/><field_value id="490000700"/><field_value id="600000091"/><field_value id="179"><value>AGe97d50b512fb09e3db6852aaf9811295d</value></field_value><field_value id="600000090"/><field_value id="8"><value>na</value></field_value><field_value id="7"><value>0</value></field_value><field_value id="6"><value>1378502678</value></field_value><field_value id="600000043"/><field_value id="5"><value>Demo</value></field_value><field_value id="4"/><field_value id="600000042"/><field_value id="3"><value>1378502678</value></field_value><field_value id="2"><value>Demo</value></field_value><field_value id="1"><value>000000000001059</value></field_value></entry><entry id="000000000001060"><field_value id="700001003"/><field_value id="700001002"><value>Unique ID Field</value></field_value><field_value id="700001001"/><field_value id="700000850"><value>KS66cd062b029d932cddfe144bef71a8f03</value></field_value><field_value id="700000230"><value>KS9fa90ce2bad928e4ceaefaf65157e783e</value></field_value><field_value id="700004956"/><field_value id="700001000"><value>1</value></field_value><field_value id="700004955"/><field_value id="536870917"><value>ID22f1d66aeda319842126f18d30e11dfa1</value></field_value><field_value id="700001202"/><field_value id="536870913"><value>QLAYER_KSaf1a79d4c530a76a4ffc89032adfb0888</value></field_value><field_value id="700001048"/><field_value id="700001047"/><field_value id="700001046"/><field_value id="700001045"/><field_value id="700001044"/><field_value id="700001043"/><field_value id="490000700"/><field_value id="600000091"/><field_value id="179"><value>AG7d90d08ae7c1d9802386e93262eaa731a</value></field_value><field_value id="600000090"/><field_value id="8"><value>na</value></field_value><field_value id="7"><value>0</value></field_value><field_value id="6"><value>1378503070</value></field_value><field_value id="600000043"/><field_value id="5"><value>Demo</value></field_value><field_value id="4"/><field_value id="600000042"/><field_value id="3"><value>1378503070</value></field_value><field_value id="2"><value>Demo</value></field_value><field_value id="1"><value>000000000001060</value></field_value></entry><entry id="000000000001061"><field_value id="700001003"/><field_value id="700001002"><value>Status field</value></field_value><field_value id="700001001"/><field_value id="700000850"><value>KS66cd062b029d932cddfe144bef71a8f03</value></field_value><field_value id="700000230"><value>KS9fa90ce2bad928e4ceaefaf65157e783e</value></field_value><field_value id="700004956"/><field_value id="700001000"><value>1</value></field_value><field_value id="700004955"/><field_value id="536870917"><value>ID7f41cc070693ae682795a347148696d83</value></field_value><field_value id="700001202"/><field_value id="536870913"><value>QLAYER_KSbe0e3a892d3d3c6dc3ac6e2e342337db5</value></field_value><field_value id="700001048"/><field_value id="700001047"/><field_value id="700001046"/><field_value id="700001045"/><field_value id="700001044"/><field_value id="700001043"/><field_value id="490000700"/><field_value id="600000091"/><field_value id="179"><value>AGc2a76e4412319d003a2d2331e27e7a52e</value></field_value><field_value id="600000090"/><field_value id="8"><value>na</value></field_value><field_value id="7"><value>0</value></field_value><field_value id="6"><value>1378506631</value></field_value><field_value id="600000043"/><field_value id="5"><value>Demo</value></field_value><field_value id="4"/><field_value id="600000042"/><field_value id="3"><value>1378506631</value></field_value><field_value id="2"><value>Demo</value></field_value><field_value id="1"><value>000000000001061</value></field_value></entry><entry id="000000000001062"><field_value id="700001003"/><field_value id="700001002"><value>Data Source Field</value></field_value><field_value id="700001001"/><field_value id="700000850"><value>KS66cd062b029d932cddfe144bef71a8f03</value></field_value><field_value id="700000230"><value>KS9fa90ce2bad928e4ceaefaf65157e783e</value></field_value><field_value id="700004956"/><field_value id="700001000"><value>1</value></field_value><field_value id="700004955"/><field_value id="536870917"><value>ID6e4ed39c1a6069e147f6dec2c58840370</value></field_value><field_value id="700001202"/><field_value id="536870913"><value>QLAYER_KS274b476bdb7a9b298f9f4b22890e2c5ca</value></field_value><field_value id="700001048"/><field_value id="700001047"/><field_value id="700001046"/><field_value id="700001045"/><field_value id="700001044"/><field_value id="700001043"/><field_value id="490000700"/><field_value id="600000091"/><field_value id="179"><value>AGab3fbbbea7ec17e0cae4515f6f0ad3690</value></field_value><field_value id="600000090"/><field_value id="8"><value>na</value></field_value><field_value id="7"><value>0</value></field_value><field_value id="6"><value>1378507140</value></field_value><field_value id="600000043"/><field_value id="5"><value>Demo</value></field_value><field_value id="4"/><field_value id="600000042"/><field_value id="3"><value>1378507140</value></field_value><field_value id="2"><value>Demo</value></field_value><field_value id="1"><value>000000000001062</value></field_value></entry><entry id="000000000001063"><field_value id="700001003"/><field_value id="700001002"><value>Field selection options</value></field_value><field_value id="700001001"/><field_value id="700000850"><value>KS66cd062b029d932cddfe144bef71a8f03</value></field_value><field_value id="700000230"><value>KSf83533d38f173a7da28b6cec049bc2965</value></field_value><field_value id="700004956"/><field_value id="700001000"><value>1</value></field_value><field_value id="700004955"/><field_value id="536870917"><value>ID9a5499ab8549ecbaaaa4e7c57d3d592f9</value></field_value><field_value id="700001202"><value>2</value></field_value><field_value id="536870913"><value>QLAYER_KS327da9c352e2c6aa9cf4fc0fbe0779ea4</value></field_value><field_value id="700001048"/><field_value id="700001047"/><field_value id="700001046"/><field_value id="700001045"/><field_value id="700001044"/><field_value id="700001043"/><field_value id="490000700"/><field_value id="600000091"/><field_value id="179"><value>AG697f95d882086c086ecf6652c95dc7996</value></field_value><field_value id="600000090"/><field_value id="8"><value>na</value></field_value><field_value id="7"><value>1</value></field_value><field_value id="6"><value>1378509138</value></field_value><field_value id="600000043"/><field_value id="5"><value>Demo</value></field_value><field_value id="4"/><field_value id="600000042"/><field_value id="3"><value>1378509069</value></field_value><field_value id="2"><value>Demo</value></field_value><field_value id="1"><value>000000000001063</value></field_value></entry><entry id="000000000001064"><field_value id="700001003"/><field_value id="700001002"><value>Field selection options</value></field_value><field_value id="700001001"/><field_value id="700000850"><value>KS66cd062b029d932cddfe144bef71a8f03</value></field_value><field_value id="700000230"><value>KSf83533d38f173a7da28b6cec049bc2965</value></field_value><field_value id="700004956"/><field_value id="700001000"><value>0</value></field_value><field_value id="700004955"/><field_value id="536870917"><value>ID22b6379c386c220095196402eec72a801</value></field_value><field_value id="700001202"><value>2</value></field_value><field_value id="536870913"><value>QLAYER_KS327da9c352e2c6aa9cf4fc0fbe0779ea4</value></field_value><field_value id="700001048"/><field_value id="700001047"/><field_value id="700001046"/><field_value id="700001045"/><field_value id="700001044"/><field_value id="700001043"/><field_value id="490000700"/><field_value id="600000091"/><field_value id="179"><value>AG4eb51a9e7fc5b0c1c0ca1784ca43cc38c</value></field_value><field_value id="600000090"/><field_value id="8"><value>na</value></field_value><field_value id="7"><value>1</value></field_value><field_value id="6"><value>1378509138</value></field_value><field_value id="600000043"/><field_value id="5"><value>Demo</value></field_value><field_value id="4"/><field_value id="600000042"/><field_value id="3"><value>1378509135</value></field_value><field_value id="2"><value>Demo</value></field_value><field_value id="1"><value>000000000001064</value></field_value></entry><entry id="000000000001065"><field_value id="700001003"/><field_value id="700001002"><value>Field Length</value></field_value><field_value id="700001001"/><field_value id="700000850"><value>KS66cd062b029d932cddfe144bef71a8f03</value></field_value><field_value id="700000230"><value>KSf83533d38f173a7da28b6cec049bc2965</value></field_value><field_value id="700004956"/><field_value id="700001000"><value>1</value></field_value><field_value id="700004955"/><field_value id="536870917"><value>ID24d1b14a6f5e8d82d44c97f4078523269</value></field_value><field_value id="700001202"><value>2</value></field_value><field_value id="536870913"><value>QLAYER_KS150b44804b97a6279b9c165f548a0478e</value></field_value><field_value id="700001048"/><field_value id="700001047"/><field_value id="700001046"/><field_value id="700001045"/><field_value id="700001044"/><field_value id="700001043"/><field_value id="490000700"/><field_value id="600000091"/><field_value id="179"><value>AG04128627290eea2318d20f18ec5c39cc3</value></field_value><field_value id="600000090"/><field_value id="8"><value>na</value></field_value><field_value id="7"><value>1</value></field_value><field_value id="6"><value>1378509790</value></field_value><field_value id="600000043"/><field_value id="5"><value>Demo</value></field_value><field_value id="4"/><field_value id="600000042"/><field_value id="3"><value>1378509725</value></field_value><field_value id="2"><value>Demo</value></field_value><field_value id="1"><value>000000000001065</value></field_value></entry><entry id="000000000001066"><field_value id="700001003"/><field_value id="700001002"><value>Field Length</value></field_value><field_value id="700001001"/><field_value id="700000850"><value>KS66cd062b029d932cddfe144bef71a8f03</value></field_value><field_value id="700000230"><value>KSf83533d38f173a7da28b6cec049bc2965</value></field_value><field_value id="700004956"/><field_value id="700001000"><value>0</value></field_value><field_value id="700004955"/><field_value id="536870917"><value>ID5bf455b6781d02ce1deabdca88dc8c0a2</value></field_value><field_value id="700001202"><value>2</value></field_value><field_value id="536870913"><value>QLAYER_KS150b44804b97a6279b9c165f548a0478e</value></field_value><field_value id="700001048"/><field_value id="700001047"/><field_value id="700001046"/><field_value id="700001045"/><field_value id="700001044"/><field_value id="700001043"/><field_value id="490000700"/><field_value id="600000091"/><field_value id="179"><value>AG7fd031143a05ec6845ea0876a6f2be188</value></field_value><field_value id="600000090"/><field_value id="8"><value>na</value></field_value><field_value id="7"><value>1</value></field_value><field_value id="6"><value>1378509790</value></field_value><field_value id="600000043"/><field_value id="5"><value>Demo</value></field_value><field_value id="4"/><field_value id="600000042"/><field_value id="3"><value>1378509781</value></field_value><field_value id="2"><value>Demo</value></field_value><field_value id="1"><value>000000000001066</value></field_value></entry><entry id="000000000001067"><field_value id="700001003"/><field_value id="700001002"><value>Bridge Parameters</value></field_value><field_value id="700001001"/><field_value id="700000850"><value>KS66cd062b029d932cddfe144bef71a8f03</value></field_value><field_value id="700000230"><value>KSfe34bd83042c165eb4b7da1a19af31ca1</value></field_value><field_value id="700004956"/><field_value id="700001000"><value>1</value></field_value><field_value id="700004955"/><field_value id="536870917"><value>ID00505696001CSuIvUgYbEvgQBl0B</value></field_value><field_value id="700001202"/><field_value id="536870913"><value>QLAYER_KScd55c9cac2ee92ae2ee7aa1086bfbed80</value></field_value><field_value id="700001048"/><field_value id="700001047"/><field_value id="700001046"/><field_value id="700001045"/><field_value id="700001044"/><field_value id="700001043"/><field_value id="490000700"/><field_value id="600000091"/><field_value id="179"><value>AG7a48fff6f737e1c286003a28a27af2321</value></field_value><field_value id="600000090"/><field_value id="8"><value>na</value></field_value><field_value id="7"><value>0</value></field_value><field_value id="6"><value>1378962867</value></field_value><field_value id="600000043"/><field_value id="5"><value>Demo</value></field_value><field_value id="4"/><field_value id="600000042"/><field_value id="3"><value>1378962867</value></field_value><field_value id="2"><value>Demo</value></field_value><field_value id="1"><value>000000000001067</value></field_value></entry><entry id="000000000001068"><field_value id="700001003"/><field_value id="700001002"><value>Bridge Parameter</value></field_value><field_value id="700001001"/><field_value id="700000850"><value>KS66cd062b029d932cddfe144bef71a8f03</value></field_value><field_value id="700000230"><value>KSfe34bd83042c165eb4b7da1a19af31ca1</value></field_value><field_value id="700004956"/><field_value id="700001000"><value>1</value></field_value><field_value id="700004955"/><field_value id="536870917"><value>IDed885f89712ed628eed8689eb4bf9883d</value></field_value><field_value id="700001202"/><field_value id="536870913"><value>QLAYER_KScd55c9cac2ee92ae2ee7aa1086bfbed80</value></field_value><field_value id="700001048"/><field_value id="700001047"/><field_value id="700001046"/><field_value id="700001045"/><field_value id="700001044"/><field_value id="700001043"/><field_value id="490000700"/><field_value id="600000091"/><field_value id="179"><value>AGd0ff1baf25c6b00db648da37741f4f177</value></field_value><field_value id="600000090"/><field_value id="8"><value>na</value></field_value><field_value id="7"><value>0</value></field_value><field_value id="6"><value>1379018696</value></field_value><field_value id="600000043"/><field_value id="5"><value>Demo</value></field_value><field_value id="4"/><field_value id="600000042"/><field_value id="3"><value>1378963497</value></field_value><field_value id="2"><value>Demo</value></field_value><field_value id="1"><value>000000000001068</value></field_value></entry><entry id="000000000001069"><field_value id="700001003"/><field_value id="700001002"><value>List Help Text</value></field_value><field_value id="700001001"/><field_value id="700000850"><value>KS66cd062b029d932cddfe144bef71a8f03</value></field_value><field_value id="700000230"><value>KSf83533d38f173a7da28b6cec049bc2965</value></field_value><field_value id="700004956"/><field_value id="700001000"><value>1</value></field_value><field_value id="700004955"/><field_value id="536870917"><value>ID9a5499ab8549ecbaaaa4e7c57d3d592f9</value></field_value><field_value id="700001202"><value>6</value></field_value><field_value id="536870913"><value>DYNAMIC_TEXT_KS0b9520cb67ea367d9a7747744518a7455</value></field_value><field_value id="700001048"/><field_value id="700001047"/><field_value id="700001046"/><field_value id="700001045"/><field_value id="700001044"/><field_value id="700001043"/><field_value id="490000700"/><field_value id="600000091"/><field_value id="179"><value>AG932f66b7643c08de20affe72628465822</value></field_value><field_value id="600000090"/><field_value id="8"><value>na</value></field_value><field_value id="7"><value>1</value></field_value><field_value id="6"><value>1380391644</value></field_value><field_value id="600000043"/><field_value id="5"><value>Demo</value></field_value><field_value id="4"/><field_value id="600000042"/><field_value id="3"><value>1380391610</value></field_value><field_value id="2"><value>Demo</value></field_value><field_value id="1"><value>000000000001069</value></field_value></entry><entry id="000000000001070"><field_value id="700001003"/><field_value id="700001002"><value>List Help Text</value></field_value><field_value id="700001001"/><field_value id="700000850"><value>KS66cd062b029d932cddfe144bef71a8f03</value></field_value><field_value id="700000230"><value>KSf83533d38f173a7da28b6cec049bc2965</value></field_value><field_value id="700004956"/><field_value id="700001000"><value>0</value></field_value><field_value id="700004955"/><field_value id="536870917"><value>ID22b6379c386c220095196402eec72a801</value></field_value><field_value id="700001202"><value>6</value></field_value><field_value id="536870913"><value>DYNAMIC_TEXT_KS0b9520cb67ea367d9a7747744518a7455</value></field_value><field_value id="700001048"/><field_value id="700001047"/><field_value id="700001046"/><field_value id="700001045"/><field_value id="700001044"/><field_value id="700001043"/><field_value id="490000700"/><field_value id="600000091"/><field_value id="179"><value>AG143df95c05713445dd1319fd64aad84d1</value></field_value><field_value id="600000090"/><field_value id="8"><value>na</value></field_value><field_value id="7"><value>1</value></field_value><field_value id="6"><value>1380391644</value></field_value><field_value id="600000043"/><field_value id="5"><value>Demo</value></field_value><field_value id="4"/><field_value id="600000042"/><field_value id="3"><value>1380391630</value></field_value><field_value id="2"><value>Demo</value></field_value><field_value id="1"><value>000000000001070</value></field_value></entry><entry id="000000000001071"><field_value id="700001003"/><field_value id="700001002"><value>BUTTON</value></field_value><field_value id="700001001"/><field_value id="700000850"><value>KS66cd062b029d932cddfe144bef71a8f03</value></field_value><field_value id="700000230"><value>KS8e274b86eccf9e210bc88f6287acb51b7</value></field_value><field_value id="700004956"/><field_value id="700001000"><value>0</value></field_value><field_value id="700004955"/><field_value id="536870917"><value>ID3b40da9154b4c605cbbc573e1bc8c2b20</value></field_value><field_value id="700001202"><value>5</value></field_value><field_value id="536870913"><value>BUTTON_AG6d5e478dbadb3a9ce53286ac62f3c8082</value></field_value><field_value id="700001048"/><field_value id="700001047"/><field_value id="700001046"/><field_value id="700001045"/><field_value id="700001044"/><field_value id="700001043"/><field_value id="490000700"/><field_value id="600000091"/><field_value id="179"><value>AG56be4f782adb591213197d2e0db4f2816</value></field_value><field_value id="600000090"/><field_value id="8"><value>na</value></field_value><field_value id="7"><value>0</value></field_value><field_value id="6"><value>1380649226</value></field_value><field_value id="600000043"/><field_value id="5"><value>Demo</value></field_value><field_value id="4"/><field_value id="600000042"/><field_value id="3"><value>1380649224</value></field_value><field_value id="2"><value>Demo</value></field_value><field_value id="1"><value>000000000001071</value></field_value></entry></instance></xform></arsystem_xml_report>