<?xml version="1.0" encoding="UTF-8"?>
<taskDefinition id="kinetic_dmc_dataload_helper" name="Kinetic DMC Dataload - KS_SRV_Helper" schema_version="1.0" version="1">
    <author>support@kineticdata.com</author>
    <description>
        Populates KS_SRV_Helper Records from a CSV data file
    </description>
    <helpurl></helpurl>
    <visible>false</visible>
    <deferrable>false</deferrable>
    <parameters>
        <parameter id="data_type" label="Data Type" required="true" tooltip=""></parameter>
		<parameter id="bridge_model" label="Bridge Model" required="true" tooltip=""></parameter>
		<parameter id="bridge_qualification" label="Bridge Qualification" required="true" tooltip=""></parameter>
		<parameter id="bridge_parameters" label="Bridge Parameters" required="true" tooltip="The parameter names and values used for this data type, in the format Parameter1Name::&quot;Value&quot;||Parameter2Name::&quot;Value&quot;"></parameter>
		<parameter id="bridge_attributes" label="Bridge Model Attributes" required="true" tooltip="Listing of bridge model attributes separated by double pipes (||)"></parameter>
		<parameter id="header_row" label="Has Header Row" required="true" tooltip="Does the CSV file include a header row (Options are 'Yes' or 'No')"></parameter>
		<parameter id="csv_file" label="CSV File" required="true" tooltip="Menu label of the attachment field"></parameter>
		<parameter id="replace_existing_records" label="Replace existing records" required="true" tooltip="This field should evaluate to 'Yes' if you want any/all existing records within the data type to be set to Deleted.  Otherwise, enter 'No'."></parameter>
    </parameters>
    <handler name="kinetic_dmc_dataload_helper" version="1">
        <infos>
            <info name="server">&lt;%= @info['server'] %&gt;</info>
            <info name="username">&lt;%= @info['username'] %&gt;</info>
            <info name="password">&lt;%= @info['password'] %&gt;</info>
            <info name="port">&lt;%= @info['port'] %&gt;</info>
            <info name="prognum">&lt;%= @info['prognum'] %&gt;</info>
            <info name="authentication">&lt;%= @info['authentication'] %&gt;</info>
            <info name="enable_debug_logging">&lt;%= @info['enable_debug_logging'] %&gt;</info>
        </infos>
        <parameters>
            <parameter name="data_type">&lt;%= @parameters['data_type'] %&gt;</parameter>
			<parameter name="bridge_model">&lt;%= @parameters['bridge_model'] %&gt;</parameter>
			<parameter name="bridge_qualification">&lt;%= @parameters['bridge_qualification'] %&gt;</parameter>
			<parameter name="bridge_parameters">&lt;%= @parameters['bridge_parameters'] %&gt;</parameter>
            <parameter name="bridge_attributes">&lt;%= @parameters['bridge_attributes'] %&gt;</parameter>
            <parameter name="csv_file">&lt;%= @parameters['csv_file'] %&gt;</parameter>
			<parameter name="header_row">&lt;%= @parameters['header_row'] %&gt;</parameter>
			<parameter name="replace_existing_records">&lt;%= @parameters['replace_existing_records'] %&gt;</parameter>
            <parameter name="customer_survey_instance_id">&lt;%= @base['CustomerSurveyInstanceId'] %&gt;</parameter>
            <parameter name="survey_template_instance_id">&lt;%= @base['surveyTemplateInstanceID'] %&gt;</parameter>
        </parameters>
        <fields>
        </fields>
    </handler>
    <results format="xml">
	    <result name="Status"/>
		<result name="Error Code"/>
		<result name="Result Message"/>
    </results>
</taskDefinition>
