<?xml version="1.0" encoding="UTF-8"?>
<arsystem_xml_report><xform id="KS_RQT_BridgedResource" remedy="http://www.w3.org/2000/xforms"><instance><field-info><field><name>_ActionFour</name><id>700002000</id><type>CHAR</type></field><field><name>Clone_SourceInstanceID</name><id>700001046</id><type>CHAR</type></field><field><name>_ActionThree</name><id>700001043</id><type>CHAR</type></field><field><name>InstanceId</name><id>179</id><type>CHAR</type></field><field><name>model_name</name><id>760000200</id><type>CHAR</type></field><field><name>qualification_type</name><id>760000402</id><type>ENUM</type></field><field><name>qualification_name</name><id>760000400</id><type>CHAR</type></field><field><name>OperationID</name><id>760000809</id><type>CHAR</type></field><field><name>Short Description</name><id>8</id><type>CHAR</type></field><field><name>Status</name><id>7</id><type>ENUM</type></field><field><name>Modified Date</name><id>6</id><type>TIME</type></field><field><name>_ActionTwo</name><id>600000043</id><type>CHAR</type></field><field><name>Last Modified By</name><id>5</id><type>CHAR</type></field><field><name>form_id</name><id>760000804</id><type>CHAR</type></field><field><name>Assigned To</name><id>4</id><type>CHAR</type></field><field><name>_ActionOne</name><id>600000042</id><type>CHAR</type></field><field><name>label_attribute</name><id>760000803</id><type>CHAR</type></field><field><name>Create Date</name><id>3</id><type>TIME</type></field><field><name>value_attribute</name><id>760000802</id><type>CHAR</type></field><field><name>Submitter</name><id>2</id><type>CHAR</type></field><field><name>source_id</name><id>760000801</id><type>CHAR</type></field><field><name>Request ID</name><id>1</id><type>CHAR</type></field><field><name>source</name><id>760000800</id><type>CHAR</type></field></field-info><entry id="000000000002223"><field_value id="700002000"/><field_value id="700001046"/><field_value id="700001043"/><field_value id="179"><value>KS00505696001Ci-UoUg42bkZQJW7v</value></field_value><field_value id="760000200"><value>Data Management Console - Bridge Models</value></field_value><field_value id="760000402"><value>1</value></field_value><field_value id="760000400"><value>All</value></field_value><field_value id="760000809"><value>KS00505696001C8ng2UgPKg2BwTjkE</value></field_value><field_value id="8"><value>N/A</value></field_value><field_value id="7"><value>0</value></field_value><field_value id="6"><value>1379305310</value></field_value><field_value id="600000043"/><field_value id="5"><value>Demo</value></field_value><field_value id="760000804"><value>KS00505696001C_c4eUgXkx8PghIJ5</value></field_value><field_value id="4"/><field_value id="600000042"/><field_value id="760000803"><value>Name</value></field_value><field_value id="3"><value>1378415536</value></field_value><field_value id="760000802"><value>Name</value></field_value><field_value id="2"><value>Demo</value></field_value><field_value id="760000801"><value>KS00505696001CiuUoUgz2XkZQGW7v</value></field_value><field_value id="1"><value>000000000002223</value></field_value><field_value id="760000800"><value>Dynamic List</value></field_value></entry><entry id="000000000002224"><field_value id="700002000"/><field_value id="700001046"/><field_value id="700001043"/><field_value id="179"><value>KS00505696001CzOUoUgO2XlZQR3Hv</value></field_value><field_value id="760000200"><value>Data Management Console - Bridge Qualifications</value></field_value><field_value id="760000402"><value>1</value></field_value><field_value id="760000400"><value>All Multiple Results Types By Model Name</value></field_value><field_value id="760000809"><value>KS00505696001Clm1IUgyEmAGgfIwR</value></field_value><field_value id="8"><value>N/A</value></field_value><field_value id="7"><value>0</value></field_value><field_value id="6"><value>1380481999</value></field_value><field_value id="600000043"/><field_value id="5"><value>Demo</value></field_value><field_value id="760000804"><value>KS00505696001C_c4eUgXkx8PghIJ5</value></field_value><field_value id="4"/><field_value id="600000042"/><field_value id="760000803"><value>Name</value></field_value><field_value id="3"><value>1378415888</value></field_value><field_value id="760000802"><value>Name</value></field_value><field_value id="2"><value>Demo</value></field_value><field_value id="760000801"><value>KS00505696001CzOUoUgTGTlZQO3Hv</value></field_value><field_value id="1"><value>000000000002224</value></field_value><field_value id="760000800"><value>Dynamic List</value></field_value></entry><entry id="000000000002225"><field_value id="700002000"/><field_value id="700001046"/><field_value id="700001043"/><field_value id="179"><value>ID00505696001CW-goUgM2PvZQRIXv</value></field_value><field_value id="760000200"><value>Data Management Console - Bridge Qualifications</value></field_value><field_value id="760000402"><value>1</value></field_value><field_value id="760000400"><value>All Multiple Results Types By Model Name</value></field_value><field_value id="760000809"><value>KS00505696001CSegoUgHx7vZQ_oTv</value></field_value><field_value id="8"><value>N/A</value></field_value><field_value id="7"><value>0</value></field_value><field_value id="6"><value>1378416278</value></field_value><field_value id="600000043"/><field_value id="5"><value>Demo</value></field_value><field_value id="760000804"><value>KS00505696001C_c4eUgXkx8PghIJ5</value></field_value><field_value id="4"/><field_value id="600000042"/><field_value id="760000803"><value>Name</value></field_value><field_value id="3"><value>1378416262</value></field_value><field_value id="760000802"><value>Name</value></field_value><field_value id="2"><value>Demo</value></field_value><field_value id="760000801"><value>ID00505696001CW-goUgXWPvZQRoXv</value></field_value><field_value id="1"><value>000000000002225</value></field_value><field_value id="760000800"><value>Populate Menu</value></field_value></entry><entry id="000000000002226"><field_value id="700002000"/><field_value id="700001046"/><field_value id="700001043"/><field_value id="179"><value>KS00505696001CgekoUgdt_zZQmYrv</value></field_value><field_value id="760000200"><value>Data Management Console - Bridge Model Attributes</value></field_value><field_value id="760000402"><value>1</value></field_value><field_value id="760000400"><value>By Bridge Name</value></field_value><field_value id="760000809"><value>KS00505696001Ca5JIUgtykQGwQU8S</value></field_value><field_value id="8"><value>N/A</value></field_value><field_value id="7"><value>0</value></field_value><field_value id="6"><value>1380491612</value></field_value><field_value id="600000043"/><field_value id="5"><value>Demo</value></field_value><field_value id="760000804"><value>KS00505696001C_c4eUgXkx8PghIJ5</value></field_value><field_value id="4"/><field_value id="600000042"/><field_value id="760000803"><value>Attribute Name</value></field_value><field_value id="3"><value>1378416584</value></field_value><field_value id="760000802"><value>Attribute Name</value></field_value><field_value id="2"><value>Demo</value></field_value><field_value id="760000801"><value>KS00505696001CgOkoUgdd7zZQjYrv</value></field_value><field_value id="1"><value>000000000002226</value></field_value><field_value id="760000800"><value>Dynamic List</value></field_value></entry><entry id="000000000002227"><field_value id="700002000"/><field_value id="700001046"/><field_value id="700001043"/><field_value id="179"><value>ID00505696001C1-koUg7C71ZQx4vv</value></field_value><field_value id="760000200"><value>Data Management Console - Bridge Model Attributes</value></field_value><field_value id="760000402"><value>1</value></field_value><field_value id="760000400"><value>By Bridge Name</value></field_value><field_value id="760000809"><value>KS00505696001CzekoUg9wf1ZQlYvv</value></field_value><field_value id="8"><value>N/A</value></field_value><field_value id="7"><value>0</value></field_value><field_value id="6"><value>1378416670</value></field_value><field_value id="600000043"/><field_value id="5"><value>Demo</value></field_value><field_value id="760000804"><value>KS00505696001C_c4eUgXkx8PghIJ5</value></field_value><field_value id="4"/><field_value id="600000042"/><field_value id="760000803"><value>Attribute Name</value></field_value><field_value id="3"><value>1378416656</value></field_value><field_value id="760000802"><value>Attribute Name</value></field_value><field_value id="2"><value>Demo</value></field_value><field_value id="760000801"><value>ID00505696001C1-koUg_C71ZQyYvv</value></field_value><field_value id="1"><value>000000000002227</value></field_value><field_value id="760000800"><value>Populate Menu</value></field_value></entry><entry id="000000000002228"><field_value id="700002000"/><field_value id="700001046"/><field_value id="700001043"/><field_value id="179"><value>KS00505696001Cye0oUglJoEZgVaLv</value></field_value><field_value id="760000200"><value>Data Management Console - Bridge Model Attributes</value></field_value><field_value id="760000402"><value>1</value></field_value><field_value id="760000400"><value>By Bridge Name</value></field_value><field_value id="760000809"><value>KS00505696001CkpFIUgSNsMGw7kQS</value></field_value><field_value id="8"><value>N/A</value></field_value><field_value id="7"><value>0</value></field_value><field_value id="6"><value>1380491192</value></field_value><field_value id="600000043"/><field_value id="5"><value>Demo</value></field_value><field_value id="760000804"><value>KS00505696001C_c4eUgXkx8PghIJ5</value></field_value><field_value id="4"/><field_value id="600000042"/><field_value id="760000803"><value>Attribute Name</value></field_value><field_value id="3"><value>1378417665</value></field_value><field_value id="760000802"><value>Attribute Name</value></field_value><field_value id="2"><value>Demo</value></field_value><field_value id="760000801"><value>KS00505696001Cye0oUgipkEZgSaLv</value></field_value><field_value id="1"><value>000000000002228</value></field_value><field_value id="760000800"><value>Dynamic List</value></field_value></entry><entry id="000000000002230"><field_value id="700002000"/><field_value id="700001046"/><field_value id="700001043"/><field_value id="179"><value>ID00505696001C1_coUgEd8rZgnO3v</value></field_value><field_value id="760000200"><value>Data Management Console - Bridge Model Attributes</value></field_value><field_value id="760000402"><value>1</value></field_value><field_value id="760000400"><value>By Bridge Name</value></field_value><field_value id="760000809"><value>KS00505696001CxPcoUgb5UrZgQ-3v</value></field_value><field_value id="8"><value>N/A</value></field_value><field_value id="7"><value>0</value></field_value><field_value id="6"><value>1378420231</value></field_value><field_value id="600000043"/><field_value id="5"><value>Demo</value></field_value><field_value id="760000804"><value>KS00505696001C_c4eUgXkx8PghIJ5</value></field_value><field_value id="4"/><field_value id="600000042"/><field_value id="760000803"><value>Attribute Name</value></field_value><field_value id="3"><value>1378420212</value></field_value><field_value id="760000802"><value>Attribute Name</value></field_value><field_value id="2"><value>Demo</value></field_value><field_value id="760000801"><value>ID00505696001C1_coUgH98rZgnu3v</value></field_value><field_value id="1"><value>000000000002230</value></field_value><field_value id="760000800"><value>Populate Menu</value></field_value></entry><entry id="000000000002231"><field_value id="700002000"/><field_value id="700001046"/><field_value id="700001043"/><field_value id="179"><value>KS00505696001CivkoUgmoUyZgs_Xv</value></field_value><field_value id="760000200"><value>Data Management Console - Bridge Model Attributes</value></field_value><field_value id="760000402"><value>1</value></field_value><field_value id="760000400"><value>By Bridge Name</value></field_value><field_value id="760000809"><value>KS00505696001CcPooUgoAQ2ZgCQDw</value></field_value><field_value id="8"><value>N/A</value></field_value><field_value id="7"><value>0</value></field_value><field_value id="6"><value>1378420902</value></field_value><field_value id="600000043"/><field_value id="5"><value>Demo</value></field_value><field_value id="760000804"><value>KS00505696001C_c4eUgXkx8PghIJ5</value></field_value><field_value id="4"/><field_value id="600000042"/><field_value id="760000803"><value>Attribute Name</value></field_value><field_value id="3"><value>1378420659</value></field_value><field_value id="760000802"><value>Attribute Name</value></field_value><field_value id="2"><value>Demo</value></field_value><field_value id="760000801"><value>KS00505696001CivkoUg14IyZgp_Xv</value></field_value><field_value id="1"><value>000000000002231</value></field_value><field_value id="760000800"><value>Dynamic List</value></field_value></entry><entry id="000000000002232"><field_value id="700002000"/><field_value id="700001046"/><field_value id="700001043"/><field_value id="179"><value>ID00505696001CxfkoUg0WgzZgsPbv</value></field_value><field_value id="760000200"><value>Data Management Console - Bridge Model Attributes</value></field_value><field_value id="760000402"><value>1</value></field_value><field_value id="760000400"><value>By Bridge Name</value></field_value><field_value id="760000809"><value>KS00505696001CtPkoUg6CczZgdvbv</value></field_value><field_value id="8"><value>N/A</value></field_value><field_value id="7"><value>0</value></field_value><field_value id="6"><value>1378420740</value></field_value><field_value id="600000043"/><field_value id="5"><value>Demo</value></field_value><field_value id="760000804"><value>KS00505696001C_c4eUgXkx8PghIJ5</value></field_value><field_value id="4"/><field_value id="600000042"/><field_value id="760000803"><value>Attribute Name</value></field_value><field_value id="3"><value>1378420730</value></field_value><field_value id="760000802"><value>Attribute Name</value></field_value><field_value id="2"><value>Demo</value></field_value><field_value id="760000801"><value>ID00505696001CxfkoUg4GgzZgsvbv</value></field_value><field_value id="1"><value>000000000002232</value></field_value><field_value id="760000800"><value>Populate Menu</value></field_value></entry><entry id="000000000002255"><field_value id="700002000"/><field_value id="700001046"/><field_value id="700001043"/><field_value id="179"><value>KS00505696001C4-0vUgyP9cgQXoEB</value></field_value><field_value id="760000200"><value>Data Management Console - Bridge Qualification Parameters</value></field_value><field_value id="760000402"><value>1</value></field_value><field_value id="760000400"><value>By Bridge and by Qualification</value></field_value><field_value id="760000809"><value>KS00505696001Cpmg2UgwQH3BgDvsD</value></field_value><field_value id="8"><value>N/A</value></field_value><field_value id="7"><value>0</value></field_value><field_value id="6"><value>1379301337</value></field_value><field_value id="600000043"/><field_value id="5"><value>Demo</value></field_value><field_value id="760000804"><value>KS00505696001C_c4eUgXkx8PghIJ5</value></field_value><field_value id="4"/><field_value id="600000042"/><field_value id="760000803"><value>Name</value></field_value><field_value id="3"><value>1378876420</value></field_value><field_value id="760000802"><value>Name</value></field_value><field_value id="2"><value>Demo</value></field_value><field_value id="760000801"><value>KS00505696001C4u0vUgwPlcgQUIEB</value></field_value><field_value id="1"><value>000000000002255</value></field_value><field_value id="760000800"><value>Dynamic List</value></field_value></entry><entry id="000000000002256"><field_value id="700002000"/><field_value id="700001046"/><field_value id="700001043"/><field_value id="179"><value>ID00505696001CcPAvUgr_dmgQkIkB</value></field_value><field_value id="760000200"><value>Data Management Console - Bridge Qualification Parameters</value></field_value><field_value id="760000402"><value>1</value></field_value><field_value id="760000400"><value>By Bridge and by Qualification</value></field_value><field_value id="760000809"><value>ID00505696001CMsgwUgAsOxhAH7QD</value></field_value><field_value id="8"><value>N/A</value></field_value><field_value id="7"><value>0</value></field_value><field_value id="6"><value>1378932296</value></field_value><field_value id="600000043"/><field_value id="5"><value>Demo</value></field_value><field_value id="760000804"><value>KS00505696001C_c4eUgXkx8PghIJ5</value></field_value><field_value id="4"/><field_value id="600000042"/><field_value id="760000803"><value>Name</value></field_value><field_value id="3"><value>1378877073</value></field_value><field_value id="760000802"><value>Name</value></field_value><field_value id="2"><value>Demo</value></field_value><field_value id="760000801"><value>ID00505696001CcPAvUgAvhmgQkokB</value></field_value><field_value id="1"><value>000000000002256</value></field_value><field_value id="760000800"><value>Populate Menu</value></field_value></entry><entry id="000000000002301"><field_value id="700002000"/><field_value id="700001046"/><field_value id="700001043"/><field_value id="179"><value>KS00505696001CYjMyUgj8hhAAWvMA</value></field_value><field_value id="760000200"><value>Data Management Console - Helper Data</value></field_value><field_value id="760000402"><value>1</value></field_value><field_value id="760000400"><value>All Entries</value></field_value><field_value id="760000809"><value>KS00505696001CX0gyUg_sSzAAqTUB</value></field_value><field_value id="8"><value>N/A</value></field_value><field_value id="7"><value>0</value></field_value><field_value id="6"><value>1379030649</value></field_value><field_value id="600000043"/><field_value id="5"><value>KD_WEBUSER</value></field_value><field_value id="760000804"><value>KS00505696001C_c4eUgXkx8PghIJ5</value></field_value><field_value id="4"/><field_value id="600000042"/><field_value id="760000803"><value>Character Field 1</value></field_value><field_value id="3"><value>1379027356</value></field_value><field_value id="760000802"><value>Character Field 1</value></field_value><field_value id="2"><value>KD_WEBUSER</value></field_value><field_value id="760000801"><value>KS00505696001CYTMyUggcdhAATPMA</value></field_value><field_value id="1"><value>000000000002301</value></field_value><field_value id="760000800"><value>Dynamic List</value></field_value></entry><entry id="000000000002404"><field_value id="700002000"/><field_value id="700001046"/><field_value id="700001043"/><field_value id="179"><value>ID00505696001CwWg2UgHWn3Bgd_sD</value></field_value><field_value id="760000200"><value>Data Management Console - Bridge Qualification Parameters</value></field_value><field_value id="760000402"><value>0</value></field_value><field_value id="760000400"><value>By Bridge and by Qualification and by Parameter</value></field_value><field_value id="760000809"><value>KS00505696001Cpmg2UgwQH3BgDvsD</value></field_value><field_value id="8"><value>N/A</value></field_value><field_value id="7"><value>0</value></field_value><field_value id="6"><value>1379301330</value></field_value><field_value id="600000043"/><field_value id="5"><value>Demo</value></field_value><field_value id="760000804"><value>KS00505696001C_c4eUgXkx8PghIJ5</value></field_value><field_value id="4"/><field_value id="600000042"/><field_value id="760000803"/><field_value id="3"><value>1379301138</value></field_value><field_value id="760000802"/><field_value id="2"><value>Demo</value></field_value><field_value id="760000801"><value>ID00505696001Cwmg2UgLW33BgevsD</value></field_value><field_value id="1"><value>000000000002404</value></field_value><field_value id="760000800"><value>Set Fields - External</value></field_value></entry><entry id="000000000002502"><field_value id="700002000"/><field_value id="700001046"/><field_value id="700001043"/><field_value id="179"><value>ID00505696001ChsxHUgfiQLGApL0P</value></field_value><field_value id="760000200"><value>Data Management Console - Helper Data</value></field_value><field_value id="760000402"><value>0</value></field_value><field_value id="760000400"><value>By Record Id</value></field_value><field_value id="760000809"><value>KS00505696001CasxHUgpbYKGATL0P</value></field_value><field_value id="8"><value>N/A</value></field_value><field_value id="7"><value>0</value></field_value><field_value id="6"><value>1380440750</value></field_value><field_value id="600000043"/><field_value id="5"><value>Demo</value></field_value><field_value id="760000804"><value>KS00505696001C_c4eUgXkx8PghIJ5</value></field_value><field_value id="4"/><field_value id="600000042"/><field_value id="760000803"/><field_value id="3"><value>1380440733</value></field_value><field_value id="760000802"/><field_value id="2"><value>Demo</value></field_value><field_value id="760000801"><value>ID00505696001ChsxHUgDSULGApr0P</value></field_value><field_value id="1"><value>000000000002502</value></field_value><field_value id="760000800"><value>Custom</value></field_value></entry><entry id="000000000002507"><field_value id="700002000"/><field_value id="700001046"/><field_value id="700001043"/><field_value id="179"><value>KS00505696001C-b1JUgBk2iHwQzUW</value></field_value><field_value id="760000200"><value>Groups</value></field_value><field_value id="760000402"><value>1</value></field_value><field_value id="760000400"><value>Find Current Regular Groups</value></field_value><field_value id="760000809"><value>KS000C29DAE499kf7zUgTzGEUw29kQ</value></field_value><field_value id="8"><value>N/A</value></field_value><field_value id="7"><value>0</value></field_value><field_value id="6"><value>1391729352</value></field_value><field_value id="600000043"/><field_value id="5"><value>Demo</value></field_value><field_value id="760000804"><value>KS00505696001C_c4eUgXkx8PghIJ5</value></field_value><field_value id="4"/><field_value id="600000042"/><field_value id="760000803"><value>Group Name</value></field_value><field_value id="3"><value>1380568094</value></field_value><field_value id="760000802"><value>Group ID</value></field_value><field_value id="2"><value>Demo</value></field_value><field_value id="760000801"><value>KS00505696001C971JUgqEaiHwMDUW</value></field_value><field_value id="1"><value>000000000002507</value></field_value><field_value id="760000800"><value>Dynamic List</value></field_value></entry></instance></xform></arsystem_xml_report>