<?xml version="1.0" encoding="UTF-8"?>
<arsystem_xml_report><xform id="KS_RQT_BridgedResourceParameter" remedy="http://www.w3.org/2000/xforms"><instance><field-info><field><name>parameter_name</name><id>760000500</id><type>CHAR</type></field><field><name>Clone_SourceInstanceID</name><id>700001046</id><type>CHAR</type></field><field><name>bridge_resource_id</name><id>760000901</id><type>CHAR</type></field><field><name>_ActionThree</name><id>700001043</id><type>CHAR</type></field><field><name>parameter_value</name><id>760000900</id><type>CHAR</type></field><field><name>instanceId</name><id>179</id><type>CHAR</type></field><field><name>model_name</name><id>760000200</id><type>CHAR</type></field><field><name>qualification_name</name><id>760000400</id><type>CHAR</type></field><field><name>Short Description</name><id>8</id><type>CHAR</type></field><field><name>Status</name><id>7</id><type>ENUM</type></field><field><name>Modified Date</name><id>6</id><type>TIME</type></field><field><name>_ActionTwo</name><id>600000043</id><type>CHAR</type></field><field><name>Last Modified By</name><id>5</id><type>CHAR</type></field><field><name>Assigned To</name><id>4</id><type>CHAR</type></field><field><name>form_id</name><id>760000804</id><type>CHAR</type></field><field><name>_ActionOne</name><id>600000042</id><type>CHAR</type></field><field><name>Create Date</name><id>3</id><type>TIME</type></field><field><name>Submitter</name><id>2</id><type>CHAR</type></field><field><name>Request ID</name><id>1</id><type>CHAR</type></field></field-info><entry id="000000000000818"><field_value id="760000500"><value>Model Name</value></field_value><field_value id="700001046"/><field_value id="760000901"><value>KS00505696001CzOUoUgO2XlZQR3Hv</value></field_value><field_value id="700001043"/><field_value id="760000900"><value>&lt;FLD&gt;Bridge Model;KS00505696001CiuUoUgz2XkZQGW7v;ANSWER&lt;/FLD&gt;</value></field_value><field_value id="179"><value>AG00505696001CD-coUgAVTqZQa37v</value></field_value><field_value id="760000200"><value>Data Management Console - Bridge Qualifications</value></field_value><field_value id="760000400"><value>All Multiple Results Types By Model Name</value></field_value><field_value id="8"><value>N/A</value></field_value><field_value id="7"><value>0</value></field_value><field_value id="6"><value>1378415903</value></field_value><field_value id="600000043"/><field_value id="5"><value>Demo</value></field_value><field_value id="4"/><field_value id="760000804"><value>KS00505696001C_c4eUgXkx8PghIJ5</value></field_value><field_value id="600000042"/><field_value id="3"><value>1378415903</value></field_value><field_value id="2"><value>Demo</value></field_value><field_value id="1"><value>000000000000818</value></field_value></entry><entry id="000000000000819"><field_value id="760000500"><value>Model Name</value></field_value><field_value id="700001046"/><field_value id="760000901"><value>ID00505696001CW-goUgM2PvZQRIXv</value></field_value><field_value id="700001043"/><field_value id="760000900"><value>&lt;FLD&gt;Bridge Model;KS00505696001CiuUoUgz2XkZQGW7v;ANSWER&lt;/FLD&gt;</value></field_value><field_value id="179"><value>AG00505696001ChegoUgewbwZQ9YXv</value></field_value><field_value id="760000200"><value>Data Management Console - Bridge Qualifications</value></field_value><field_value id="760000400"><value>All Multiple Results Types By Model Name</value></field_value><field_value id="8"><value>N/A</value></field_value><field_value id="7"><value>0</value></field_value><field_value id="6"><value>1378416277</value></field_value><field_value id="600000043"/><field_value id="5"><value>Demo</value></field_value><field_value id="4"/><field_value id="760000804"><value>KS00505696001C_c4eUgXkx8PghIJ5</value></field_value><field_value id="600000042"/><field_value id="3"><value>1378416277</value></field_value><field_value id="2"><value>Demo</value></field_value><field_value id="1"><value>000000000000819</value></field_value></entry><entry id="000000000000820"><field_value id="760000500"><value>Bridge Name</value></field_value><field_value id="700001046"/><field_value id="760000901"><value>KS00505696001CgekoUgdt_zZQmYrv</value></field_value><field_value id="700001043"/><field_value id="760000900"><value>&lt;FLD&gt;Bridge Model;KS00505696001CiuUoUgz2XkZQGW7v;ANSWER&lt;/FLD&gt;</value></field_value><field_value id="179"><value>AG00505696001CyOkoUgDfb0ZQVYvv</value></field_value><field_value id="760000200"><value>Data Management Console - Bridge Model Attributes</value></field_value><field_value id="760000400"><value>By Bridge Name</value></field_value><field_value id="8"><value>N/A</value></field_value><field_value id="7"><value>0</value></field_value><field_value id="6"><value>1378416600</value></field_value><field_value id="600000043"/><field_value id="5"><value>Demo</value></field_value><field_value id="4"/><field_value id="760000804"><value>KS00505696001C_c4eUgXkx8PghIJ5</value></field_value><field_value id="600000042"/><field_value id="3"><value>1378416600</value></field_value><field_value id="2"><value>Demo</value></field_value><field_value id="1"><value>000000000000820</value></field_value></entry><entry id="000000000000821"><field_value id="760000500"><value>Bridge Name</value></field_value><field_value id="700001046"/><field_value id="760000901"><value>ID00505696001C1-koUg7C71ZQx4vv</value></field_value><field_value id="700001043"/><field_value id="760000900"><value>&lt;FLD&gt;Bridge Model;KS00505696001CiuUoUgz2XkZQGW7v;ANSWER&lt;/FLD&gt;</value></field_value><field_value id="179"><value>AG00505696001CDeooUg9QL2ZQiYzv</value></field_value><field_value id="760000200"><value>Data Management Console - Bridge Model Attributes</value></field_value><field_value id="760000400"><value>By Bridge Name</value></field_value><field_value id="8"><value>N/A</value></field_value><field_value id="7"><value>0</value></field_value><field_value id="6"><value>1378416669</value></field_value><field_value id="600000043"/><field_value id="5"><value>Demo</value></field_value><field_value id="4"/><field_value id="760000804"><value>KS00505696001C_c4eUgXkx8PghIJ5</value></field_value><field_value id="600000042"/><field_value id="3"><value>1378416669</value></field_value><field_value id="2"><value>Demo</value></field_value><field_value id="1"><value>000000000000821</value></field_value></entry><entry id="000000000000822"><field_value id="760000500"><value>Bridge Name</value></field_value><field_value id="700001046"/><field_value id="760000901"><value>KS00505696001Cye0oUglJoEZgVaLv</value></field_value><field_value id="700001043"/><field_value id="760000900"><value>&lt;FLD&gt;Bridge Model;KS00505696001CiuUoUgz2XkZQGW7v;ANSWER&lt;/FLD&gt;</value></field_value><field_value id="179"><value>AG00505696001CBe4oUgvIMFZgOaPv</value></field_value><field_value id="760000200"><value>Data Management Console - Bridge Model Attributes</value></field_value><field_value id="760000400"><value>By Bridge Name</value></field_value><field_value id="8"><value>N/A</value></field_value><field_value id="7"><value>0</value></field_value><field_value id="6"><value>1378417685</value></field_value><field_value id="600000043"/><field_value id="5"><value>Demo</value></field_value><field_value id="4"/><field_value id="760000804"><value>KS00505696001C_c4eUgXkx8PghIJ5</value></field_value><field_value id="600000042"/><field_value id="3"><value>1378417685</value></field_value><field_value id="2"><value>Demo</value></field_value><field_value id="1"><value>000000000000822</value></field_value></entry><entry id="000000000000823"><field_value id="760000500"><value>Bridge Name</value></field_value><field_value id="700001046"/><field_value id="760000901"><value>ID00505696001C1_coUgEd8rZgnO3v</value></field_value><field_value id="700001043"/><field_value id="760000900"><value>&lt;FLD&gt;Bridge Model;KS00505696001CiuUoUgz2XkZQGW7v;ANSWER&lt;/FLD&gt;</value></field_value><field_value id="179"><value>AG00505696001C9vcoUgY1gsZgL-7v</value></field_value><field_value id="760000200"><value>Data Management Console - Bridge Model Attributes</value></field_value><field_value id="760000400"><value>By Bridge Name</value></field_value><field_value id="8"><value>N/A</value></field_value><field_value id="7"><value>0</value></field_value><field_value id="6"><value>1378420230</value></field_value><field_value id="600000043"/><field_value id="5"><value>Demo</value></field_value><field_value id="4"/><field_value id="760000804"><value>KS00505696001C_c4eUgXkx8PghIJ5</value></field_value><field_value id="600000042"/><field_value id="3"><value>1378420230</value></field_value><field_value id="2"><value>Demo</value></field_value><field_value id="1"><value>000000000000823</value></field_value></entry><entry id="000000000000824"><field_value id="760000500"><value>Bridge Name</value></field_value><field_value id="700001046"/><field_value id="760000901"><value>KS00505696001CivkoUgmoUyZgs_Xv</value></field_value><field_value id="700001043"/><field_value id="760000900"><value>&lt;FLD&gt;Bridge Model;KS00505696001CiuUoUgz2XkZQGW7v;ANSWER&lt;/FLD&gt;</value></field_value><field_value id="179"><value>AG00505696001Cq_koUgHwUzZgRvbv</value></field_value><field_value id="760000200"><value>Data Management Console - Bridge Model Attributes</value></field_value><field_value id="760000400"><value>By Bridge Name</value></field_value><field_value id="8"><value>N/A</value></field_value><field_value id="7"><value>0</value></field_value><field_value id="6"><value>1378420667</value></field_value><field_value id="600000043"/><field_value id="5"><value>Demo</value></field_value><field_value id="4"/><field_value id="760000804"><value>KS00505696001C_c4eUgXkx8PghIJ5</value></field_value><field_value id="600000042"/><field_value id="3"><value>1378420667</value></field_value><field_value id="2"><value>Demo</value></field_value><field_value id="1"><value>000000000000824</value></field_value></entry><entry id="000000000000825"><field_value id="760000500"><value>Bridge Name</value></field_value><field_value id="700001046"/><field_value id="760000901"><value>ID00505696001CxfkoUg0WgzZgsPbv</value></field_value><field_value id="700001043"/><field_value id="760000900"><value>&lt;FLD&gt;Bridge Model;KS00505696001CiuUoUgz2XkZQGW7v;ANSWER&lt;/FLD&gt;</value></field_value><field_value id="179"><value>AG00505696001C8_koUglBw0ZgUPfv</value></field_value><field_value id="760000200"><value>Data Management Console - Bridge Model Attributes</value></field_value><field_value id="760000400"><value>By Bridge Name</value></field_value><field_value id="8"><value>N/A</value></field_value><field_value id="7"><value>0</value></field_value><field_value id="6"><value>1378420739</value></field_value><field_value id="600000043"/><field_value id="5"><value>Demo</value></field_value><field_value id="4"/><field_value id="760000804"><value>KS00505696001C_c4eUgXkx8PghIJ5</value></field_value><field_value id="600000042"/><field_value id="3"><value>1378420739</value></field_value><field_value id="2"><value>Demo</value></field_value><field_value id="1"><value>000000000000825</value></field_value></entry><entry id="000000000000832"><field_value id="760000500"><value>Bridge Model</value></field_value><field_value id="700001046"/><field_value id="760000901"><value>KS00505696001C4-0vUgyP9cgQXoEB</value></field_value><field_value id="700001043"/><field_value id="760000900"><value>&lt;FLD&gt;Bridge Model;KS00505696001CiuUoUgz2XkZQGW7v;ANSWER&lt;/FLD&gt;</value></field_value><field_value id="179"><value>AG00505696001C_-0vUgs21dgQuoEB</value></field_value><field_value id="760000200"><value>Data Management Console - Bridge Qualification Parameters</value></field_value><field_value id="760000400"><value>By Bridge and by Qualification</value></field_value><field_value id="8"><value>N/A</value></field_value><field_value id="7"><value>0</value></field_value><field_value id="6"><value>1378876431</value></field_value><field_value id="600000043"/><field_value id="5"><value>Demo</value></field_value><field_value id="4"/><field_value id="760000804"><value>KS00505696001C_c4eUgXkx8PghIJ5</value></field_value><field_value id="600000042"/><field_value id="3"><value>1378876431</value></field_value><field_value id="2"><value>Demo</value></field_value><field_value id="1"><value>000000000000832</value></field_value></entry><entry id="000000000000833"><field_value id="760000500"><value>Bridge Qualification</value></field_value><field_value id="700001046"/><field_value id="760000901"><value>KS00505696001C4-0vUgyP9cgQXoEB</value></field_value><field_value id="700001043"/><field_value id="760000900"><value>&lt;FLD&gt;Bridge Qualifica;KS00505696001CzOUoUgTGTlZQO3Hv;ANSWER&lt;/FLD&gt;</value></field_value><field_value id="179"><value>AG00505696001CCO4vUgD49dgQ24EB</value></field_value><field_value id="760000200"><value>Data Management Console - Bridge Qualification Parameters</value></field_value><field_value id="760000400"><value>By Bridge and by Qualification</value></field_value><field_value id="8"><value>N/A</value></field_value><field_value id="7"><value>0</value></field_value><field_value id="6"><value>1378876440</value></field_value><field_value id="600000043"/><field_value id="5"><value>Demo</value></field_value><field_value id="4"/><field_value id="760000804"><value>KS00505696001C_c4eUgXkx8PghIJ5</value></field_value><field_value id="600000042"/><field_value id="3"><value>1378876440</value></field_value><field_value id="2"><value>Demo</value></field_value><field_value id="1"><value>000000000000833</value></field_value></entry><entry id="000000000000834"><field_value id="760000500"><value>Bridge Model</value></field_value><field_value id="700001046"/><field_value id="760000901"><value>ID00505696001CcPAvUgr_dmgQkIkB</value></field_value><field_value id="700001043"/><field_value id="760000900"><value>&lt;FLD&gt;Bridge Model;KS00505696001CiuUoUgz2XkZQGW7v;ANSWER&lt;/FLD&gt;</value></field_value><field_value id="179"><value>AG00505696001Cj_AvUgKXBngQC4oB</value></field_value><field_value id="760000200"><value>Data Management Console - Bridge Qualification Parameters</value></field_value><field_value id="760000400"><value>By Bridge and by Qualification</value></field_value><field_value id="8"><value>N/A</value></field_value><field_value id="7"><value>0</value></field_value><field_value id="6"><value>1378877087</value></field_value><field_value id="600000043"/><field_value id="5"><value>Demo</value></field_value><field_value id="4"/><field_value id="760000804"><value>KS00505696001C_c4eUgXkx8PghIJ5</value></field_value><field_value id="600000042"/><field_value id="3"><value>1378877087</value></field_value><field_value id="2"><value>Demo</value></field_value><field_value id="1"><value>000000000000834</value></field_value></entry><entry id="000000000000835"><field_value id="760000500"><value>Bridge Qualification</value></field_value><field_value id="700001046"/><field_value id="760000901"><value>ID00505696001CcPAvUgr_dmgQkIkB</value></field_value><field_value id="700001043"/><field_value id="760000900"><value>&lt;FLD&gt;Bridge Qualifica;KS00505696001CzOUoUgTGTlZQO3Hv;ANSWER&lt;/FLD&gt;</value></field_value><field_value id="179"><value>AG00505696001ClvAvUgHIxngQJooB</value></field_value><field_value id="760000200"><value>Data Management Console - Bridge Qualification Parameters</value></field_value><field_value id="760000400"><value>By Bridge and by Qualification</value></field_value><field_value id="8"><value>N/A</value></field_value><field_value id="7"><value>0</value></field_value><field_value id="6"><value>1378877094</value></field_value><field_value id="600000043"/><field_value id="5"><value>Demo</value></field_value><field_value id="4"/><field_value id="760000804"><value>KS00505696001C_c4eUgXkx8PghIJ5</value></field_value><field_value id="600000042"/><field_value id="3"><value>1378877094</value></field_value><field_value id="2"><value>Demo</value></field_value><field_value id="1"><value>000000000000835</value></field_value></entry><entry id="000000000000901"><field_value id="760000500"><value>Index Field 1</value></field_value><field_value id="700001046"/><field_value id="760000901"><value>KS00505696001CYjMyUgj8hhAAWvMA</value></field_value><field_value id="700001043"/><field_value id="760000900"><value>"Data Management Console"</value></field_value><field_value id="179"><value>AG00505696001CoTsyUguP-BAA7QYB</value></field_value><field_value id="760000200"><value>Data Management Console - Helper Data</value></field_value><field_value id="760000400"><value>All Entries</value></field_value><field_value id="8"><value>N/A</value></field_value><field_value id="7"><value>0</value></field_value><field_value id="6"><value>1379028828</value></field_value><field_value id="600000043"/><field_value id="5"><value>KD_WEBUSER</value></field_value><field_value id="4"/><field_value id="760000804"><value>KS00505696001C_c4eUgXkx8PghIJ5</value></field_value><field_value id="600000042"/><field_value id="3"><value>1379027377</value></field_value><field_value id="2"><value>KD_WEBUSER</value></field_value><field_value id="1"><value>000000000000901</value></field_value></entry><entry id="000000000000902"><field_value id="760000500"><value>Index Field 2</value></field_value><field_value id="700001046"/><field_value id="760000901"><value>KS00505696001CYjMyUgj8hhAAWvMA</value></field_value><field_value id="700001043"/><field_value id="760000900"><value>"Configuration Menu Data"</value></field_value><field_value id="179"><value>AG00505696001CqTsyUgLSCCAABwcB</value></field_value><field_value id="760000200"><value>Data Management Console - Helper Data</value></field_value><field_value id="760000400"><value>All Entries</value></field_value><field_value id="8"><value>N/A</value></field_value><field_value id="7"><value>0</value></field_value><field_value id="6"><value>1379028833</value></field_value><field_value id="600000043"/><field_value id="5"><value>KD_WEBUSER</value></field_value><field_value id="4"/><field_value id="760000804"><value>KS00505696001C_c4eUgXkx8PghIJ5</value></field_value><field_value id="600000042"/><field_value id="3"><value>1379027385</value></field_value><field_value id="2"><value>KD_WEBUSER</value></field_value><field_value id="1"><value>000000000000902</value></field_value></entry><entry id="000000000000903"><field_value id="760000500"><value>Index Field 3</value></field_value><field_value id="700001046"/><field_value id="760000901"><value>KS00505696001CYjMyUgj8hhAAWvMA</value></field_value><field_value id="700001043"/><field_value id="760000900"><value>"Service Item Names for Editing Data"</value></field_value><field_value id="179"><value>AG00505696001C4TsyUgqvmCAAuAcB</value></field_value><field_value id="760000200"><value>Data Management Console - Helper Data</value></field_value><field_value id="760000400"><value>All Entries</value></field_value><field_value id="8"><value>N/A</value></field_value><field_value id="7"><value>0</value></field_value><field_value id="6"><value>1379028837</value></field_value><field_value id="600000043"/><field_value id="5"><value>KD_WEBUSER</value></field_value><field_value id="4"/><field_value id="760000804"><value>KS00505696001C_c4eUgXkx8PghIJ5</value></field_value><field_value id="600000042"/><field_value id="3"><value>1379027441</value></field_value><field_value id="2"><value>KD_WEBUSER</value></field_value><field_value id="1"><value>000000000000903</value></field_value></entry><entry id="000000000001001"><field_value id="760000500"><value>Bridge Model</value></field_value><field_value id="700001046"/><field_value id="760000901"><value>ID00505696001CwWg2UgHWn3Bgd_sD</value></field_value><field_value id="700001043"/><field_value id="760000900"><value>&lt;FLD&gt;Bridge Model;KS00505696001CiuUoUgz2XkZQGW7v;ANSWER&lt;/FLD&gt;</value></field_value><field_value id="179"><value>AG00505696001Ch2k2UgQ236BgjP0D</value></field_value><field_value id="760000200"><value>Data Management Console - Bridge Qualification Parameters</value></field_value><field_value id="760000400"><value>By Bridge and by Qualification and by Parameter</value></field_value><field_value id="8"><value>N/A</value></field_value><field_value id="7"><value>0</value></field_value><field_value id="6"><value>1379301271</value></field_value><field_value id="600000043"/><field_value id="5"><value>Demo</value></field_value><field_value id="4"/><field_value id="760000804"><value>KS00505696001C_c4eUgXkx8PghIJ5</value></field_value><field_value id="600000042"/><field_value id="3"><value>1379301271</value></field_value><field_value id="2"><value>Demo</value></field_value><field_value id="1"><value>000000000001001</value></field_value></entry><entry id="000000000001002"><field_value id="760000500"><value>Bridge Qualification</value></field_value><field_value id="700001046"/><field_value id="760000901"><value>ID00505696001CwWg2UgHWn3Bgd_sD</value></field_value><field_value id="700001043"/><field_value id="760000900"><value>&lt;FLD&gt;Bridge Qualifica;KS00505696001CzOUoUgTGTlZQO3Hv;ANSWER&lt;/FLD&gt;</value></field_value><field_value id="179"><value>AG00505696001CkGk2UgWpL6Bgr_0D</value></field_value><field_value id="760000200"><value>Data Management Console - Bridge Qualification Parameters</value></field_value><field_value id="760000400"><value>By Bridge and by Qualification and by Parameter</value></field_value><field_value id="8"><value>N/A</value></field_value><field_value id="7"><value>0</value></field_value><field_value id="6"><value>1379301280</value></field_value><field_value id="600000043"/><field_value id="5"><value>Demo</value></field_value><field_value id="4"/><field_value id="760000804"><value>KS00505696001C_c4eUgXkx8PghIJ5</value></field_value><field_value id="600000042"/><field_value id="3"><value>1379301280</value></field_value><field_value id="2"><value>Demo</value></field_value><field_value id="1"><value>000000000001002</value></field_value></entry><entry id="000000000001003"><field_value id="760000500"><value>Bridge Parameter</value></field_value><field_value id="700001046"/><field_value id="760000901"><value>ID00505696001CwWg2UgHWn3Bgd_sD</value></field_value><field_value id="700001043"/><field_value id="760000900"><value>&lt;FLD&gt;Bridge Parameter;KS00505696001C4u0vUgwPlcgQUIEB;ANSWER&lt;/FLD&gt;</value></field_value><field_value id="179"><value>AG00505696001CnWk2UgHcT6Bg1f0D</value></field_value><field_value id="760000200"><value>Data Management Console - Bridge Qualification Parameters</value></field_value><field_value id="760000400"><value>By Bridge and by Qualification and by Parameter</value></field_value><field_value id="8"><value>N/A</value></field_value><field_value id="7"><value>0</value></field_value><field_value id="6"><value>1379301293</value></field_value><field_value id="600000043"/><field_value id="5"><value>Demo</value></field_value><field_value id="4"/><field_value id="760000804"><value>KS00505696001C_c4eUgXkx8PghIJ5</value></field_value><field_value id="600000042"/><field_value id="3"><value>1379301293</value></field_value><field_value id="2"><value>Demo</value></field_value><field_value id="1"><value>000000000001003</value></field_value></entry></instance></xform></arsystem_xml_report>