<?xml version="1.0" encoding="UTF-8"?>
<arsystem_xml_report><xform id="KS_SRV_DynAnswerHideShow_Items" remedy="http://www.w3.org/2000/xforms"><instance><field-info><field><name>AnswerValueItemInstanceId_DEPR</name><id>700001003</id><type>CHAR</type></field><field><name>ItemName</name><id>700001002</id><type>CHAR</type></field><field><name>ItemInstanceID</name><id>700001001</id><type>CHAR</type></field><field><name>SurveyInstanceID</name><id>700000850</id><type>CHAR</type></field><field><name>QuestionInstanceID</name><id>700000230</id><type>CHAR</type></field><field><name>_EventInstanceID</name><id>700004956</id><type>CHAR</type></field><field><name>Type</name><id>700001000</id><type>ENUM</type></field><field><name>_Element_ID</name><id>700004955</id><type>CHAR</type></field><field><name>EventInstanceID</name><id>536870917</id><type>CHAR</type></field><field><name>Element_Type</name><id>700001202</id><type>ENUM</type></field><field><name>Element_ID</name><id>536870913</id><type>CHAR</type></field><field><name>_OrigAnswerValueInstanceID</name><id>700001048</id><type>CHAR</type></field><field><name>CloneSourceSurveyInstanceID</name><id>700001047</id><type>CHAR</type></field><field><name>CloneSourceInstanceID</name><id>700001046</id><type>CHAR</type></field><field><name>CloneSourceQuestionInstanceID</name><id>700001045</id><type>CHAR</type></field><field><name>_OrigItemInstanceID</name><id>700001044</id><type>CHAR</type></field><field><name>_ActionThree</name><id>700001043</id><type>CHAR</type></field><field><name>OperationID</name><id>490000700</id><type>CHAR</type></field><field><name>_Multi-Purpose2</name><id>600000091</id><type>CHAR</type></field><field><name>instanceid</name><id>179</id><type>CHAR</type></field><field><name>_Multi-Purpose</name><id>600000090</id><type>CHAR</type></field><field><name>Short Description</name><id>8</id><type>CHAR</type></field><field><name>Status</name><id>7</id><type>ENUM</type></field><field><name>Modified Date</name><id>6</id><type>TIME</type></field><field><name>_ActionTwo</name><id>600000043</id><type>CHAR</type></field><field><name>Last Modified By</name><id>5</id><type>CHAR</type></field><field><name>Assigned To</name><id>4</id><type>CHAR</type></field><field><name>_ActionOne</name><id>600000042</id><type>CHAR</type></field><field><name>Create Date</name><id>3</id><type>TIME</type></field><field><name>Submitter</name><id>2</id><type>CHAR</type></field><field><name>Request ID</name><id>1</id><type>CHAR</type></field></field-info><entry id="000000000018271"><field_value id="700001003"/><field_value id="700001002"><value>Bridge Qualification</value></field_value><field_value id="700001001"/><field_value id="700000850"><value>KS00505696001C_c4eUgXkx8PghIJ5</value></field_value><field_value id="700000230"><value>KS00505696001Ci-UoUgP2bkZQHG7v</value></field_value><field_value id="700004956"/><field_value id="700001000"><value>1</value></field_value><field_value id="700004955"/><field_value id="536870917"><value>ID00505696001CW-goUgXWPvZQRoXv</value></field_value><field_value id="700001202"/><field_value id="536870913"><value>QLAYER_KS00505696001CzOUoUgTGTlZQO3Hv</value></field_value><field_value id="700001048"/><field_value id="700001047"/><field_value id="700001046"/><field_value id="700001045"/><field_value id="700001044"/><field_value id="700001043"/><field_value id="490000700"/><field_value id="600000091"/><field_value id="179"><value>AG00505696001ChugoUg-wvwZQAobv</value></field_value><field_value id="600000090"/><field_value id="8"><value>na</value></field_value><field_value id="7"><value>0</value></field_value><field_value id="6"><value>1378416278</value></field_value><field_value id="600000043"/><field_value id="5"><value>Demo</value></field_value><field_value id="4"/><field_value id="600000042"/><field_value id="3"><value>1378416278</value></field_value><field_value id="2"><value>Demo</value></field_value><field_value id="1"><value>000000000018271</value></field_value></entry><entry id="000000000018272"><field_value id="700001003"/><field_value id="700001002"><value>Unique ID Field</value></field_value><field_value id="700001001"/><field_value id="700000850"><value>KS00505696001C_c4eUgXkx8PghIJ5</value></field_value><field_value id="700000230"><value>KS00505696001Ci-UoUgP2bkZQHG7v</value></field_value><field_value id="700004956"/><field_value id="700001000"><value>1</value></field_value><field_value id="700004955"/><field_value id="536870917"><value>ID00505696001C1-koUg_C71ZQyYvv</value></field_value><field_value id="700001202"/><field_value id="536870913"><value>QLAYER_KS00505696001CgOkoUgdd7zZQjYrv</value></field_value><field_value id="700001048"/><field_value id="700001047"/><field_value id="700001046"/><field_value id="700001045"/><field_value id="700001044"/><field_value id="700001043"/><field_value id="490000700"/><field_value id="600000091"/><field_value id="179"><value>AG00505696001CDuooUgpQf2ZQkYzv</value></field_value><field_value id="600000090"/><field_value id="8"><value>na</value></field_value><field_value id="7"><value>0</value></field_value><field_value id="6"><value>1378416670</value></field_value><field_value id="600000043"/><field_value id="5"><value>Demo</value></field_value><field_value id="4"/><field_value id="600000042"/><field_value id="3"><value>1378416670</value></field_value><field_value id="2"><value>Demo</value></field_value><field_value id="1"><value>000000000018272</value></field_value></entry><entry id="000000000018273"><field_value id="700001003"/><field_value id="700001002"><value>Status field</value></field_value><field_value id="700001001"/><field_value id="700000850"><value>KS00505696001C_c4eUgXkx8PghIJ5</value></field_value><field_value id="700000230"><value>KS00505696001Ci-UoUgP2bkZQHG7v</value></field_value><field_value id="700004956"/><field_value id="700001000"><value>1</value></field_value><field_value id="700004955"/><field_value id="536870917"><value>ID00505696001C1_coUgH98rZgnu3v</value></field_value><field_value id="700001202"/><field_value id="536870913"><value>QLAYER_KS00505696001Cye0oUgipkEZgSaLv</value></field_value><field_value id="700001048"/><field_value id="700001047"/><field_value id="700001046"/><field_value id="700001045"/><field_value id="700001044"/><field_value id="700001043"/><field_value id="490000700"/><field_value id="600000091"/><field_value id="179"><value>AG00505696001C9_coUgEV0sZgN-7v</value></field_value><field_value id="600000090"/><field_value id="8"><value>na</value></field_value><field_value id="7"><value>0</value></field_value><field_value id="6"><value>1378420231</value></field_value><field_value id="600000043"/><field_value id="5"><value>Demo</value></field_value><field_value id="4"/><field_value id="600000042"/><field_value id="3"><value>1378420231</value></field_value><field_value id="2"><value>Demo</value></field_value><field_value id="1"><value>000000000018273</value></field_value></entry><entry id="000000000018274"><field_value id="700001003"/><field_value id="700001002"><value>Data Source Field</value></field_value><field_value id="700001001"/><field_value id="700000850"><value>KS00505696001C_c4eUgXkx8PghIJ5</value></field_value><field_value id="700000230"><value>KS00505696001Ci-UoUgP2bkZQHG7v</value></field_value><field_value id="700004956"/><field_value id="700001000"><value>1</value></field_value><field_value id="700004955"/><field_value id="536870917"><value>ID00505696001CxfkoUg4GgzZgsvbv</value></field_value><field_value id="700001202"/><field_value id="536870913"><value>QLAYER_KS00505696001CivkoUg14IyZgp_Xv</value></field_value><field_value id="700001048"/><field_value id="700001047"/><field_value id="700001046"/><field_value id="700001045"/><field_value id="700001044"/><field_value id="700001043"/><field_value id="490000700"/><field_value id="600000091"/><field_value id="179"><value>AG00505696001C9PkoUgHCE0ZgWPfv</value></field_value><field_value id="600000090"/><field_value id="8"><value>na</value></field_value><field_value id="7"><value>0</value></field_value><field_value id="6"><value>1378420740</value></field_value><field_value id="600000043"/><field_value id="5"><value>Demo</value></field_value><field_value id="4"/><field_value id="600000042"/><field_value id="3"><value>1378420740</value></field_value><field_value id="2"><value>Demo</value></field_value><field_value id="1"><value>000000000018274</value></field_value></entry><entry id="000000000018275"><field_value id="700001003"/><field_value id="700001002"><value>Field selection options</value></field_value><field_value id="700001001"/><field_value id="700000850"><value>KS00505696001C_c4eUgXkx8PghIJ5</value></field_value><field_value id="700000230"><value>KS00505696001CnP8oUg5TlKZg4gvw</value></field_value><field_value id="700004956"/><field_value id="700001000"><value>1</value></field_value><field_value id="700004955"/><field_value id="536870917"><value>ID00505696001CGwEpUgOBJQZgxg_w</value></field_value><field_value id="700001202"><value>2</value></field_value><field_value id="536870913"><value>QLAYER_KS00505696001CrAApUgFGFOZglg7w</value></field_value><field_value id="700001048"/><field_value id="700001047"/><field_value id="700001046"/><field_value id="700001045"/><field_value id="700001044"/><field_value id="700001043"/><field_value id="490000700"/><field_value id="600000091"/><field_value id="179"><value>AG00505696001CfQEpUgAJBRZgvxDw</value></field_value><field_value id="600000090"/><field_value id="8"><value>na</value></field_value><field_value id="7"><value>1</value></field_value><field_value id="6"><value>1378422738</value></field_value><field_value id="600000043"/><field_value id="5"><value>Demo</value></field_value><field_value id="4"/><field_value id="600000042"/><field_value id="3"><value>1378422669</value></field_value><field_value id="2"><value>Demo</value></field_value><field_value id="1"><value>000000000018275</value></field_value></entry><entry id="000000000018276"><field_value id="700001003"/><field_value id="700001002"><value>Field selection options</value></field_value><field_value id="700001001"/><field_value id="700000850"><value>KS00505696001C_c4eUgXkx8PghIJ5</value></field_value><field_value id="700000230"><value>KS00505696001CnP8oUg5TlKZg4gvw</value></field_value><field_value id="700004956"/><field_value id="700001000"><value>0</value></field_value><field_value id="700004955"/><field_value id="536870917"><value>ID00505696001ClwEpUgdvhRZgBRHw</value></field_value><field_value id="700001202"><value>2</value></field_value><field_value id="536870913"><value>QLAYER_KS00505696001CrAApUgFGFOZglg7w</value></field_value><field_value id="700001048"/><field_value id="700001047"/><field_value id="700001046"/><field_value id="700001045"/><field_value id="700001044"/><field_value id="700001043"/><field_value id="490000700"/><field_value id="600000091"/><field_value id="179"><value>AG00505696001CvwEpUg1pFSZgWhHw</value></field_value><field_value id="600000090"/><field_value id="8"><value>na</value></field_value><field_value id="7"><value>1</value></field_value><field_value id="6"><value>1378422738</value></field_value><field_value id="600000043"/><field_value id="5"><value>Demo</value></field_value><field_value id="4"/><field_value id="600000042"/><field_value id="3"><value>1378422735</value></field_value><field_value id="2"><value>Demo</value></field_value><field_value id="1"><value>000000000018276</value></field_value></entry><entry id="000000000018277"><field_value id="700001003"/><field_value id="700001002"><value>Field Length</value></field_value><field_value id="700001001"/><field_value id="700000850"><value>KS00505696001C_c4eUgXkx8PghIJ5</value></field_value><field_value id="700000230"><value>KS00505696001CnP8oUg5TlKZg4gvw</value></field_value><field_value id="700004956"/><field_value id="700001000"><value>1</value></field_value><field_value id="700004955"/><field_value id="536870917"><value>ID00505696001C_wMpUgZl1bZgDBjw</value></field_value><field_value id="700001202"><value>2</value></field_value><field_value id="536870913"><value>QLAYER_KS00505696001C0QIpUgscBWZg4RTw</value></field_value><field_value id="700001048"/><field_value id="700001047"/><field_value id="700001046"/><field_value id="700001045"/><field_value id="700001044"/><field_value id="700001043"/><field_value id="490000700"/><field_value id="600000091"/><field_value id="179"><value>AG00505696001CDQQpUgR5NbZgNBjw</value></field_value><field_value id="600000090"/><field_value id="8"><value>na</value></field_value><field_value id="7"><value>1</value></field_value><field_value id="6"><value>1378423390</value></field_value><field_value id="600000043"/><field_value id="5"><value>Demo</value></field_value><field_value id="4"/><field_value id="600000042"/><field_value id="3"><value>1378423325</value></field_value><field_value id="2"><value>Demo</value></field_value><field_value id="1"><value>000000000018277</value></field_value></entry><entry id="000000000018279"><field_value id="700001003"/><field_value id="700001002"><value>Field Length</value></field_value><field_value id="700001001"/><field_value id="700000850"><value>KS00505696001C_c4eUgXkx8PghIJ5</value></field_value><field_value id="700000230"><value>KS00505696001CnP8oUg5TlKZg4gvw</value></field_value><field_value id="700004956"/><field_value id="700001000"><value>0</value></field_value><field_value id="700004955"/><field_value id="536870917"><value>ID00505696001CNgQpUgljNcZgmhjw</value></field_value><field_value id="700001202"><value>2</value></field_value><field_value id="536870913"><value>QLAYER_KS00505696001C0QIpUgscBWZg4RTw</value></field_value><field_value id="700001048"/><field_value id="700001047"/><field_value id="700001046"/><field_value id="700001045"/><field_value id="700001044"/><field_value id="700001043"/><field_value id="490000700"/><field_value id="600000091"/><field_value id="179"><value>AG00505696001CRQQpUgrW9cZgwxjw</value></field_value><field_value id="600000090"/><field_value id="8"><value>na</value></field_value><field_value id="7"><value>1</value></field_value><field_value id="6"><value>1378423390</value></field_value><field_value id="600000043"/><field_value id="5"><value>Demo</value></field_value><field_value id="4"/><field_value id="600000042"/><field_value id="3"><value>1378423381</value></field_value><field_value id="2"><value>Demo</value></field_value><field_value id="1"><value>000000000018279</value></field_value></entry><entry id="000000000018311"><field_value id="700001003"/><field_value id="700001002"><value>Bridge Parameters</value></field_value><field_value id="700001001"/><field_value id="700000850"><value>KS00505696001C_c4eUgXkx8PghIJ5</value></field_value><field_value id="700000230"><value>KS00505696001CzOUoUgkmTlZQPnHv</value></field_value><field_value id="700004956"/><field_value id="700001000"><value>1</value></field_value><field_value id="700004955"/><field_value id="536870917"><value>ID00505696001CSuIvUgYbEvgQBl0B</value></field_value><field_value id="700001202"/><field_value id="536870913"><value>QLAYER_KS00505696001C4u0vUgwPlcgQUIEB</value></field_value><field_value id="700001048"/><field_value id="700001047"/><field_value id="700001046"/><field_value id="700001045"/><field_value id="700001044"/><field_value id="700001043"/><field_value id="490000700"/><field_value id="600000091"/><field_value id="179"><value>AG00505696001CI-4vUg6PddgQf4IB</value></field_value><field_value id="600000090"/><field_value id="8"><value>na</value></field_value><field_value id="7"><value>0</value></field_value><field_value id="6"><value>1378876467</value></field_value><field_value id="600000043"/><field_value id="5"><value>Demo</value></field_value><field_value id="4"/><field_value id="600000042"/><field_value id="3"><value>1378876467</value></field_value><field_value id="2"><value>Demo</value></field_value><field_value id="1"><value>000000000018311</value></field_value></entry><entry id="000000000018312"><field_value id="700001003"/><field_value id="700001002"><value>Bridge Parameter</value></field_value><field_value id="700001001"/><field_value id="700000850"><value>KS00505696001C_c4eUgXkx8PghIJ5</value></field_value><field_value id="700000230"><value>KS00505696001CzOUoUgkmTlZQPnHv</value></field_value><field_value id="700004956"/><field_value id="700001000"><value>1</value></field_value><field_value id="700004955"/><field_value id="536870917"><value>ID00505696001CcPAvUgAvhmgQkokB</value></field_value><field_value id="700001202"/><field_value id="536870913"><value>QLAYER_KS00505696001C4u0vUgwPlcgQUIEB</value></field_value><field_value id="700001048"/><field_value id="700001047"/><field_value id="700001046"/><field_value id="700001045"/><field_value id="700001044"/><field_value id="700001043"/><field_value id="490000700"/><field_value id="600000091"/><field_value id="179"><value>AG00505696001CmfAvUg-JdngQNIoB</value></field_value><field_value id="600000090"/><field_value id="8"><value>na</value></field_value><field_value id="7"><value>0</value></field_value><field_value id="6"><value>1378932296</value></field_value><field_value id="600000043"/><field_value id="5"><value>Demo</value></field_value><field_value id="4"/><field_value id="600000042"/><field_value id="3"><value>1378877097</value></field_value><field_value id="2"><value>Demo</value></field_value><field_value id="1"><value>000000000018312</value></field_value></entry><entry id="000000000018534"><field_value id="700001003"/><field_value id="700001002"><value>List Help Text</value></field_value><field_value id="700001001"/><field_value id="700000850"><value>KS00505696001C_c4eUgXkx8PghIJ5</value></field_value><field_value id="700000230"><value>KS00505696001CnP8oUg5TlKZg4gvw</value></field_value><field_value id="700004956"/><field_value id="700001000"><value>1</value></field_value><field_value id="700004955"/><field_value id="536870917"><value>ID00505696001CGwEpUgOBJQZgxg_w</value></field_value><field_value id="700001202"><value>6</value></field_value><field_value id="536870913"><value>DYNAMIC_TEXT_KS00505696001CarpFUgVmf0DwgVoK</value></field_value><field_value id="700001048"/><field_value id="700001047"/><field_value id="700001046"/><field_value id="700001045"/><field_value id="700001044"/><field_value id="700001043"/><field_value id="490000700"/><field_value id="600000091"/><field_value id="179"><value>AG00505696001CKrtFUg8FX3Dw_FwK</value></field_value><field_value id="600000090"/><field_value id="8"><value>na</value></field_value><field_value id="7"><value>1</value></field_value><field_value id="6"><value>1380305244</value></field_value><field_value id="600000043"/><field_value id="5"><value>Demo</value></field_value><field_value id="4"/><field_value id="600000042"/><field_value id="3"><value>1380305210</value></field_value><field_value id="2"><value>Demo</value></field_value><field_value id="1"><value>000000000018534</value></field_value></entry><entry id="000000000018535"><field_value id="700001003"/><field_value id="700001002"><value>List Help Text</value></field_value><field_value id="700001001"/><field_value id="700000850"><value>KS00505696001C_c4eUgXkx8PghIJ5</value></field_value><field_value id="700000230"><value>KS00505696001CnP8oUg5TlKZg4gvw</value></field_value><field_value id="700004956"/><field_value id="700001000"><value>0</value></field_value><field_value id="700004955"/><field_value id="536870917"><value>ID00505696001ClwEpUgdvhRZgBRHw</value></field_value><field_value id="700001202"><value>6</value></field_value><field_value id="536870913"><value>DYNAMIC_TEXT_KS00505696001CarpFUgVmf0DwgVoK</value></field_value><field_value id="700001048"/><field_value id="700001047"/><field_value id="700001046"/><field_value id="700001045"/><field_value id="700001044"/><field_value id="700001043"/><field_value id="490000700"/><field_value id="600000091"/><field_value id="179"><value>AG00505696001CPrtFUgMKH3DwTl0K</value></field_value><field_value id="600000090"/><field_value id="8"><value>na</value></field_value><field_value id="7"><value>1</value></field_value><field_value id="6"><value>1380305244</value></field_value><field_value id="600000043"/><field_value id="5"><value>Demo</value></field_value><field_value id="4"/><field_value id="600000042"/><field_value id="3"><value>1380305230</value></field_value><field_value id="2"><value>Demo</value></field_value><field_value id="1"><value>000000000018535</value></field_value></entry><entry id="000000000018542"><field_value id="700001003"/><field_value id="700001002"><value>BUTTON</value></field_value><field_value id="700001001"/><field_value id="700000850"><value>KS00505696001C_c4eUgXkx8PghIJ5</value></field_value><field_value id="700000230"><value>KS00505696001CWc8eUgS7N9PgZ4N5</value></field_value><field_value id="700004956"/><field_value id="700001000"><value>0</value></field_value><field_value id="700004955"/><field_value id="536870917"><value>ID00505696001CbalJUgJgxSHwJtsV</value></field_value><field_value id="700001202"><value>5</value></field_value><field_value id="536870913"><value>BUTTON_AG00505696001CWc8eUg57N9PgaIN5</value></field_value><field_value id="700001048"/><field_value id="700001047"/><field_value id="700001046"/><field_value id="700001045"/><field_value id="700001044"/><field_value id="700001043"/><field_value id="490000700"/><field_value id="600000091"/><field_value id="179"><value>AG00505696001CeKlJUg2TRSHwYtsV</value></field_value><field_value id="600000090"/><field_value id="8"><value>na</value></field_value><field_value id="7"><value>0</value></field_value><field_value id="6"><value>1380562826</value></field_value><field_value id="600000043"/><field_value id="5"><value>Demo</value></field_value><field_value id="4"/><field_value id="600000042"/><field_value id="3"><value>1380562824</value></field_value><field_value id="2"><value>Demo</value></field_value><field_value id="1"><value>000000000018542</value></field_value></entry></instance></xform></arsystem_xml_report>