<?xml version="1.0" encoding="UTF-8"?>
<arsystem_xml_report><xform id="KS_RQT_BridgedResource" remedy="http://www.w3.org/2000/xforms"><instance><field-info><field><name>_ActionFour</name><id>700002000</id><type>CHAR</type></field><field><name>Clone_SourceInstanceID</name><id>700001046</id><type>CHAR</type></field><field><name>_ActionThree</name><id>700001043</id><type>CHAR</type></field><field><name>InstanceId</name><id>179</id><type>CHAR</type></field><field><name>model_name</name><id>760000200</id><type>CHAR</type></field><field><name>qualification_type</name><id>760000402</id><type>ENUM</type></field><field><name>qualification_name</name><id>760000400</id><type>CHAR</type></field><field><name>OperationID</name><id>760000809</id><type>CHAR</type></field><field><name>Short Description</name><id>8</id><type>CHAR</type></field><field><name>Status</name><id>7</id><type>ENUM</type></field><field><name>Modified Date</name><id>6</id><type>TIME</type></field><field><name>_ActionTwo</name><id>600000043</id><type>CHAR</type></field><field><name>Last Modified By</name><id>5</id><type>CHAR</type></field><field><name>form_id</name><id>760000804</id><type>CHAR</type></field><field><name>Assigned To</name><id>4</id><type>CHAR</type></field><field><name>_ActionOne</name><id>600000042</id><type>CHAR</type></field><field><name>label_attribute</name><id>760000803</id><type>CHAR</type></field><field><name>Create Date</name><id>3</id><type>TIME</type></field><field><name>value_attribute</name><id>760000802</id><type>CHAR</type></field><field><name>Submitter</name><id>2</id><type>CHAR</type></field><field><name>source_id</name><id>760000801</id><type>CHAR</type></field><field><name>Request ID</name><id>1</id><type>CHAR</type></field><field><name>source</name><id>760000800</id><type>CHAR</type></field></field-info><entry id="000000000000638"><field_value id="700002000"/><field_value id="700001046"/><field_value id="700001043"/><field_value id="179"><value>KS865f6c1ba3ed1f62526e5ee8ffe10ac69</value></field_value><field_value id="760000200"><value>Data Management Console - Data Types</value></field_value><field_value id="760000402"><value>1</value></field_value><field_value id="760000400"><value>All Active</value></field_value><field_value id="760000809"><value>KSHAA5V0HJEMVANKPYKVY808GG8GDG</value></field_value><field_value id="8"><value>N/A</value></field_value><field_value id="7"><value>0</value></field_value><field_value id="6"><value>1425655342</value></field_value><field_value id="600000043"/><field_value id="5"><value>Demo</value></field_value><field_value id="760000804"><value>KS0cd4f48d988f26dcb9ece769b737a9330</value></field_value><field_value id="4"/><field_value id="600000042"/><field_value id="760000803"><value>Level 1</value></field_value><field_value id="3"><value>1378257635</value></field_value><field_value id="760000802"><value>Level 1</value></field_value><field_value id="2"><value>Demo</value></field_value><field_value id="760000801"><value>KS0268e1c8fc3e3e54702d4304e64993600</value></field_value><field_value id="1"><value>000000000000638</value></field_value><field_value id="760000800"><value>Dynamic List</value></field_value></entry><entry id="000000000000639"><field_value id="700002000"/><field_value id="700001046"/><field_value id="700001043"/><field_value id="179"><value>KS9576f057276a892bea4a01a269edc3faf</value></field_value><field_value id="760000200"><value>Data Management Console - Data Types</value></field_value><field_value id="760000402"><value>1</value></field_value><field_value id="760000400"><value>By Level 1</value></field_value><field_value id="760000809"><value>KSHAA5V0HJEMVANKR0P3A81IK1LA63</value></field_value><field_value id="8"><value>N/A</value></field_value><field_value id="7"><value>0</value></field_value><field_value id="6"><value>1425717684</value></field_value><field_value id="600000043"/><field_value id="5"><value>Demo</value></field_value><field_value id="760000804"><value>KS0cd4f48d988f26dcb9ece769b737a9330</value></field_value><field_value id="4"/><field_value id="600000042"/><field_value id="760000803"><value>Level 2</value></field_value><field_value id="3"><value>1378257698</value></field_value><field_value id="760000802"><value>Level 2</value></field_value><field_value id="2"><value>Demo</value></field_value><field_value id="760000801"><value>KSaab1594c85fc65d472b278318fae0a634</value></field_value><field_value id="1"><value>000000000000639</value></field_value><field_value id="760000800"><value>Dynamic List</value></field_value></entry><entry id="000000000000640"><field_value id="700002000"/><field_value id="700001046"/><field_value id="700001043"/><field_value id="179"><value>KS84f88b630e0a4ad4ff3819c1b4406977b</value></field_value><field_value id="760000200"><value>Data Management Console - Data Types</value></field_value><field_value id="760000402"><value>1</value></field_value><field_value id="760000400"><value>By Level 1 and 2</value></field_value><field_value id="760000809"><value>KS00505696001CFDc5UgvlztEQOQML</value></field_value><field_value id="8"><value>N/A</value></field_value><field_value id="7"><value>0</value></field_value><field_value id="6"><value>1379607372</value></field_value><field_value id="600000043"/><field_value id="5"><value>Demo</value></field_value><field_value id="760000804"><value>KS0cd4f48d988f26dcb9ece769b737a9330</value></field_value><field_value id="4"/><field_value id="600000042"/><field_value id="760000803"><value>Level 3</value></field_value><field_value id="3"><value>1378257754</value></field_value><field_value id="760000802"><value>Level 3</value></field_value><field_value id="2"><value>Demo</value></field_value><field_value id="760000801"><value>KSd1d04cfa9cad3755e1d1b7c0f677d996b</value></field_value><field_value id="1"><value>000000000000640</value></field_value><field_value id="760000800"><value>Dynamic List</value></field_value></entry><entry id="000000000000641"><field_value id="700002000"/><field_value id="700001046"/><field_value id="700001043"/><field_value id="179"><value>KSf473067a251a01ab70b3a5fd658d77a65</value></field_value><field_value id="760000200"><value>Data Management Console - Data Types</value></field_value><field_value id="760000402"><value>1</value></field_value><field_value id="760000400"><value>All Active</value></field_value><field_value id="760000809"><value>KSHAA5V0HJEMVANKR2G2A96EMSLE3J</value></field_value><field_value id="8"><value>N/A</value></field_value><field_value id="7"><value>0</value></field_value><field_value id="6"><value>1425719508</value></field_value><field_value id="600000043"/><field_value id="5"><value>Demo</value></field_value><field_value id="760000804"><value>KS0cd4f48d988f26dcb9ece769b737a9330</value></field_value><field_value id="4"/><field_value id="600000042"/><field_value id="760000803"><value>Data Type Name</value></field_value><field_value id="3"><value>1378257812</value></field_value><field_value id="760000802"><value>Data Type Name</value></field_value><field_value id="2"><value>Demo</value></field_value><field_value id="760000801"><value>KSafda7631ad089f7809abe1cebad75295b</value></field_value><field_value id="1"><value>000000000000641</value></field_value><field_value id="760000800"><value>Dynamic List</value></field_value></entry><entry id="000000000000642"><field_value id="700002000"/><field_value id="700001046"/><field_value id="700001043"/><field_value id="179"><value>ID8fe910935123a7864e15fee809a11564d</value></field_value><field_value id="760000200"><value>Data Management Console - Helper Data</value></field_value><field_value id="760000402"><value>1</value></field_value><field_value id="760000400"><value>All Entries</value></field_value><field_value id="760000809"><value>KS00505696001CY2clUgYpw_WA8cI5</value></field_value><field_value id="8"><value>N/A</value></field_value><field_value id="7"><value>0</value></field_value><field_value id="6"><value>1378311264</value></field_value><field_value id="600000043"/><field_value id="5"><value>Demo</value></field_value><field_value id="760000804"><value>KS0cd4f48d988f26dcb9ece769b737a9330</value></field_value><field_value id="4"/><field_value id="600000042"/><field_value id="760000803"/><field_value id="3"><value>1378309034</value></field_value><field_value id="760000802"/><field_value id="2"><value>Demo</value></field_value><field_value id="760000801"><value>ID22730120621147146f2994e6809829f27</value></field_value><field_value id="1"><value>000000000000642</value></field_value><field_value id="760000800"><value>Custom</value></field_value></entry><entry id="000000000000643"><field_value id="700002000"/><field_value id="700001046"/><field_value id="700001043"/><field_value id="179"><value>ID496481c0fa59851058d52de88cda8ea3d</value></field_value><field_value id="760000200"><value>Data Management Console - Helper Data</value></field_value><field_value id="760000402"><value>1</value></field_value><field_value id="760000400"><value>All Entries - Special Param 3</value></field_value><field_value id="760000809"><value>KS00505696001Cp3klUg_fWGWAaP45</value></field_value><field_value id="8"><value>N/A</value></field_value><field_value id="7"><value>0</value></field_value><field_value id="6"><value>1378313740</value></field_value><field_value id="600000043"/><field_value id="5"><value>Demo</value></field_value><field_value id="760000804"><value>KS0cd4f48d988f26dcb9ece769b737a9330</value></field_value><field_value id="4"/><field_value id="600000042"/><field_value id="760000803"/><field_value id="3"><value>1378313727</value></field_value><field_value id="760000802"/><field_value id="2"><value>Demo</value></field_value><field_value id="760000801"><value>IDae1d248b90512f1a08aa65af8c7c096b3</value></field_value><field_value id="1"><value>000000000000643</value></field_value><field_value id="760000800"><value>Custom</value></field_value></entry><entry id="000000000000644"><field_value id="700002000"/><field_value id="700001046"/><field_value id="700001043"/><field_value id="179"><value>ID6b2a8eace0a133a621774c82f1ec0997c</value></field_value><field_value id="760000200"><value>Data Management Console - Helper Data</value></field_value><field_value id="760000402"><value>1</value></field_value><field_value id="760000400"><value>Index 1</value></field_value><field_value id="760000809"><value>KS00505696001C8YM2UgKp5hBwFWcE</value></field_value><field_value id="8"><value>N/A</value></field_value><field_value id="7"><value>0</value></field_value><field_value id="6"><value>1379430480</value></field_value><field_value id="600000043"/><field_value id="5"><value>Demo</value></field_value><field_value id="760000804"><value>KS0cd4f48d988f26dcb9ece769b737a9330</value></field_value><field_value id="4"/><field_value id="600000042"/><field_value id="760000803"/><field_value id="3"><value>1379430471</value></field_value><field_value id="760000802"/><field_value id="2"><value>Demo</value></field_value><field_value id="760000801"><value>ID13d186ae4c1a3fbfab39f602e1b7e6442</value></field_value><field_value id="1"><value>000000000000644</value></field_value><field_value id="760000800"><value>Custom</value></field_value></entry><entry id="000000000000645"><field_value id="700002000"/><field_value id="700001046"/><field_value id="700001043"/><field_value id="179"><value>IDc79920e6343f8c9e35be7190e4f7b596e</value></field_value><field_value id="760000200"><value>Data Management Console - Helper Data</value></field_value><field_value id="760000402"><value>1</value></field_value><field_value id="760000400"><value>Index 1 | Index 2 (any match/wildcards/non-null)</value></field_value><field_value id="760000809"><value>KS00505696001CNYQ2UgWKViBw52cE</value></field_value><field_value id="8"><value>N/A</value></field_value><field_value id="7"><value>0</value></field_value><field_value id="6"><value>1379430756</value></field_value><field_value id="600000043"/><field_value id="5"><value>Demo</value></field_value><field_value id="760000804"><value>KS0cd4f48d988f26dcb9ece769b737a9330</value></field_value><field_value id="4"/><field_value id="600000042"/><field_value id="760000803"/><field_value id="3"><value>1379430547</value></field_value><field_value id="760000802"/><field_value id="2"><value>Demo</value></field_value><field_value id="760000801"><value>ID75acbfc472c2f3effa3b160cf0cb1f1ba</value></field_value><field_value id="1"><value>000000000000645</value></field_value><field_value id="760000800"><value>Custom</value></field_value></entry><entry id="000000000000646"><field_value id="700002000"/><field_value id="700001046"/><field_value id="700001043"/><field_value id="179"><value>ID08caea2fa852ad2bf2df2db769dd73b21</value></field_value><field_value id="760000200"><value>Data Management Console - Helper Data</value></field_value><field_value id="760000402"><value>1</value></field_value><field_value id="760000400"><value>Index 1 | Index 2 (exact match/null)</value></field_value><field_value id="760000809"><value>KS00505696001ChoQ2UgFeNjBw1WgE</value></field_value><field_value id="8"><value>N/A</value></field_value><field_value id="7"><value>0</value></field_value><field_value id="6"><value>1379430731</value></field_value><field_value id="600000043"/><field_value id="5"><value>Demo</value></field_value><field_value id="760000804"><value>KS0cd4f48d988f26dcb9ece769b737a9330</value></field_value><field_value id="4"/><field_value id="600000042"/><field_value id="760000803"/><field_value id="3"><value>1379430608</value></field_value><field_value id="760000802"/><field_value id="2"><value>Demo</value></field_value><field_value id="760000801"><value>IDbf24e93d96bcbba31c1a656465b6664ad</value></field_value><field_value id="1"><value>000000000000646</value></field_value><field_value id="760000800"><value>Custom</value></field_value></entry><entry id="000000000000647"><field_value id="700002000"/><field_value id="700001046"/><field_value id="700001043"/><field_value id="179"><value>ID6cdc6e7e50430b6e7e06690da82d03173</value></field_value><field_value id="760000200"><value>Data Management Console - Helper Data</value></field_value><field_value id="760000402"><value>1</value></field_value><field_value id="760000400"><value>Index 1 | Index 2 | Index 3 (any match/wildcards/non-null)</value></field_value><field_value id="760000809"><value>KS00505696001Cv4Q2UgG8BkBwgWkE</value></field_value><field_value id="8"><value>N/A</value></field_value><field_value id="7"><value>0</value></field_value><field_value id="6"><value>1379430696</value></field_value><field_value id="600000043"/><field_value id="5"><value>Demo</value></field_value><field_value id="760000804"><value>KS0cd4f48d988f26dcb9ece769b737a9330</value></field_value><field_value id="4"/><field_value id="600000042"/><field_value id="760000803"/><field_value id="3"><value>1379430678</value></field_value><field_value id="760000802"/><field_value id="2"><value>Demo</value></field_value><field_value id="760000801"><value>ID2778944e3479ff74ee847c0dad6310113</value></field_value><field_value id="1"><value>000000000000647</value></field_value><field_value id="760000800"><value>Custom</value></field_value></entry><entry id="000000000000648"><field_value id="700002000"/><field_value id="700001046"/><field_value id="700001043"/><field_value id="179"><value>ID815acbd0b6b23c3616df7bc5e84f76361</value></field_value><field_value id="760000200"><value>Data Management Console - Helper Data</value></field_value><field_value id="760000402"><value>1</value></field_value><field_value id="760000400"><value>Index 1 | Index 2 | Index 3 (exact match/null)</value></field_value><field_value id="760000809"><value>KS00505696001CPoU2UgqrJmBwP2sE</value></field_value><field_value id="8"><value>N/A</value></field_value><field_value id="7"><value>0</value></field_value><field_value id="6"><value>1379430798</value></field_value><field_value id="600000043"/><field_value id="5"><value>Demo</value></field_value><field_value id="760000804"><value>KS0cd4f48d988f26dcb9ece769b737a9330</value></field_value><field_value id="4"/><field_value id="600000042"/><field_value id="760000803"/><field_value id="3"><value>1379430795</value></field_value><field_value id="760000802"/><field_value id="2"><value>Demo</value></field_value><field_value id="760000801"><value>ID49f085b6febbddfa2ca8ff2dd35f15fb9</value></field_value><field_value id="1"><value>000000000000648</value></field_value><field_value id="760000800"><value>Custom</value></field_value></entry><entry id="000000000000649"><field_value id="700002000"/><field_value id="700001046"/><field_value id="700001043"/><field_value id="179"><value>ID80d8daee56adccb1a34085fa4e8fa4cfa</value></field_value><field_value id="760000200"><value>KS_TSK_Instance</value></field_value><field_value id="760000402"><value>1</value></field_value><field_value id="760000400"><value>All</value></field_value><field_value id="760000809"><value>KS00505696001ClkU5Ug8QcmEgvUsL</value></field_value><field_value id="8"><value>N/A</value></field_value><field_value id="7"><value>0</value></field_value><field_value id="6"><value>1379611102</value></field_value><field_value id="600000043"/><field_value id="5"><value>Demo</value></field_value><field_value id="760000804"><value>KS0cd4f48d988f26dcb9ece769b737a9330</value></field_value><field_value id="4"/><field_value id="600000042"/><field_value id="760000803"/><field_value id="3"><value>1379611101</value></field_value><field_value id="760000802"/><field_value id="2"><value>Demo</value></field_value><field_value id="760000801"><value>IDcaf566e38d621391601eb2adaf474742c</value></field_value><field_value id="1"><value>000000000000649</value></field_value><field_value id="760000800"><value>Custom</value></field_value></entry><entry id="000000000000650"><field_value id="700002000"/><field_value id="700001046"/><field_value id="700001043"/><field_value id="179"><value>ID7a2c5acec2bc1107fcba74f6dc7cb6c7b</value></field_value><field_value id="760000200"><value>Attribute</value></field_value><field_value id="760000402"><value>1</value></field_value><field_value id="760000400"><value>By Type</value></field_value><field_value id="760000809"><value>KSHAA5V0HJEMVAN6ITVROEYA8O0ZZ9</value></field_value><field_value id="8"><value>N/A</value></field_value><field_value id="7"><value>0</value></field_value><field_value id="6"><value>1418137569</value></field_value><field_value id="600000043"/><field_value id="5"><value>Demo</value></field_value><field_value id="760000804"><value>KS0cd4f48d988f26dcb9ece769b737a9330</value></field_value><field_value id="4"/><field_value id="600000042"/><field_value id="760000803"/><field_value id="3"><value>1418137567</value></field_value><field_value id="760000802"/><field_value id="2"><value>Demo</value></field_value><field_value id="760000801"><value>ID509053f43763600f5516785d70fa2551f</value></field_value><field_value id="1"><value>000000000000650</value></field_value><field_value id="760000800"><value>Custom</value></field_value></entry><entry id="000000000000651"><field_value id="700002000"/><field_value id="700001046"/><field_value id="700001043"/><field_value id="179"><value>IDdeffc45f1076a2fd2d93fd99b4587caa9</value></field_value><field_value id="760000200"><value>Data Management Console - Data Types</value></field_value><field_value id="760000402"><value>1</value></field_value><field_value id="760000400"><value>Active</value></field_value><field_value id="760000809"><value>KSHAA5V0HJEMVANKNP4QWRNRF33419</value></field_value><field_value id="8"><value>N/A</value></field_value><field_value id="7"><value>0</value></field_value><field_value id="6"><value>1425550017</value></field_value><field_value id="600000043"/><field_value id="5"><value>Demo</value></field_value><field_value id="760000804"><value>KS0cd4f48d988f26dcb9ece769b737a9330</value></field_value><field_value id="4"/><field_value id="600000042"/><field_value id="760000803"/><field_value id="3"><value>1425550016</value></field_value><field_value id="760000802"/><field_value id="2"><value>Demo</value></field_value><field_value id="760000801"><value>ID38a465601d665158c9035898f562756c0</value></field_value><field_value id="1"><value>000000000000651</value></field_value><field_value id="760000800"><value>Custom</value></field_value></entry></instance></xform></arsystem_xml_report>