<?xml version="1.0" encoding="UTF-8"?>
<arsystem_xml_report><xform id="KS_RQT_ServiceItemCategory" remedy="http://www.w3.org/2000/xforms"><instance><field-info><field><name>Icon_Name</name><id>700401910</id><type>CHAR</type></field><field><name>Number_of_Items</name><id>700401940</id><type>INTEGER</type></field><field><name>AttachmentInstanceId</name><id>700401970</id><type>CHAR</type></field><field><name>Service_Item_Name</name><id>700001000</id><type>CHAR</type></field><field><name>SortOrder</name><id>700061010</id><type>INTEGER</type></field><field><name>ServiceCatalog</name><id>600000500</id><type>CHAR</type></field><field><name>IconInstanceId</name><id>700401920</id><type>CHAR</type></field><field><name>Icon Image</name><id>700401980</id><type>UnKnown Type</type></field><field><name>ServiceItemInstanceID</name><id>700000800</id><type>CHAR</type></field><field><name>instanceid</name><id>179</id><type>CHAR</type></field><field><name>CategoryDescription</name><id>700401901</id><type>CHAR</type></field><field><name>Category</name><id>700401900</id><type>CHAR</type></field><field><name>IconHTML</name><id>700401930</id><type>CHAR</type></field><field><name>CatalogInstanceID</name><id>700001923</id><type>CHAR</type></field><field><name>Short Description</name><id>8</id><type>CHAR</type></field><field><name>Status</name><id>7</id><type>ENUM</type></field><field><name>Modified Date</name><id>6</id><type>TIME</type></field><field><name>_ActionTwo</name><id>600000043</id><type>CHAR</type></field><field><name>Last Modified By</name><id>5</id><type>CHAR</type></field><field><name>Assigned To</name><id>4</id><type>CHAR</type></field><field><name>_ActionOne</name><id>600000042</id><type>CHAR</type></field><field><name>Create Date</name><id>3</id><type>TIME</type></field><field><name>Submitter</name><id>2</id><type>CHAR</type></field><field><name>Request ID</name><id>1</id><type>CHAR</type></field></field-info><entry id="000000000000309"><field_value id="700401910"/><field_value id="700401940"/><field_value id="700401970"/><field_value id="700001000"/><field_value id="700061010"/><field_value id="600000500"><value>Data Management</value></field_value><field_value id="700401920"/><field_value id="700401980"/><field_value id="700000800"/><field_value id="179"><value>KSHAA5V0HIB4WAOBM7R2J8LSL5RND8</value></field_value><field_value id="700401901"><value>Included in this catalog is a sample template to get you started</value></field_value><field_value id="700401900"><value>Example Templates</value></field_value><field_value id="700401930"/><field_value id="700001923"><value>KRHAA5V0HIB4WAOBM7R2J8LS26RND0</value></field_value><field_value id="8"><value>na</value></field_value><field_value id="7"><value>0</value></field_value><field_value id="6"><value>1453917366</value></field_value><field_value id="600000043"/><field_value id="5"><value>Demo</value></field_value><field_value id="4"/><field_value id="600000042"/><field_value id="3"><value>1453917288</value></field_value><field_value id="2"><value>Demo</value></field_value><field_value id="1"><value>000000000000309</value></field_value></entry><entry id="000000000000310"><field_value id="700401910"/><field_value id="700401940"/><field_value id="700401970"/><field_value id="700001000"/><field_value id="700061010"/><field_value id="600000500"><value>Data Management</value></field_value><field_value id="700401920"/><field_value id="700401980"/><field_value id="700000800"/><field_value id="179"><value>KSHAA5V0HIB4WAOBM7R2J8LSMZRNDK</value></field_value><field_value id="700401901"><value>Included in this catalog is a sample template to get you started</value></field_value><field_value id="700401900"><value>Example Templates :: Example Templates Subcategory</value></field_value><field_value id="700401930"/><field_value id="700001923"><value>KRHAA5V0HIB4WAOBM7R2J8LS26RND0</value></field_value><field_value id="8"><value>na</value></field_value><field_value id="7"><value>0</value></field_value><field_value id="6"><value>1453917366</value></field_value><field_value id="600000043"/><field_value id="5"><value>Demo</value></field_value><field_value id="4"/><field_value id="600000042"/><field_value id="3"><value>1453917288</value></field_value><field_value id="2"><value>Demo</value></field_value><field_value id="1"><value>000000000000310</value></field_value></entry></instance></xform></arsystem_xml_report>