<?xml version="1.0" encoding="UTF-8"?>
<arsystem_xml_report><xform id="KS_SRV_FieldMap" remedy="http://www.w3.org/2000/xforms"><instance><field-info><field><name>Mapping_Source</name><id>600000300</id><type>CHAR</type></field><field><name>_ActionTwo</name><id>600000043</id><type>CHAR</type></field><field><name>_ActionOne</name><id>600000042</id><type>CHAR</type></field><field><name>FormEventInstanceId</name><id>700008060</id><type>CHAR</type></field><field><name>_SortOrderOffset</name><id>700002400</id><type>INTEGER</type></field><field><name>Table_Label</name><id>700073257</id><type>CHAR</type></field><field><name>Visible_In_Table</name><id>700073251</id><type>ENUM</type></field><field><name>Sort_Order</name><id>700073250</id><type>INTEGER</type></field><field><name>Short Description</name><id>8</id><type>CHAR</type></field><field><name>Status</name><id>7</id><type>ENUM</type></field><field><name>Modified Date</name><id>6</id><type>TIME</type></field><field><name>Last Modified By</name><id>5</id><type>CHAR</type></field><field><name>Assigned To</name><id>4</id><type>CHAR</type></field><field><name>Create Date</name><id>3</id><type>TIME</type></field><field><name>Submitter</name><id>2</id><type>CHAR</type></field><field><name>Request ID</name><id>1</id><type>CHAR</type></field><field><name>OperationID</name><id>490000700</id><type>CHAR</type></field><field><name>_Multi-Purpose2</name><id>600000091</id><type>CHAR</type></field><field><name>_Multi-Purpose</name><id>600000090</id><type>CHAR</type></field><field><name>_SourceSurveyID</name><id>700001953</id><type>CHAR</type></field><field><name>SourceInstanceID</name><id>700000876</id><type>CHAR</type></field><field><name>Value_Short</name><id>700000875</id><type>CHAR</type></field><field><name>Map Type</name><id>700000874</id><type>CHAR</type></field><field><name>Value_Long</name><id>700000873</id><type>CHAR</type></field><field><name>Source_Field_ID</name><id>700000872</id><type>CHAR</type></field><field><name>SourceField_Label</name><id>700000871</id><type>CHAR</type></field><field><name>SortOrderChangeTo</name><id>700001212</id><type>INTEGER</type></field><field><name>instanceId</name><id>179</id><type>CHAR</type></field><field><name>_tempValueString</name><id>700077902</id><type>CHAR</type></field><field><name>_end_location</name><id>700077901</id><type>INTEGER</type></field><field><name>_start_location</name><id>700077900</id><type>INTEGER</type></field><field><name>Value_Escaped</name><id>770000404</id><type>CHAR</type></field><field><name>Bridged_Resource</name><id>770000403</id><type>ENUM</type></field><field><name>FireChangeImmediately</name><id>770000402</id><type>ENUM</type></field><field><name>Clone_SourceInstanceID</name><id>700001046</id><type>CHAR</type></field><field><name>IntegrationSource_instanceid</name><id>700000899</id><type>CHAR</type></field><field><name>FireChangeEvent</name><id>770000401</id><type>ENUM</type></field><field><name>FireChangeEventFlag</name><id>770000400</id><type>ENUM</type></field><field><name>_ActionThree</name><id>700001043</id><type>CHAR</type></field><field><name>SurveyInstanceID</name><id>700000800</id><type>CHAR</type></field></field-info><entry id="000000000001480"><field_value id="600000300"><value>Data Management Console</value></field_value><field_value id="600000043"/><field_value id="600000042"/><field_value id="700008060"><value>ID627b56dee04fdf1994e44944336060ece</value></field_value><field_value id="700002400"/><field_value id="700073257"/><field_value id="700073251"><value>0</value></field_value><field_value id="700073250"><value>1</value></field_value><field_value id="8"><value>na</value></field_value><field_value id="7"><value>0</value></field_value><field_value id="6"><value>1378258706</value></field_value><field_value id="5"><value>Demo</value></field_value><field_value id="4"/><field_value id="3"><value>1378258706</value></field_value><field_value id="2"><value>Demo</value></field_value><field_value id="1"><value>000000000001480</value></field_value><field_value id="490000700"><value>KS00505696001CtqIkUgVFY_VQ2Xs3</value></field_value><field_value id="600000091"/><field_value id="600000090"/><field_value id="700001953"/><field_value id="700000876"><value>na</value></field_value><field_value id="700000875"><value>$\NULL$</value></field_value><field_value id="700000874"><value>Inbound - Internal</value></field_value><field_value id="700000873"><value>$\NULL$</value></field_value><field_value id="700000872"><value>KSaab1594c85fc65d472b278318fae0a634</value></field_value><field_value id="700000871"><value>Qualification 2</value></field_value><field_value id="700001212"/><field_value id="179"><value>AGbdf406f42e4ff545f44110e14644131d4</value></field_value><field_value id="700077902"/><field_value id="700077901"/><field_value id="700077900"/><field_value id="770000404"/><field_value id="770000403"/><field_value id="770000402"/><field_value id="700001046"/><field_value id="700000899"><value>na</value></field_value><field_value id="770000401"><value>1</value></field_value><field_value id="770000400"/><field_value id="700001043"/><field_value id="700000800"><value>KS0cd4f48d988f26dcb9ece769b737a9330</value></field_value></entry><entry id="000000000001481"><field_value id="600000300"><value>Data Management Console</value></field_value><field_value id="600000043"/><field_value id="600000042"/><field_value id="700008060"><value>ID627b56dee04fdf1994e44944336060ece</value></field_value><field_value id="700002400"/><field_value id="700073257"/><field_value id="700073251"><value>0</value></field_value><field_value id="700073250"><value>2</value></field_value><field_value id="8"><value>na</value></field_value><field_value id="7"><value>0</value></field_value><field_value id="6"><value>1378258733</value></field_value><field_value id="5"><value>Demo</value></field_value><field_value id="4"/><field_value id="3"><value>1378258714</value></field_value><field_value id="2"><value>Demo</value></field_value><field_value id="1"><value>000000000001481</value></field_value><field_value id="490000700"><value>KS00505696001CtqIkUgVFY_VQ2Xs3</value></field_value><field_value id="600000091"/><field_value id="600000090"/><field_value id="700001953"/><field_value id="700000876"><value>na</value></field_value><field_value id="700000875"><value>$\NULL$</value></field_value><field_value id="700000874"><value>Inbound - Internal</value></field_value><field_value id="700000873"><value>$\NULL$</value></field_value><field_value id="700000872"><value>KSd1d04cfa9cad3755e1d1b7c0f677d996b</value></field_value><field_value id="700000871"><value>Qualification 3</value></field_value><field_value id="700001212"/><field_value id="179"><value>AGf7dd6989afdded5edeeadf5c6a471f6d7</value></field_value><field_value id="700077902"/><field_value id="700077901"/><field_value id="700077900"/><field_value id="770000404"/><field_value id="770000403"/><field_value id="770000402"/><field_value id="700001046"/><field_value id="700000899"><value>na</value></field_value><field_value id="770000401"><value>1</value></field_value><field_value id="770000400"/><field_value id="700001043"/><field_value id="700000800"><value>KS0cd4f48d988f26dcb9ece769b737a9330</value></field_value></entry><entry id="000000000001482"><field_value id="600000300"><value>Data Management Console</value></field_value><field_value id="600000043"/><field_value id="600000042"/><field_value id="700008060"><value>ID627b56dee04fdf1994e44944336060ece</value></field_value><field_value id="700002400"/><field_value id="700073257"/><field_value id="700073251"><value>0</value></field_value><field_value id="700073250"><value>3</value></field_value><field_value id="8"><value>na</value></field_value><field_value id="7"><value>0</value></field_value><field_value id="6"><value>1378258733</value></field_value><field_value id="5"><value>Demo</value></field_value><field_value id="4"/><field_value id="3"><value>1378258727</value></field_value><field_value id="2"><value>Demo</value></field_value><field_value id="1"><value>000000000001482</value></field_value><field_value id="490000700"><value>KS00505696001CtqIkUgVFY_VQ2Xs3</value></field_value><field_value id="600000091"/><field_value id="600000090"/><field_value id="700001953"/><field_value id="700000876"><value>na</value></field_value><field_value id="700000875"><value>$\NULL$</value></field_value><field_value id="700000874"><value>Inbound - Internal</value></field_value><field_value id="700000873"><value>$\NULL$</value></field_value><field_value id="700000872"><value>KSafda7631ad089f7809abe1cebad75295b</value></field_value><field_value id="700000871"><value>Data Types</value></field_value><field_value id="700001212"/><field_value id="179"><value>AG856e6b218b2dccac8448fddd301529bba</value></field_value><field_value id="700077902"/><field_value id="700077901"/><field_value id="700077900"/><field_value id="770000404"/><field_value id="770000403"/><field_value id="770000402"/><field_value id="700001046"/><field_value id="700000899"><value>na</value></field_value><field_value id="770000401"><value>0</value></field_value><field_value id="770000400"><value>0</value></field_value><field_value id="700001043"/><field_value id="700000800"><value>KS0cd4f48d988f26dcb9ece769b737a9330</value></field_value></entry><entry id="000000000001483"><field_value id="600000300"><value>Data Management Console</value></field_value><field_value id="600000043"/><field_value id="600000042"/><field_value id="700008060"><value>IDe345b2c91f59936bd9ca473cc514c730f</value></field_value><field_value id="700002400"/><field_value id="700073257"/><field_value id="700073251"><value>0</value></field_value><field_value id="700073250"><value>1</value></field_value><field_value id="8"><value>na</value></field_value><field_value id="7"><value>0</value></field_value><field_value id="6"><value>1378258815</value></field_value><field_value id="5"><value>Demo</value></field_value><field_value id="4"/><field_value id="3"><value>1378258815</value></field_value><field_value id="2"><value>Demo</value></field_value><field_value id="1"><value>000000000001483</value></field_value><field_value id="490000700"><value>KS00505696001CM6MkUgqD9BVQr4A3</value></field_value><field_value id="600000091"/><field_value id="600000090"/><field_value id="700001953"/><field_value id="700000876"><value>na</value></field_value><field_value id="700000875"><value>$\NULL$</value></field_value><field_value id="700000874"><value>Inbound - Internal</value></field_value><field_value id="700000873"><value>$\NULL$</value></field_value><field_value id="700000872"><value>KSd1d04cfa9cad3755e1d1b7c0f677d996b</value></field_value><field_value id="700000871"><value>Qualification 3</value></field_value><field_value id="700001212"/><field_value id="179"><value>AGbb03de064b6dea1543a8dab36ccc143b4</value></field_value><field_value id="700077902"/><field_value id="700077901"/><field_value id="700077900"/><field_value id="770000404"/><field_value id="770000403"/><field_value id="770000402"/><field_value id="700001046"/><field_value id="700000899"><value>na</value></field_value><field_value id="770000401"><value>1</value></field_value><field_value id="770000400"/><field_value id="700001043"/><field_value id="700000800"><value>KS0cd4f48d988f26dcb9ece769b737a9330</value></field_value></entry><entry id="000000000001484"><field_value id="600000300"><value>Data Management Console</value></field_value><field_value id="600000043"/><field_value id="600000042"/><field_value id="700008060"><value>IDe345b2c91f59936bd9ca473cc514c730f</value></field_value><field_value id="700002400"/><field_value id="700073257"/><field_value id="700073251"><value>0</value></field_value><field_value id="700073250"><value>2</value></field_value><field_value id="8"><value>na</value></field_value><field_value id="7"><value>0</value></field_value><field_value id="6"><value>1378258823</value></field_value><field_value id="5"><value>Demo</value></field_value><field_value id="4"/><field_value id="3"><value>1378258823</value></field_value><field_value id="2"><value>Demo</value></field_value><field_value id="1"><value>000000000001484</value></field_value><field_value id="490000700"><value>KS00505696001CM6MkUgqD9BVQr4A3</value></field_value><field_value id="600000091"/><field_value id="600000090"/><field_value id="700001953"/><field_value id="700000876"><value>na</value></field_value><field_value id="700000875"><value>$\NULL$</value></field_value><field_value id="700000874"><value>Inbound - Internal</value></field_value><field_value id="700000873"><value>$\NULL$</value></field_value><field_value id="700000872"><value>KSafda7631ad089f7809abe1cebad75295b</value></field_value><field_value id="700000871"><value>Data Types</value></field_value><field_value id="700001212"/><field_value id="179"><value>AGdcebc65ff19e889aaaaad6753ed921797</value></field_value><field_value id="700077902"/><field_value id="700077901"/><field_value id="700077900"/><field_value id="770000404"/><field_value id="770000403"/><field_value id="770000402"/><field_value id="700001046"/><field_value id="700000899"><value>na</value></field_value><field_value id="770000401"><value>0</value></field_value><field_value id="770000400"><value>0</value></field_value><field_value id="700001043"/><field_value id="700000800"><value>KS0cd4f48d988f26dcb9ece769b737a9330</value></field_value></entry><entry id="000000000001485"><field_value id="600000300"><value>Data Management Console</value></field_value><field_value id="600000043"/><field_value id="600000042"/><field_value id="700008060"><value>IDec9f52ae6b6156b9a61556cf10fe036d2</value></field_value><field_value id="700002400"/><field_value id="700073257"/><field_value id="700073251"><value>0</value></field_value><field_value id="700073250"><value>1</value></field_value><field_value id="8"><value>na</value></field_value><field_value id="7"><value>0</value></field_value><field_value id="6"><value>1378258856</value></field_value><field_value id="5"><value>Demo</value></field_value><field_value id="4"/><field_value id="3"><value>1378258856</value></field_value><field_value id="2"><value>Demo</value></field_value><field_value id="1"><value>000000000001485</value></field_value><field_value id="490000700"><value>KS00505696001CX6MkUg4-pBVQWoE3</value></field_value><field_value id="600000091"/><field_value id="600000090"/><field_value id="700001953"/><field_value id="700000876"><value>na</value></field_value><field_value id="700000875"><value>$\NULL$</value></field_value><field_value id="700000874"><value>Inbound - Internal</value></field_value><field_value id="700000873"><value>$\NULL$</value></field_value><field_value id="700000872"><value>KSafda7631ad089f7809abe1cebad75295b</value></field_value><field_value id="700000871"><value>Data Types</value></field_value><field_value id="700001212"/><field_value id="179"><value>AG4c82573b95cbf9022650c6a87632874a7</value></field_value><field_value id="700077902"/><field_value id="700077901"/><field_value id="700077900"/><field_value id="770000404"/><field_value id="770000403"/><field_value id="770000402"/><field_value id="700001046"/><field_value id="700000899"><value>na</value></field_value><field_value id="770000401"><value>0</value></field_value><field_value id="770000400"><value>0</value></field_value><field_value id="700001043"/><field_value id="700000800"><value>KS0cd4f48d988f26dcb9ece769b737a9330</value></field_value></entry></instance></xform></arsystem_xml_report>