<?xml version="1.0" encoding="UTF-8"?>
<arsystem_xml_report><xform id="KS_SRV_DynAnswerHideShow_Items" remedy="http://www.w3.org/2000/xforms"><instance><field-info><field><name>AnswerValueItemInstanceId_DEPR</name><id>700001003</id><type>CHAR</type></field><field><name>ItemName</name><id>700001002</id><type>CHAR</type></field><field><name>ItemInstanceID</name><id>700001001</id><type>CHAR</type></field><field><name>SurveyInstanceID</name><id>700000850</id><type>CHAR</type></field><field><name>QuestionInstanceID</name><id>700000230</id><type>CHAR</type></field><field><name>_EventInstanceID</name><id>700004956</id><type>CHAR</type></field><field><name>Type</name><id>700001000</id><type>ENUM</type></field><field><name>_Element_ID</name><id>700004955</id><type>CHAR</type></field><field><name>EventInstanceID</name><id>536870917</id><type>CHAR</type></field><field><name>Element_Type</name><id>700001202</id><type>ENUM</type></field><field><name>Element_ID</name><id>536870913</id><type>CHAR</type></field><field><name>_OrigAnswerValueInstanceID</name><id>700001048</id><type>CHAR</type></field><field><name>CloneSourceSurveyInstanceID</name><id>700001047</id><type>CHAR</type></field><field><name>CloneSourceInstanceID</name><id>700001046</id><type>CHAR</type></field><field><name>CloneSourceQuestionInstanceID</name><id>700001045</id><type>CHAR</type></field><field><name>_OrigItemInstanceID</name><id>700001044</id><type>CHAR</type></field><field><name>_ActionThree</name><id>700001043</id><type>CHAR</type></field><field><name>OperationID</name><id>490000700</id><type>CHAR</type></field><field><name>_Multi-Purpose2</name><id>600000091</id><type>CHAR</type></field><field><name>instanceid</name><id>179</id><type>CHAR</type></field><field><name>_Multi-Purpose</name><id>600000090</id><type>CHAR</type></field><field><name>Short Description</name><id>8</id><type>CHAR</type></field><field><name>Status</name><id>7</id><type>ENUM</type></field><field><name>Modified Date</name><id>6</id><type>TIME</type></field><field><name>_ActionTwo</name><id>600000043</id><type>CHAR</type></field><field><name>Last Modified By</name><id>5</id><type>CHAR</type></field><field><name>Assigned To</name><id>4</id><type>CHAR</type></field><field><name>_ActionOne</name><id>600000042</id><type>CHAR</type></field><field><name>Create Date</name><id>3</id><type>TIME</type></field><field><name>Submitter</name><id>2</id><type>CHAR</type></field><field><name>Request ID</name><id>1</id><type>CHAR</type></field></field-info><entry id="000000000001049"><field_value id="700001003"/><field_value id="700001002"><value>Qualification 2</value></field_value><field_value id="700001001"/><field_value id="700000850"><value>KS0cd4f48d988f26dcb9ece769b737a9330</value></field_value><field_value id="700000230"><value>KSe277c8733d11cbf481a71cbb98b2edc6e</value></field_value><field_value id="700004956"/><field_value id="700001000"><value>1</value></field_value><field_value id="700004955"/><field_value id="536870917"><value>ID00505696001CgZ8kUgbdAyVQTWw3</value></field_value><field_value id="700001202"/><field_value id="536870913"><value>QLAYER_KSaab1594c85fc65d472b278318fae0a634</value></field_value><field_value id="700001048"/><field_value id="700001047"/><field_value id="700001046"/><field_value id="700001045"/><field_value id="700001044"/><field_value id="700001043"/><field_value id="490000700"/><field_value id="600000091"/><field_value id="179"><value>AG3b8a3e65340aa445c1256f897d5fe336d</value></field_value><field_value id="600000090"/><field_value id="8"><value>na</value></field_value><field_value id="7"><value>0</value></field_value><field_value id="6"><value>1425655211</value></field_value><field_value id="600000043"/><field_value id="5"><value>Demo</value></field_value><field_value id="4"/><field_value id="600000042"/><field_value id="3"><value>1378257904</value></field_value><field_value id="2"><value>Demo</value></field_value><field_value id="1"><value>000000000001049</value></field_value></entry><entry id="000000000001050"><field_value id="700001003"/><field_value id="700001002"><value>Qualification 3</value></field_value><field_value id="700001001"/><field_value id="700000850"><value>KS0cd4f48d988f26dcb9ece769b737a9330</value></field_value><field_value id="700000230"><value>KSe277c8733d11cbf481a71cbb98b2edc6e</value></field_value><field_value id="700004956"/><field_value id="700001000"><value>1</value></field_value><field_value id="700004955"/><field_value id="536870917"><value>ID00505696001CyZ8kUgTeozVQK203</value></field_value><field_value id="700001202"/><field_value id="536870913"><value>QLAYER_KSd1d04cfa9cad3755e1d1b7c0f677d996b</value></field_value><field_value id="700001048"/><field_value id="700001047"/><field_value id="700001046"/><field_value id="700001045"/><field_value id="700001044"/><field_value id="700001043"/><field_value id="490000700"/><field_value id="600000091"/><field_value id="179"><value>AG83c19de856174128f1583c4aa964eb804</value></field_value><field_value id="600000090"/><field_value id="8"><value>na</value></field_value><field_value id="7"><value>0</value></field_value><field_value id="6"><value>1425655227</value></field_value><field_value id="600000043"/><field_value id="5"><value>Demo</value></field_value><field_value id="4"/><field_value id="600000042"/><field_value id="3"><value>1378258031</value></field_value><field_value id="2"><value>Demo</value></field_value><field_value id="1"><value>000000000001050</value></field_value></entry><entry id="000000000001051"><field_value id="700001003"/><field_value id="700001002"><value>Data Types</value></field_value><field_value id="700001001"/><field_value id="700000850"><value>KS0cd4f48d988f26dcb9ece769b737a9330</value></field_value><field_value id="700000230"><value>KSe277c8733d11cbf481a71cbb98b2edc6e</value></field_value><field_value id="700004956"/><field_value id="700001000"><value>1</value></field_value><field_value id="700004955"/><field_value id="536870917"><value>ID00505696001CVKAkUgaAk2VQ8m43</value></field_value><field_value id="700001202"/><field_value id="536870913"><value>QLAYER_KSafda7631ad089f7809abe1cebad75295b</value></field_value><field_value id="700001048"/><field_value id="700001047"/><field_value id="700001046"/><field_value id="700001045"/><field_value id="700001044"/><field_value id="700001043"/><field_value id="490000700"/><field_value id="600000091"/><field_value id="179"><value>AGf3b4c5b0adb66b6d786fba2c659eaca03</value></field_value><field_value id="600000090"/><field_value id="8"><value>na</value></field_value><field_value id="7"><value>0</value></field_value><field_value id="6"><value>1425655237</value></field_value><field_value id="600000043"/><field_value id="5"><value>Demo</value></field_value><field_value id="4"/><field_value id="600000042"/><field_value id="3"><value>1378258079</value></field_value><field_value id="2"><value>Demo</value></field_value><field_value id="1"><value>000000000001051</value></field_value></entry><entry id="000000000001052"><field_value id="700001003"/><field_value id="700001002"><value>Qualification 3</value></field_value><field_value id="700001001"/><field_value id="700000850"><value>KS0cd4f48d988f26dcb9ece769b737a9330</value></field_value><field_value id="700000230"><value>KS4df2c4d60a6393806819fcb89d9914c7a</value></field_value><field_value id="700004956"/><field_value id="700001000"><value>1</value></field_value><field_value id="700004955"/><field_value id="536870917"><value>ID00505696001Ci6AkUgBuA2VQ9m83</value></field_value><field_value id="700001202"/><field_value id="536870913"><value>QLAYER_KSd1d04cfa9cad3755e1d1b7c0f677d996b</value></field_value><field_value id="700001048"/><field_value id="700001047"/><field_value id="700001046"/><field_value id="700001045"/><field_value id="700001044"/><field_value id="700001043"/><field_value id="490000700"/><field_value id="600000091"/><field_value id="179"><value>AG4fd833970d7de83185f0c18d8272c1d3f</value></field_value><field_value id="600000090"/><field_value id="8"><value>na</value></field_value><field_value id="7"><value>0</value></field_value><field_value id="6"><value>1425717579</value></field_value><field_value id="600000043"/><field_value id="5"><value>Demo</value></field_value><field_value id="4"/><field_value id="600000042"/><field_value id="3"><value>1378258156</value></field_value><field_value id="2"><value>Demo</value></field_value><field_value id="1"><value>000000000001052</value></field_value></entry><entry id="000000000001053"><field_value id="700001003"/><field_value id="700001002"><value>Data Types</value></field_value><field_value id="700001001"/><field_value id="700000850"><value>KS0cd4f48d988f26dcb9ece769b737a9330</value></field_value><field_value id="700000230"><value>KS4df2c4d60a6393806819fcb89d9914c7a</value></field_value><field_value id="700004956"/><field_value id="700001000"><value>1</value></field_value><field_value id="700004955"/><field_value id="536870917"><value>ID00505696001CwaAkUghrQ3VQxnA3</value></field_value><field_value id="700001202"/><field_value id="536870913"><value>QLAYER_KSafda7631ad089f7809abe1cebad75295b</value></field_value><field_value id="700001048"/><field_value id="700001047"/><field_value id="700001046"/><field_value id="700001045"/><field_value id="700001044"/><field_value id="700001043"/><field_value id="490000700"/><field_value id="600000091"/><field_value id="179"><value>AGcdf628e1fff0d80a7921e86d7b33c15f3</value></field_value><field_value id="600000090"/><field_value id="8"><value>na</value></field_value><field_value id="7"><value>0</value></field_value><field_value id="6"><value>1425717587</value></field_value><field_value id="600000043"/><field_value id="5"><value>Demo</value></field_value><field_value id="4"/><field_value id="600000042"/><field_value id="3"><value>1378258204</value></field_value><field_value id="2"><value>Demo</value></field_value><field_value id="1"><value>000000000001053</value></field_value></entry><entry id="000000000001054"><field_value id="700001003"/><field_value id="700001002"><value>Data Types</value></field_value><field_value id="700001001"/><field_value id="700000850"><value>KS0cd4f48d988f26dcb9ece769b737a9330</value></field_value><field_value id="700000230"><value>KS8148ae1e376df163c51fecb0e647a3c56</value></field_value><field_value id="700004956"/><field_value id="700001000"><value>1</value></field_value><field_value id="700004955"/><field_value id="536870917"><value>ID00505696001CJqEkUg_jw5VQqXI3</value></field_value><field_value id="700001202"/><field_value id="536870913"><value>QLAYER_KSafda7631ad089f7809abe1cebad75295b</value></field_value><field_value id="700001048"/><field_value id="700001047"/><field_value id="700001046"/><field_value id="700001045"/><field_value id="700001044"/><field_value id="700001043"/><field_value id="490000700"/><field_value id="600000091"/><field_value id="179"><value>AG010821da019462e7de7cdc10fa7dc99a5</value></field_value><field_value id="600000090"/><field_value id="8"><value>na</value></field_value><field_value id="7"><value>0</value></field_value><field_value id="6"><value>1378258304</value></field_value><field_value id="600000043"/><field_value id="5"><value>Demo</value></field_value><field_value id="4"/><field_value id="600000042"/><field_value id="3"><value>1378258304</value></field_value><field_value id="2"><value>Demo</value></field_value><field_value id="1"><value>000000000001054</value></field_value></entry><entry id="000000000001055"><field_value id="700001003"/><field_value id="700001002"><value>Data Types</value></field_value><field_value id="700001001"/><field_value id="700000850"><value>KS0cd4f48d988f26dcb9ece769b737a9330</value></field_value><field_value id="700000230"><value>KSe277c8733d11cbf481a71cbb98b2edc6e</value></field_value><field_value id="700004956"/><field_value id="700001000"><value>1</value></field_value><field_value id="700004955"/><field_value id="536870917"><value>ID00505696001C_3olUgkzSMWAkQg6</value></field_value><field_value id="700001202"/><field_value id="536870913"><value>QLAYER_KSafda7631ad089f7809abe1cebad75295b</value></field_value><field_value id="700001048"/><field_value id="700001047"/><field_value id="700001046"/><field_value id="700001045"/><field_value id="700001044"/><field_value id="700001043"/><field_value id="490000700"/><field_value id="600000091"/><field_value id="179"><value>AG8403e141e65309c586dc0d539f75861f4</value></field_value><field_value id="600000090"/><field_value id="8"><value>na</value></field_value><field_value id="7"><value>0</value></field_value><field_value id="6"><value>1425655249</value></field_value><field_value id="600000043"/><field_value id="5"><value>Demo</value></field_value><field_value id="4"/><field_value id="600000042"/><field_value id="3"><value>1378314060</value></field_value><field_value id="2"><value>Demo</value></field_value><field_value id="1"><value>000000000001055</value></field_value></entry></instance></xform></arsystem_xml_report>