<?xml version="1.0" encoding="UTF-8"?>
<arsystem_xml_report><xform id="KS_SRV_ContentEvents" remedy="http://www.w3.org/2000/xforms"><instance><field-info><field><name>Also require</name><id>700001682</id><type>ENUM</type></field><field><name>Parameters_Right</name><id>700001681</id><type>CHAR</type></field><field><name>Parameters_Left</name><id>700001680</id><type>CHAR</type></field><field><name>_Next</name><id>700001239</id><type>INTEGER</type></field><field><name>_DisplayedQualificationParams</name><id>536870916</id><type>CHAR</type></field><field><name>EventName</name><id>700001202</id><type>CHAR</type></field><field><name>_ActionTwo</name><id>600000043</id><type>CHAR</type></field><field><name>_ActionOne</name><id>600000042</id><type>CHAR</type></field><field><name>_Parameters_Left_Temp</name><id>770006505</id><type>CHAR</type></field><field><name>_SortOrderOffset</name><id>700002400</id><type>INTEGER</type></field><field><name>Dialog View Name</name><id>700004587</id><type>CHAR</type></field><field><name>Bridge_Resource Id</name><id>710060809</id><type>CHAR</type></field><field><name>Right Action Code</name><id>700004585</id><type>CHAR</type></field><field><name>Notes</name><id>770006500</id><type>CHAR</type></field><field><name>Left Action Code</name><id>700004584</id><type>CHAR</type></field><field><name>Type</name><id>700001000</id><type>ENUM</type></field><field><name>ClientSideEvent InstanceId</name><id>700004583</id><type>CHAR</type></field><field><name>_SortOrderField_ID</name><id>70000088</id><type>CHAR</type></field><field><name>Name</name><id>700004582</id><type>CHAR</type></field><field><name>_EventInstanceField_ID</name><id>700002304</id><type>CHAR</type></field><field><name>_ValueField_ID</name><id>70000087</id><type>CHAR</type></field><field><name>PageInstanceId</name><id>700002303</id><type>CHAR</type></field><field><name>AlertOnNoMatchMessage</name><id>770006407</id><type>CHAR</type></field><field><name>Sort_Order</name><id>700073250</id><type>INTEGER</type></field><field><name>_CurrentListValue</name><id>70000085</id><type>CHAR</type></field><field><name>AlertOnNoMatch</name><id>770006406</id><type>ENUM</type></field><field><name>Use_Data_Source</name><id>760001307</id><type>ENUM</type></field><field><name>NullOnNoMatch</name><id>770006405</id><type>ENUM</type></field><field><name>_FormID</name><id>70000083</id><type>CHAR</type></field><field><name>Short Description</name><id>8</id><type>CHAR</type></field><field><name>_ITemInstanceID_Field_ID</name><id>70000082</id><type>CHAR</type></field><field><name>Status</name><id>7</id><type>ENUM</type></field><field><name>Modified Date</name><id>6</id><type>TIME</type></field><field><name>Event_Status</name><id>770006401</id><type>ENUM</type></field><field><name>_label_attribute</name><id>760000803</id><type>CHAR</type></field><field><name>_Last</name><id>700002239</id><type>INTEGER</type></field><field><name>Last Modified By</name><id>5</id><type>CHAR</type></field><field><name>_value_attribute</name><id>760000802</id><type>CHAR</type></field><field><name>Assigned To</name><id>4</id><type>CHAR</type></field><field><name>Create Date</name><id>3</id><type>TIME</type></field><field><name>Submitter</name><id>2</id><type>CHAR</type></field><field><name>Request ID</name><id>1</id><type>CHAR</type></field><field><name>OperationID</name><id>490000700</id><type>CHAR</type></field><field><name>Action</name><id>700004642</id><type>CHAR</type></field><field><name>_Multi-Purpose</name><id>600000090</id><type>CHAR</type></field><field><name>Callback Handler</name><id>700001698</id><type>CHAR</type></field><field><name>Callback Element Id</name><id>700001697</id><type>CHAR</type></field><field><name>Confirmation Message</name><id>700001696</id><type>CHAR</type></field><field><name>_ItemAppliedSortOrder</name><id>700001056</id><type>INTEGER</type></field><field><name>Display Confirmation Dialog</name><id>700001695</id><type>ENUM</type></field><field><name>_ItemAppliedInstanceID</name><id>700001055</id><type>CHAR</type></field><field><name>UseGetEntry</name><id>700001691</id><type>ENUM</type></field><field><name>Event_Code</name><id>700001690</id><type>CHAR</type></field><field><name>QuestionInstanceID</name><id>700000230</id><type>CHAR</type></field><field><name>SortOrderChangeTo</name><id>700001212</id><type>INTEGER</type></field><field><name>instanceId</name><id>179</id><type>CHAR</type></field><field><name>Element_Type</name><id>700007000</id><type>ENUM</type></field><field><name>If_Expression_TableDisplay</name><id>700081207</id><type>CHAR</type></field><field><name>_Element_ID</name><id>700004955</id><type>CHAR</type></field><field><name>Parent_Element_Type</name><id>700081202</id><type>ENUM</type></field><field><name>SimpleDataRequest Instance ID</name><id>700004630</id><type>CHAR</type></field><field><name>Synchronous</name><id>700001687</id><type>ENUM</type></field><field><name>Timeout</name><id>700001686</id><type>INTEGER</type></field><field><name>Clone_SourceInstanceID</name><id>700001046</id><type>CHAR</type></field><field><name>If_Expression</name><id>700001685</id><type>CHAR</type></field><field><name>_OrigQuestionInstanceID</name><id>700001045</id><type>CHAR</type></field><field><name>FireChangeEvent</name><id>770000400</id><type>ENUM</type></field><field><name>_OrigSurveyInstanceID</name><id>700001044</id><type>CHAR</type></field><field><name>_ActionThree</name><id>700001043</id><type>CHAR</type></field><field><name>SurveyInstanceID</name><id>700000800</id><type>CHAR</type></field><field><name>Also make optional</name><id>700001683</id><type>ENUM</type></field></field-info><entry id="000000000001033"><field_value id="700001682"/><field_value id="700001681"/><field_value id="700001680"><value>"KSaab1594c85fc65d472b278318fae0a634":{"KSaab1594c85fc65d472b278318fae0a634":"$\NULL$","visible":"","sort_order":"1","table_label":"","fire":"false"}, "KSd1d04cfa9cad3755e1d1b7c0f677d996b":{"KSd1d04cfa9cad3755e1d1b7c0f677d996b":"$\NULL$","visible":"","sort_order":"2","table_label":"","fire":"false"}, "KSafda7631ad089f7809abe1cebad75295b":{"KSafda7631ad089f7809abe1cebad75295b":"$\NULL$","visible":"","sort_order":"3","table_label":"","fire":"true"}</value></field_value><field_value id="700001239"/><field_value id="536870916"/><field_value id="700001202"><value>change</value></field_value><field_value id="600000043"/><field_value id="600000042"/><field_value id="770006505"/><field_value id="700002400"/><field_value id="700004587"><value>Set Fields - Internal</value></field_value><field_value id="710060809"/><field_value id="700004585"/><field_value id="770006500"/><field_value id="700004584"><value>KD.utils.Action._setInternalFieldValues</value></field_value><field_value id="700001000"/><field_value id="700004583"><value>AG000C29497A1A4FTHRQNkmSFA1RAA</value></field_value><field_value id="70000088"/><field_value id="700004582"><value>Clear Fields</value></field_value><field_value id="700002304"/><field_value id="70000087"/><field_value id="700002303"><value>KS72a71e30ee8745e34129c66e661a5e986</value></field_value><field_value id="770006407"/><field_value id="700073250"><value>2</value></field_value><field_value id="70000085"/><field_value id="770006406"/><field_value id="760001307"/><field_value id="770006405"/><field_value id="70000083"/><field_value id="8"><value>na</value></field_value><field_value id="70000082"/><field_value id="7"><value>0</value></field_value><field_value id="6"><value>1425796321</value></field_value><field_value id="770006401"><value>0</value></field_value><field_value id="760000803"/><field_value id="700002239"/><field_value id="5"><value>Demo</value></field_value><field_value id="760000802"/><field_value id="4"/><field_value id="3"><value>1378258735</value></field_value><field_value id="2"><value>Demo</value></field_value><field_value id="1"><value>000000000001033</value></field_value><field_value id="490000700"><value>KS00505696001CtqIkUgVFY_VQ2Xs3</value></field_value><field_value id="700004642"><value>Set Fields - Internal</value></field_value><field_value id="600000090"/><field_value id="700001698"/><field_value id="700001697"/><field_value id="700001696"><value>Are you sure?</value></field_value><field_value id="700001056"/><field_value id="700001695"/><field_value id="700001055"/><field_value id="700001691"/><field_value id="700001690"><value>clientManager.addAction(new KD.utils.ClientAction({elementId:'KS0268e1c8fc3e3e54702d4304e64993600', jsEvent:'change', source:'', action:KD.utils.Action._setInternalFieldValues, ifExpr:'', actionId:'', synchronous:false, timeout:0, params:[[],'{"SetFields":[{"KSaab1594c85fc65d472b278318fae0a634":{"KSaab1594c85fc65d472b278318fae0a634":"$\NULL$","visible":"","sort_order":"1","table_label":"","fire":"false"}, "KSd1d04cfa9cad3755e1d1b7c0f677d996b":{"KSd1d04cfa9cad3755e1d1b7c0f677d996b":"$\NULL$","visible":"","sort_order":"2","table_label":"","fire":"false"}, "KSafda7631ad089f7809abe1cebad75295b":{"KSafda7631ad089f7809abe1cebad75295b":"$\NULL$","visible":"","sort_order":"3","table_label":"","fire":"true"}}]}']}));</value></field_value><field_value id="700000230"><value>KS0268e1c8fc3e3e54702d4304e64993600</value></field_value><field_value id="700001212"/><field_value id="179"><value>ID627b56dee04fdf1994e44944336060ece</value></field_value><field_value id="700007000"/><field_value id="700081207"/><field_value id="700004955"/><field_value id="700081202"/><field_value id="700004630"/><field_value id="700001687"/><field_value id="700001686"><value>0</value></field_value><field_value id="700001046"/><field_value id="700001685"/><field_value id="700001045"/><field_value id="770000400"/><field_value id="700001044"/><field_value id="700001043"/><field_value id="700000800"><value>KS0cd4f48d988f26dcb9ece769b737a9330</value></field_value><field_value id="700001683"/></entry><entry id="000000000001034"><field_value id="700001682"/><field_value id="700001681"/><field_value id="700001680"><value>"KSd1d04cfa9cad3755e1d1b7c0f677d996b":{"KSd1d04cfa9cad3755e1d1b7c0f677d996b":"$\NULL$","visible":"","sort_order":"1","table_label":"","fire":"false"}, "KSafda7631ad089f7809abe1cebad75295b":{"KSafda7631ad089f7809abe1cebad75295b":"$\NULL$","visible":"","sort_order":"2","table_label":"","fire":"true"}</value></field_value><field_value id="700001239"/><field_value id="536870916"/><field_value id="700001202"><value>change</value></field_value><field_value id="600000043"/><field_value id="600000042"/><field_value id="770006505"/><field_value id="700002400"/><field_value id="700004587"><value>Set Fields - Internal</value></field_value><field_value id="710060809"/><field_value id="700004585"/><field_value id="770006500"/><field_value id="700004584"><value>KD.utils.Action._setInternalFieldValues</value></field_value><field_value id="700001000"/><field_value id="700004583"><value>AG000C29497A1A4FTHRQNkmSFA1RAA</value></field_value><field_value id="70000088"/><field_value id="700004582"><value>Clear Fields</value></field_value><field_value id="700002304"/><field_value id="70000087"/><field_value id="700002303"><value>KS72a71e30ee8745e34129c66e661a5e986</value></field_value><field_value id="770006407"/><field_value id="700073250"><value>2</value></field_value><field_value id="70000085"/><field_value id="770006406"/><field_value id="760001307"/><field_value id="770006405"/><field_value id="70000083"/><field_value id="8"><value>na</value></field_value><field_value id="70000082"/><field_value id="7"><value>0</value></field_value><field_value id="6"><value>1425796381</value></field_value><field_value id="770006401"><value>0</value></field_value><field_value id="760000803"/><field_value id="700002239"/><field_value id="5"><value>Demo</value></field_value><field_value id="760000802"/><field_value id="4"/><field_value id="3"><value>1378258825</value></field_value><field_value id="2"><value>Demo</value></field_value><field_value id="1"><value>000000000001034</value></field_value><field_value id="490000700"><value>KS00505696001CM6MkUgqD9BVQr4A3</value></field_value><field_value id="700004642"><value>Set Fields - Internal</value></field_value><field_value id="600000090"/><field_value id="700001698"/><field_value id="700001697"/><field_value id="700001696"><value>Are you sure?</value></field_value><field_value id="700001056"/><field_value id="700001695"/><field_value id="700001055"/><field_value id="700001691"/><field_value id="700001690"><value>clientManager.addAction(new KD.utils.ClientAction({elementId:'KSaab1594c85fc65d472b278318fae0a634', jsEvent:'change', source:'', action:KD.utils.Action._setInternalFieldValues, ifExpr:'', actionId:'', synchronous:false, timeout:0, params:[[],'{"SetFields":[{"KSd1d04cfa9cad3755e1d1b7c0f677d996b":{"KSd1d04cfa9cad3755e1d1b7c0f677d996b":"$\NULL$","visible":"","sort_order":"1","table_label":"","fire":"false"}, "KSafda7631ad089f7809abe1cebad75295b":{"KSafda7631ad089f7809abe1cebad75295b":"$\NULL$","visible":"","sort_order":"2","table_label":"","fire":"true"}}]}']}));</value></field_value><field_value id="700000230"><value>KSaab1594c85fc65d472b278318fae0a634</value></field_value><field_value id="700001212"/><field_value id="179"><value>IDe345b2c91f59936bd9ca473cc514c730f</value></field_value><field_value id="700007000"/><field_value id="700081207"/><field_value id="700004955"/><field_value id="700081202"/><field_value id="700004630"/><field_value id="700001687"/><field_value id="700001686"><value>0</value></field_value><field_value id="700001046"/><field_value id="700001685"/><field_value id="700001045"/><field_value id="770000400"/><field_value id="700001044"/><field_value id="700001043"/><field_value id="700000800"><value>KS0cd4f48d988f26dcb9ece769b737a9330</value></field_value><field_value id="700001683"/></entry><entry id="000000000001035"><field_value id="700001682"/><field_value id="700001681"/><field_value id="700001680"><value>"KSafda7631ad089f7809abe1cebad75295b":{"KSafda7631ad089f7809abe1cebad75295b":"$\NULL$","visible":"","sort_order":"1","table_label":"","fire":"true"}</value></field_value><field_value id="700001239"/><field_value id="536870916"/><field_value id="700001202"><value>change</value></field_value><field_value id="600000043"/><field_value id="600000042"/><field_value id="770006505"/><field_value id="700002400"/><field_value id="700004587"><value>Set Fields - Internal</value></field_value><field_value id="710060809"/><field_value id="700004585"/><field_value id="770006500"/><field_value id="700004584"><value>KD.utils.Action._setInternalFieldValues</value></field_value><field_value id="700001000"/><field_value id="700004583"><value>AG000C29497A1A4FTHRQNkmSFA1RAA</value></field_value><field_value id="70000088"/><field_value id="700004582"><value>Clear fields</value></field_value><field_value id="700002304"/><field_value id="70000087"/><field_value id="700002303"><value>KS72a71e30ee8745e34129c66e661a5e986</value></field_value><field_value id="770006407"/><field_value id="700073250"><value>2</value></field_value><field_value id="70000085"/><field_value id="770006406"/><field_value id="760001307"/><field_value id="770006405"/><field_value id="70000083"/><field_value id="8"><value>na</value></field_value><field_value id="70000082"/><field_value id="7"><value>0</value></field_value><field_value id="6"><value>1425796705</value></field_value><field_value id="770006401"><value>0</value></field_value><field_value id="760000803"/><field_value id="700002239"/><field_value id="5"><value>Demo</value></field_value><field_value id="760000802"/><field_value id="4"/><field_value id="3"><value>1378258857</value></field_value><field_value id="2"><value>Demo</value></field_value><field_value id="1"><value>000000000001035</value></field_value><field_value id="490000700"><value>KS00505696001CX6MkUg4-pBVQWoE3</value></field_value><field_value id="700004642"><value>Set Fields - Internal</value></field_value><field_value id="600000090"/><field_value id="700001698"/><field_value id="700001697"/><field_value id="700001696"><value>Are you sure?</value></field_value><field_value id="700001056"/><field_value id="700001695"/><field_value id="700001055"/><field_value id="700001691"/><field_value id="700001690"><value>clientManager.addAction(new KD.utils.ClientAction({elementId:'KSd1d04cfa9cad3755e1d1b7c0f677d996b', jsEvent:'change', source:'', action:KD.utils.Action._setInternalFieldValues, ifExpr:'', actionId:'', synchronous:false, timeout:0, params:[[],'{"SetFields":[{"KSafda7631ad089f7809abe1cebad75295b":{"KSafda7631ad089f7809abe1cebad75295b":"$\NULL$","visible":"","sort_order":"1","table_label":"","fire":"true"}}]}']}));</value></field_value><field_value id="700000230"><value>KSd1d04cfa9cad3755e1d1b7c0f677d996b</value></field_value><field_value id="700001212"/><field_value id="179"><value>IDec9f52ae6b6156b9a61556cf10fe036d2</value></field_value><field_value id="700007000"/><field_value id="700081207"/><field_value id="700004955"/><field_value id="700081202"/><field_value id="700004630"/><field_value id="700001687"/><field_value id="700001686"><value>0</value></field_value><field_value id="700001046"/><field_value id="700001685"/><field_value id="700001045"/><field_value id="770000400"/><field_value id="700001044"/><field_value id="700001043"/><field_value id="700000800"><value>KS0cd4f48d988f26dcb9ece769b737a9330</value></field_value><field_value id="700001683"/></entry><entry id="000000000001036"><field_value id="700001682"/><field_value id="700001681"/><field_value id="700001680"><value>parseDataDefinition(obj.value);</value></field_value><field_value id="700001239"/><field_value id="536870916"/><field_value id="700001202"><value>change</value></field_value><field_value id="600000043"/><field_value id="600000042"/><field_value id="770006505"/><field_value id="700002400"/><field_value id="700004587"><value>Custom</value></field_value><field_value id="710060809"><value>ID8fe910935123a7864e15fee809a11564d</value></field_value><field_value id="700004585"/><field_value id="770006500"/><field_value id="700004584"><value>KD.utils.Action._customAction</value></field_value><field_value id="700001000"/><field_value id="700004583"><value>AG000C29497A1AuWClRQz13rKgcxoA</value></field_value><field_value id="70000088"/><field_value id="700004582"><value>Get Data</value></field_value><field_value id="700002304"/><field_value id="70000087"/><field_value id="700002303"><value>KS72a71e30ee8745e34129c66e661a5e986</value></field_value><field_value id="770006407"/><field_value id="700073250"><value>1</value></field_value><field_value id="70000085"/><field_value id="770006406"/><field_value id="760001307"><value>0</value></field_value><field_value id="770006405"/><field_value id="70000083"/><field_value id="8"><value>na</value></field_value><field_value id="70000082"/><field_value id="7"><value>0</value></field_value><field_value id="6"><value>1378311265</value></field_value><field_value id="770006401"><value>0</value></field_value><field_value id="760000803"/><field_value id="700002239"/><field_value id="5"><value>Demo</value></field_value><field_value id="760000802"/><field_value id="4"/><field_value id="3"><value>1378309420</value></field_value><field_value id="2"><value>Demo</value></field_value><field_value id="1"><value>000000000001036</value></field_value><field_value id="490000700"><value>ID00505696001Cvm4lUgzFhcWAKOA5</value></field_value><field_value id="700004642"><value>Custom</value></field_value><field_value id="600000090"/><field_value id="700001698"/><field_value id="700001697"/><field_value id="700001696"><value>Are you sure?</value></field_value><field_value id="700001056"/><field_value id="700001695"/><field_value id="700001055"/><field_value id="700001691"/><field_value id="700001690"><value>clientManager.addAction(new KD.utils.ClientAction({elementId:'KSee4abd23a0d3a9508821dea1a87ba6a5d', jsEvent:'change', source:'bridge', action:KD.utils.Action._customAction, ifExpr:'', actionId:'ID8fe910935123a7864e15fee809a11564d', params:["parseDataDefinition(obj.value);"]}));</value></field_value><field_value id="700000230"><value>KSee4abd23a0d3a9508821dea1a87ba6a5d</value></field_value><field_value id="700001212"/><field_value id="179"><value>ID22730120621147146f2994e6809829f27</value></field_value><field_value id="700007000"/><field_value id="700081207"/><field_value id="700004955"/><field_value id="700081202"/><field_value id="700004630"/><field_value id="700001687"/><field_value id="700001686"><value>0</value></field_value><field_value id="700001046"/><field_value id="700001685"/><field_value id="700001045"/><field_value id="770000400"/><field_value id="700001044"/><field_value id="700001043"/><field_value id="700000800"><value>KS0cd4f48d988f26dcb9ece769b737a9330</value></field_value><field_value id="700001683"/></entry><entry id="000000000001037"><field_value id="700001682"/><field_value id="700001681"/><field_value id="700001680"/><field_value id="700001239"/><field_value id="536870916"/><field_value id="700001202"><value>*custom*</value></field_value><field_value id="600000043"/><field_value id="600000042"/><field_value id="770006505"/><field_value id="700002400"/><field_value id="700004587"><value>Custom</value></field_value><field_value id="710060809"><value>ID496481c0fa59851058d52de88cda8ea3d</value></field_value><field_value id="700004585"/><field_value id="770006500"/><field_value id="700004584"><value>KD.utils.Action._customAction</value></field_value><field_value id="700001000"/><field_value id="700004583"><value>AG000C29497A1AuWClRQz13rKgcxoA</value></field_value><field_value id="70000088"/><field_value id="700004582"><value>All Entries - Special Param 3</value></field_value><field_value id="700002304"/><field_value id="70000087"/><field_value id="700002303"><value>KS72a71e30ee8745e34129c66e661a5e986</value></field_value><field_value id="770006407"/><field_value id="700073250"><value>1</value></field_value><field_value id="70000085"/><field_value id="770006406"/><field_value id="760001307"><value>0</value></field_value><field_value id="770006405"/><field_value id="70000083"/><field_value id="8"><value>na</value></field_value><field_value id="70000082"/><field_value id="7"><value>0</value></field_value><field_value id="6"><value>1378313747</value></field_value><field_value id="770006401"><value>0</value></field_value><field_value id="760000803"/><field_value id="700002239"/><field_value id="5"><value>Demo</value></field_value><field_value id="760000802"/><field_value id="4"/><field_value id="3"><value>1378313742</value></field_value><field_value id="2"><value>Demo</value></field_value><field_value id="1"><value>000000000001037</value></field_value><field_value id="490000700"><value>KS00505696001Cp3klUg_fWGWAaP45</value></field_value><field_value id="700004642"><value>Custom</value></field_value><field_value id="600000090"/><field_value id="700001698"/><field_value id="700001697"/><field_value id="700001696"><value>Are you sure?</value></field_value><field_value id="700001056"/><field_value id="700001695"/><field_value id="700001055"/><field_value id="700001691"/><field_value id="700001690"><value>clientManager.addAction(new KD.utils.ClientAction({elementId:'KS40fb46d4287c24582fcd6158379b875f8', jsEvent:'*custom*', source:'bridge', action:KD.utils.Action._customAction, ifExpr:'', actionId:'ID496481c0fa59851058d52de88cda8ea3d', params:''}));</value></field_value><field_value id="700000230"><value>KS40fb46d4287c24582fcd6158379b875f8</value></field_value><field_value id="700001212"/><field_value id="179"><value>IDae1d248b90512f1a08aa65af8c7c096b3</value></field_value><field_value id="700007000"/><field_value id="700081207"/><field_value id="700004955"/><field_value id="700081202"><value>6</value></field_value><field_value id="700004630"/><field_value id="700001687"/><field_value id="700001686"><value>0</value></field_value><field_value id="700001046"/><field_value id="700001685"/><field_value id="700001045"/><field_value id="770000400"/><field_value id="700001044"/><field_value id="700001043"/><field_value id="700000800"><value>KS0cd4f48d988f26dcb9ece769b737a9330</value></field_value><field_value id="700001683"/></entry><entry id="000000000001038"><field_value id="700001682"/><field_value id="700001681"/><field_value id="700001680"><value>setDataTypes(getParameter('dataType'));</value></field_value><field_value id="700001239"/><field_value id="536870916"/><field_value id="700001202"><value>load</value></field_value><field_value id="600000043"/><field_value id="600000042"/><field_value id="770006505"/><field_value id="700002400"/><field_value id="700004587"><value>Custom</value></field_value><field_value id="710060809"><value>ID00505696001CNgwuUgiXIDegOdb7</value></field_value><field_value id="700004585"/><field_value id="770006500"/><field_value id="700004584"><value>KD.utils.Action._customAction</value></field_value><field_value id="700001000"/><field_value id="700004583"><value>AG000C29497A1AuWClRQz13rKgcxoA</value></field_value><field_value id="70000088"/><field_value id="700004582"><value>Get DataType</value></field_value><field_value id="700002304"/><field_value id="70000087"/><field_value id="700002303"><value>KS72a71e30ee8745e34129c66e661a5e986</value></field_value><field_value id="770006407"/><field_value id="700073250"><value>2</value></field_value><field_value id="70000085"/><field_value id="770006406"/><field_value id="760001307"><value>0</value></field_value><field_value id="770006405"/><field_value id="70000083"/><field_value id="8"><value>na</value></field_value><field_value id="70000082"/><field_value id="7"><value>0</value></field_value><field_value id="6"><value>1453873630</value></field_value><field_value id="770006401"><value>0</value></field_value><field_value id="760000803"/><field_value id="700002239"/><field_value id="5"><value>Demo</value></field_value><field_value id="760000802"/><field_value id="4"/><field_value id="3"><value>1378875733</value></field_value><field_value id="2"><value>Demo</value></field_value><field_value id="1"><value>000000000001038</value></field_value><field_value id="490000700"><value>ID00505696001Cww0uUguIIJegjd37</value></field_value><field_value id="700004642"><value>Custom</value></field_value><field_value id="600000090"/><field_value id="700001698"/><field_value id="700001697"/><field_value id="700001696"><value>Are you sure?</value></field_value><field_value id="700001056"/><field_value id="700001695"/><field_value id="700001055"/><field_value id="700001691"/><field_value id="700001690"><value>KD.utils.Action._customAction(window, new KD.utils.ClientAction({elementId:'KS72a71e30ee8745e34129c66e661a5e986', jsEvent:'load', source:'bridge', action:KD.utils.Action._customAction, ifExpr:'getParameter("dataType") != ""', actionId:'ID00505696001CNgwuUgiXIDegOdb7', params:["setDataTypes(getParameter('dataType'));"]}));</value></field_value><field_value id="700000230"><value>KS72a71e30ee8745e34129c66e661a5e986</value></field_value><field_value id="700001212"/><field_value id="179"><value>IDb08e14896f8e4b3f2e61e51a078c544c9</value></field_value><field_value id="700007000"/><field_value id="700081207"><value>getParameter("dataType") != ""</value></field_value><field_value id="700004955"/><field_value id="700081202"><value>0</value></field_value><field_value id="700004630"/><field_value id="700001687"/><field_value id="700001686"><value>0</value></field_value><field_value id="700001046"/><field_value id="700001685"><value>getParameter("dataType") != ""</value></field_value><field_value id="700001045"/><field_value id="770000400"/><field_value id="700001044"/><field_value id="700001043"/><field_value id="700000800"><value>KS0cd4f48d988f26dcb9ece769b737a9330</value></field_value><field_value id="700001683"/></entry><entry id="000000000001039"><field_value id="700001682"/><field_value id="700001681"/><field_value id="700001680"/><field_value id="700001239"/><field_value id="536870916"/><field_value id="700001202"><value>*custom*</value></field_value><field_value id="600000043"/><field_value id="600000042"/><field_value id="770006505"/><field_value id="700002400"/><field_value id="700004587"><value>Custom</value></field_value><field_value id="710060809"><value>ID6b2a8eace0a133a621774c82f1ec0997c</value></field_value><field_value id="700004585"/><field_value id="770006500"/><field_value id="700004584"><value>KD.utils.Action._customAction</value></field_value><field_value id="700001000"/><field_value id="700004583"><value>AG000C29497A1AuWClRQz13rKgcxoA</value></field_value><field_value id="70000088"/><field_value id="700004582"><value>Index 1</value></field_value><field_value id="700002304"/><field_value id="70000087"/><field_value id="700002303"><value>KS72a71e30ee8745e34129c66e661a5e986</value></field_value><field_value id="770006407"/><field_value id="700073250"><value>1</value></field_value><field_value id="70000085"/><field_value id="770006406"/><field_value id="760001307"><value>0</value></field_value><field_value id="770006405"/><field_value id="70000083"/><field_value id="8"><value>na</value></field_value><field_value id="70000082"/><field_value id="7"><value>0</value></field_value><field_value id="6"><value>1379430492</value></field_value><field_value id="770006401"><value>0</value></field_value><field_value id="760000803"/><field_value id="700002239"/><field_value id="5"><value>Demo</value></field_value><field_value id="760000802"/><field_value id="4"/><field_value id="3"><value>1379430480</value></field_value><field_value id="2"><value>Demo</value></field_value><field_value id="1"><value>000000000001039</value></field_value><field_value id="490000700"><value>KS00505696001C8YM2UgKp5hBwFWcE</value></field_value><field_value id="700004642"><value>Custom</value></field_value><field_value id="600000090"/><field_value id="700001698"/><field_value id="700001697"/><field_value id="700001696"><value>Are you sure?</value></field_value><field_value id="700001056"/><field_value id="700001695"/><field_value id="700001055"/><field_value id="700001691"/><field_value id="700001690"><value>clientManager.addAction(new KD.utils.ClientAction({elementId:'KS25f76885f63434018753b08c7cddc8809', jsEvent:'*custom*', source:'bridge', action:KD.utils.Action._customAction, ifExpr:'', actionId:'ID6b2a8eace0a133a621774c82f1ec0997c', params:''}));</value></field_value><field_value id="700000230"><value>KS25f76885f63434018753b08c7cddc8809</value></field_value><field_value id="700001212"/><field_value id="179"><value>ID13d186ae4c1a3fbfab39f602e1b7e6442</value></field_value><field_value id="700007000"/><field_value id="700081207"/><field_value id="700004955"/><field_value id="700081202"><value>6</value></field_value><field_value id="700004630"/><field_value id="700001687"/><field_value id="700001686"><value>0</value></field_value><field_value id="700001046"/><field_value id="700001685"/><field_value id="700001045"/><field_value id="770000400"/><field_value id="700001044"/><field_value id="700001043"/><field_value id="700000800"><value>KS0cd4f48d988f26dcb9ece769b737a9330</value></field_value><field_value id="700001683"/></entry><entry id="000000000001040"><field_value id="700001682"/><field_value id="700001681"/><field_value id="700001680"/><field_value id="700001239"/><field_value id="536870916"/><field_value id="700001202"><value>*custom*</value></field_value><field_value id="600000043"/><field_value id="600000042"/><field_value id="770006505"/><field_value id="700002400"/><field_value id="700004587"><value>Custom</value></field_value><field_value id="710060809"><value>IDc79920e6343f8c9e35be7190e4f7b596e</value></field_value><field_value id="700004585"/><field_value id="770006500"/><field_value id="700004584"><value>KD.utils.Action._customAction</value></field_value><field_value id="700001000"/><field_value id="700004583"><value>AG000C29497A1AuWClRQz13rKgcxoA</value></field_value><field_value id="70000088"/><field_value id="700004582"><value>Index 1 | 2 - Any</value></field_value><field_value id="700002304"/><field_value id="70000087"/><field_value id="700002303"><value>KS72a71e30ee8745e34129c66e661a5e986</value></field_value><field_value id="770006407"/><field_value id="700073250"><value>1</value></field_value><field_value id="70000085"/><field_value id="770006406"/><field_value id="760001307"><value>0</value></field_value><field_value id="770006405"/><field_value id="70000083"/><field_value id="8"><value>na</value></field_value><field_value id="70000082"/><field_value id="7"><value>0</value></field_value><field_value id="6"><value>1379430756</value></field_value><field_value id="770006401"><value>0</value></field_value><field_value id="760000803"/><field_value id="700002239"/><field_value id="5"><value>Demo</value></field_value><field_value id="760000802"/><field_value id="4"/><field_value id="3"><value>1379430564</value></field_value><field_value id="2"><value>Demo</value></field_value><field_value id="1"><value>000000000001040</value></field_value><field_value id="490000700"><value>ID00505696001CLYU2Ugw3BmBw_moE</value></field_value><field_value id="700004642"><value>Custom</value></field_value><field_value id="600000090"/><field_value id="700001698"/><field_value id="700001697"/><field_value id="700001696"><value>Are you sure?</value></field_value><field_value id="700001056"/><field_value id="700001695"/><field_value id="700001055"/><field_value id="700001691"/><field_value id="700001690"><value>clientManager.addAction(new KD.utils.ClientAction({elementId:'KSd8a1dc17fd0d35121847a82aa2d5107d3', jsEvent:'*custom*', source:'bridge', action:KD.utils.Action._customAction, ifExpr:'', actionId:'IDc79920e6343f8c9e35be7190e4f7b596e', params:''}));</value></field_value><field_value id="700000230"><value>KSd8a1dc17fd0d35121847a82aa2d5107d3</value></field_value><field_value id="700001212"/><field_value id="179"><value>ID75acbfc472c2f3effa3b160cf0cb1f1ba</value></field_value><field_value id="700007000"/><field_value id="700081207"/><field_value id="700004955"/><field_value id="700081202"><value>6</value></field_value><field_value id="700004630"/><field_value id="700001687"/><field_value id="700001686"><value>0</value></field_value><field_value id="700001046"/><field_value id="700001685"/><field_value id="700001045"/><field_value id="770000400"/><field_value id="700001044"/><field_value id="700001043"/><field_value id="700000800"><value>KS0cd4f48d988f26dcb9ece769b737a9330</value></field_value><field_value id="700001683"/></entry><entry id="000000000001041"><field_value id="700001682"/><field_value id="700001681"/><field_value id="700001680"/><field_value id="700001239"/><field_value id="536870916"/><field_value id="700001202"><value>*custom*</value></field_value><field_value id="600000043"/><field_value id="600000042"/><field_value id="770006505"/><field_value id="700002400"/><field_value id="700004587"><value>Custom</value></field_value><field_value id="710060809"><value>ID08caea2fa852ad2bf2df2db769dd73b21</value></field_value><field_value id="700004585"/><field_value id="770006500"/><field_value id="700004584"><value>KD.utils.Action._customAction</value></field_value><field_value id="700001000"/><field_value id="700004583"><value>AG000C29497A1AuWClRQz13rKgcxoA</value></field_value><field_value id="70000088"/><field_value id="700004582"><value>Index 1 | 2 - Exact</value></field_value><field_value id="700002304"/><field_value id="70000087"/><field_value id="700002303"><value>KS72a71e30ee8745e34129c66e661a5e986</value></field_value><field_value id="770006407"/><field_value id="700073250"><value>1</value></field_value><field_value id="70000085"/><field_value id="770006406"/><field_value id="760001307"><value>0</value></field_value><field_value id="770006405"/><field_value id="70000083"/><field_value id="8"><value>na</value></field_value><field_value id="70000082"/><field_value id="7"><value>0</value></field_value><field_value id="6"><value>1379430731</value></field_value><field_value id="770006401"><value>0</value></field_value><field_value id="760000803"/><field_value id="700002239"/><field_value id="5"><value>Demo</value></field_value><field_value id="760000802"/><field_value id="4"/><field_value id="3"><value>1379430623</value></field_value><field_value id="2"><value>Demo</value></field_value><field_value id="1"><value>000000000001041</value></field_value><field_value id="490000700"><value>ID00505696001CEIU2Ugq_xlBwkWoE</value></field_value><field_value id="700004642"><value>Custom</value></field_value><field_value id="600000090"/><field_value id="700001698"/><field_value id="700001697"/><field_value id="700001696"><value>Are you sure?</value></field_value><field_value id="700001056"/><field_value id="700001695"/><field_value id="700001055"/><field_value id="700001691"/><field_value id="700001690"><value>clientManager.addAction(new KD.utils.ClientAction({elementId:'KS364b2fbbfe0b040fc9bc40ecf4a7c622d', jsEvent:'*custom*', source:'bridge', action:KD.utils.Action._customAction, ifExpr:'', actionId:'ID08caea2fa852ad2bf2df2db769dd73b21', params:''}));</value></field_value><field_value id="700000230"><value>KS364b2fbbfe0b040fc9bc40ecf4a7c622d</value></field_value><field_value id="700001212"/><field_value id="179"><value>IDbf24e93d96bcbba31c1a656465b6664ad</value></field_value><field_value id="700007000"/><field_value id="700081207"/><field_value id="700004955"/><field_value id="700081202"><value>6</value></field_value><field_value id="700004630"/><field_value id="700001687"/><field_value id="700001686"><value>0</value></field_value><field_value id="700001046"/><field_value id="700001685"/><field_value id="700001045"/><field_value id="770000400"/><field_value id="700001044"/><field_value id="700001043"/><field_value id="700000800"><value>KS0cd4f48d988f26dcb9ece769b737a9330</value></field_value><field_value id="700001683"/></entry><entry id="000000000001042"><field_value id="700001682"/><field_value id="700001681"/><field_value id="700001680"/><field_value id="700001239"/><field_value id="536870916"/><field_value id="700001202"><value>*custom*</value></field_value><field_value id="600000043"/><field_value id="600000042"/><field_value id="770006505"/><field_value id="700002400"/><field_value id="700004587"><value>Custom</value></field_value><field_value id="710060809"><value>ID6cdc6e7e50430b6e7e06690da82d03173</value></field_value><field_value id="700004585"/><field_value id="770006500"/><field_value id="700004584"><value>KD.utils.Action._customAction</value></field_value><field_value id="700001000"/><field_value id="700004583"><value>AG000C29497A1AuWClRQz13rKgcxoA</value></field_value><field_value id="70000088"/><field_value id="700004582"><value>Index 1 | 2 | 3 - Any</value></field_value><field_value id="700002304"/><field_value id="70000087"/><field_value id="700002303"><value>KS72a71e30ee8745e34129c66e661a5e986</value></field_value><field_value id="770006407"/><field_value id="700073250"><value>1</value></field_value><field_value id="70000085"/><field_value id="770006406"/><field_value id="760001307"><value>0</value></field_value><field_value id="770006405"/><field_value id="70000083"/><field_value id="8"><value>na</value></field_value><field_value id="70000082"/><field_value id="7"><value>0</value></field_value><field_value id="6"><value>1379430699</value></field_value><field_value id="770006401"><value>0</value></field_value><field_value id="760000803"/><field_value id="700002239"/><field_value id="5"><value>Demo</value></field_value><field_value id="760000802"/><field_value id="4"/><field_value id="3"><value>1379430696</value></field_value><field_value id="2"><value>Demo</value></field_value><field_value id="1"><value>000000000001042</value></field_value><field_value id="490000700"><value>KS00505696001Cv4Q2UgG8BkBwgWkE</value></field_value><field_value id="700004642"><value>Custom</value></field_value><field_value id="600000090"/><field_value id="700001698"/><field_value id="700001697"/><field_value id="700001696"><value>Are you sure?</value></field_value><field_value id="700001056"/><field_value id="700001695"/><field_value id="700001055"/><field_value id="700001691"/><field_value id="700001690"><value>clientManager.addAction(new KD.utils.ClientAction({elementId:'KS6288b69aa6acef9f0f303823cf26bbc2f', jsEvent:'*custom*', source:'bridge', action:KD.utils.Action._customAction, ifExpr:'', actionId:'ID6cdc6e7e50430b6e7e06690da82d03173', params:''}));</value></field_value><field_value id="700000230"><value>KS6288b69aa6acef9f0f303823cf26bbc2f</value></field_value><field_value id="700001212"/><field_value id="179"><value>ID2778944e3479ff74ee847c0dad6310113</value></field_value><field_value id="700007000"/><field_value id="700081207"/><field_value id="700004955"/><field_value id="700081202"><value>6</value></field_value><field_value id="700004630"/><field_value id="700001687"/><field_value id="700001686"><value>0</value></field_value><field_value id="700001046"/><field_value id="700001685"/><field_value id="700001045"/><field_value id="770000400"/><field_value id="700001044"/><field_value id="700001043"/><field_value id="700000800"><value>KS0cd4f48d988f26dcb9ece769b737a9330</value></field_value><field_value id="700001683"/></entry><entry id="000000000001043"><field_value id="700001682"/><field_value id="700001681"/><field_value id="700001680"/><field_value id="700001239"/><field_value id="536870916"/><field_value id="700001202"><value>*custom*</value></field_value><field_value id="600000043"/><field_value id="600000042"/><field_value id="770006505"/><field_value id="700002400"/><field_value id="700004587"><value>Custom</value></field_value><field_value id="710060809"><value>ID815acbd0b6b23c3616df7bc5e84f76361</value></field_value><field_value id="700004585"/><field_value id="770006500"/><field_value id="700004584"><value>KD.utils.Action._customAction</value></field_value><field_value id="700001000"/><field_value id="700004583"><value>AG000C29497A1AuWClRQz13rKgcxoA</value></field_value><field_value id="70000088"/><field_value id="700004582"><value>Index 1 | 2 | 3 - Exact</value></field_value><field_value id="700002304"/><field_value id="70000087"/><field_value id="700002303"><value>KS72a71e30ee8745e34129c66e661a5e986</value></field_value><field_value id="770006407"/><field_value id="700073250"><value>1</value></field_value><field_value id="70000085"/><field_value id="770006406"/><field_value id="760001307"><value>0</value></field_value><field_value id="770006405"/><field_value id="70000083"/><field_value id="8"><value>na</value></field_value><field_value id="70000082"/><field_value id="7"><value>0</value></field_value><field_value id="6"><value>1379430801</value></field_value><field_value id="770006401"><value>0</value></field_value><field_value id="760000803"/><field_value id="700002239"/><field_value id="5"><value>Demo</value></field_value><field_value id="760000802"/><field_value id="4"/><field_value id="3"><value>1379430798</value></field_value><field_value id="2"><value>Demo</value></field_value><field_value id="1"><value>000000000001043</value></field_value><field_value id="490000700"><value>KS00505696001CPoU2UgqrJmBwP2sE</value></field_value><field_value id="700004642"><value>Custom</value></field_value><field_value id="600000090"/><field_value id="700001698"/><field_value id="700001697"/><field_value id="700001696"><value>Are you sure?</value></field_value><field_value id="700001056"/><field_value id="700001695"/><field_value id="700001055"/><field_value id="700001691"/><field_value id="700001690"><value>clientManager.addAction(new KD.utils.ClientAction({elementId:'KS7a6b95cd3089685ad2ac62a0288b8baf3', jsEvent:'*custom*', source:'bridge', action:KD.utils.Action._customAction, ifExpr:'', actionId:'ID815acbd0b6b23c3616df7bc5e84f76361', params:''}));</value></field_value><field_value id="700000230"><value>KS7a6b95cd3089685ad2ac62a0288b8baf3</value></field_value><field_value id="700001212"/><field_value id="179"><value>ID49f085b6febbddfa2ca8ff2dd35f15fb9</value></field_value><field_value id="700007000"/><field_value id="700081207"/><field_value id="700004955"/><field_value id="700081202"><value>6</value></field_value><field_value id="700004630"/><field_value id="700001687"/><field_value id="700001686"><value>0</value></field_value><field_value id="700001046"/><field_value id="700001685"/><field_value id="700001045"/><field_value id="770000400"/><field_value id="700001044"/><field_value id="700001043"/><field_value id="700000800"><value>KS0cd4f48d988f26dcb9ece769b737a9330</value></field_value><field_value id="700001683"/></entry><entry id="000000000001044"><field_value id="700001682"/><field_value id="700001681"/><field_value id="700001680"/><field_value id="700001239"/><field_value id="536870916"/><field_value id="700001202"><value>*custom*</value></field_value><field_value id="600000043"/><field_value id="600000042"/><field_value id="770006505"/><field_value id="700002400"/><field_value id="700004587"><value>Custom</value></field_value><field_value id="710060809"><value>ID80d8daee56adccb1a34085fa4e8fa4cfa</value></field_value><field_value id="700004585"/><field_value id="770006500"/><field_value id="700004584"><value>KD.utils.Action._customAction</value></field_value><field_value id="700001000"/><field_value id="700004583"><value>AG000C29497A1AuWClRQz13rKgcxoA</value></field_value><field_value id="70000088"/><field_value id="700004582"><value>KS_TSK_Instance</value></field_value><field_value id="700002304"/><field_value id="70000087"/><field_value id="700002303"><value>KS72a71e30ee8745e34129c66e661a5e986</value></field_value><field_value id="770006407"/><field_value id="700073250"><value>1</value></field_value><field_value id="70000085"/><field_value id="770006406"/><field_value id="760001307"><value>0</value></field_value><field_value id="770006405"/><field_value id="70000083"/><field_value id="8"><value>na</value></field_value><field_value id="70000082"/><field_value id="7"><value>0</value></field_value><field_value id="6"><value>1379611105</value></field_value><field_value id="770006401"><value>0</value></field_value><field_value id="760000803"/><field_value id="700002239"/><field_value id="5"><value>Demo</value></field_value><field_value id="760000802"/><field_value id="4"/><field_value id="3"><value>1379611102</value></field_value><field_value id="2"><value>Demo</value></field_value><field_value id="1"><value>000000000001044</value></field_value><field_value id="490000700"><value>KS00505696001ClkU5Ug8QcmEgvUsL</value></field_value><field_value id="700004642"><value>Custom</value></field_value><field_value id="600000090"/><field_value id="700001698"/><field_value id="700001697"/><field_value id="700001696"><value>Are you sure?</value></field_value><field_value id="700001056"/><field_value id="700001695"/><field_value id="700001055"/><field_value id="700001691"/><field_value id="700001690"><value>clientManager.addAction(new KD.utils.ClientAction({elementId:'KS05f1a2af4cd1a8fce3fb6ba7b044c20cf', jsEvent:'*custom*', source:'bridge', action:KD.utils.Action._customAction, ifExpr:'', actionId:'ID80d8daee56adccb1a34085fa4e8fa4cfa', params:''}));</value></field_value><field_value id="700000230"><value>KS05f1a2af4cd1a8fce3fb6ba7b044c20cf</value></field_value><field_value id="700001212"/><field_value id="179"><value>IDcaf566e38d621391601eb2adaf474742c</value></field_value><field_value id="700007000"/><field_value id="700081207"/><field_value id="700004955"/><field_value id="700081202"><value>6</value></field_value><field_value id="700004630"/><field_value id="700001687"/><field_value id="700001686"><value>0</value></field_value><field_value id="700001046"/><field_value id="700001685"/><field_value id="700001045"/><field_value id="770000400"/><field_value id="700001044"/><field_value id="700001043"/><field_value id="700000800"><value>KS0cd4f48d988f26dcb9ece769b737a9330</value></field_value><field_value id="700001683"/></entry><entry id="000000000001045"><field_value id="700001682"/><field_value id="700001681"/><field_value id="700001680"/><field_value id="700001239"/><field_value id="536870916"/><field_value id="700001202"><value>click</value></field_value><field_value id="600000043"/><field_value id="600000042"/><field_value id="770006505"/><field_value id="700002400"/><field_value id="700004587"><value>Custom</value></field_value><field_value id="710060809"><value>ID7a2c5acec2bc1107fcba74f6dc7cb6c7b</value></field_value><field_value id="700004585"/><field_value id="770006500"/><field_value id="700004584"><value>KD.utils.Action._customAction</value></field_value><field_value id="700001000"/><field_value id="700004583"><value>AG000C29497A1AuWClRQz13rKgcxoA</value></field_value><field_value id="70000088"/><field_value id="700004582"><value>Expose By Type Bridge</value></field_value><field_value id="700002304"/><field_value id="70000087"/><field_value id="700002303"><value>KS72a71e30ee8745e34129c66e661a5e986</value></field_value><field_value id="770006407"/><field_value id="700073250"><value>1</value></field_value><field_value id="70000085"/><field_value id="770006406"/><field_value id="760001307"><value>0</value></field_value><field_value id="770006405"/><field_value id="70000083"/><field_value id="8"><value>na</value></field_value><field_value id="70000082"/><field_value id="7"><value>0</value></field_value><field_value id="6"><value>1418137583</value></field_value><field_value id="770006401"><value>0</value></field_value><field_value id="760000803"/><field_value id="700002239"/><field_value id="5"><value>Demo</value></field_value><field_value id="760000802"/><field_value id="4"/><field_value id="3"><value>1418137569</value></field_value><field_value id="2"><value>Demo</value></field_value><field_value id="1"><value>000000000001045</value></field_value><field_value id="490000700"><value>KSHAA5V0HJEMVAN6ITVROEYA8O0ZZ9</value></field_value><field_value id="700004642"><value>Custom</value></field_value><field_value id="600000090"/><field_value id="700001698"/><field_value id="700001697"/><field_value id="700001696"><value>Are you sure?</value></field_value><field_value id="700001056"/><field_value id="700001695"/><field_value id="700001055"/><field_value id="700001691"/><field_value id="700001690"><value>clientManager.addAction(new KD.utils.ClientAction({elementId:'KS99a52a2013d2cbe59f6d760d741cf6082', jsEvent:'click', source:'bridge', action:KD.utils.Action._customAction, ifExpr:'', actionId:'ID7a2c5acec2bc1107fcba74f6dc7cb6c7b', params:''}));</value></field_value><field_value id="700000230"><value>KS99a52a2013d2cbe59f6d760d741cf6082</value></field_value><field_value id="700001212"/><field_value id="179"><value>ID509053f43763600f5516785d70fa2551f</value></field_value><field_value id="700007000"/><field_value id="700081207"/><field_value id="700004955"/><field_value id="700081202"><value>6</value></field_value><field_value id="700004630"/><field_value id="700001687"/><field_value id="700001686"><value>0</value></field_value><field_value id="700001046"/><field_value id="700001685"/><field_value id="700001045"/><field_value id="770000400"/><field_value id="700001044"/><field_value id="700001043"/><field_value id="700000800"><value>KS0cd4f48d988f26dcb9ece769b737a9330</value></field_value><field_value id="700001683"/></entry><entry id="000000000001046"><field_value id="700001682"/><field_value id="700001681"/><field_value id="700001680"/><field_value id="700001239"/><field_value id="536870916"/><field_value id="700001202"><value>click</value></field_value><field_value id="600000043"/><field_value id="600000042"/><field_value id="770006505"/><field_value id="700002400"/><field_value id="700004587"><value>Custom</value></field_value><field_value id="710060809"><value>IDdeffc45f1076a2fd2d93fd99b4587caa9</value></field_value><field_value id="700004585"/><field_value id="770006500"/><field_value id="700004584"><value>KD.utils.Action._customAction</value></field_value><field_value id="700001000"/><field_value id="700004583"><value>AG000C29497A1AuWClRQz13rKgcxoA</value></field_value><field_value id="70000088"/><field_value id="700004582"><value>Expose Active Bridge</value></field_value><field_value id="700002304"/><field_value id="70000087"/><field_value id="700002303"><value>KS72a71e30ee8745e34129c66e661a5e986</value></field_value><field_value id="770006407"/><field_value id="700073250"><value>2</value></field_value><field_value id="70000085"/><field_value id="770006406"/><field_value id="760001307"><value>0</value></field_value><field_value id="770006405"/><field_value id="70000083"/><field_value id="8"><value>na</value></field_value><field_value id="70000082"/><field_value id="7"><value>0</value></field_value><field_value id="6"><value>1425550017</value></field_value><field_value id="770006401"><value>0</value></field_value><field_value id="760000803"/><field_value id="700002239"/><field_value id="5"><value>Demo</value></field_value><field_value id="760000802"/><field_value id="4"/><field_value id="3"><value>1425550017</value></field_value><field_value id="2"><value>Demo</value></field_value><field_value id="1"><value>000000000001046</value></field_value><field_value id="490000700"><value>KSHAA5V0HJEMVANKNP4QWRNRF33419</value></field_value><field_value id="700004642"><value>Custom</value></field_value><field_value id="600000090"/><field_value id="700001698"/><field_value id="700001697"/><field_value id="700001696"><value>Are you sure?</value></field_value><field_value id="700001056"/><field_value id="700001695"/><field_value id="700001055"/><field_value id="700001691"/><field_value id="700001690"><value>clientManager.addAction(new KD.utils.ClientAction({elementId:'KS25f76885f63434018753b08c7cddc8809', jsEvent:'click', source:'bridge', action:KD.utils.Action._customAction, ifExpr:'', actionId:'IDdeffc45f1076a2fd2d93fd99b4587caa9', params:''}));</value></field_value><field_value id="700000230"><value>KS25f76885f63434018753b08c7cddc8809</value></field_value><field_value id="700001212"/><field_value id="179"><value>ID38a465601d665158c9035898f562756c0</value></field_value><field_value id="700007000"/><field_value id="700081207"/><field_value id="700004955"/><field_value id="700081202"><value>6</value></field_value><field_value id="700004630"/><field_value id="700001687"/><field_value id="700001686"><value>0</value></field_value><field_value id="700001046"/><field_value id="700001685"/><field_value id="700001045"/><field_value id="770000400"/><field_value id="700001044"/><field_value id="700001043"/><field_value id="700000800"><value>KS0cd4f48d988f26dcb9ece769b737a9330</value></field_value><field_value id="700001683"/></entry><entry id="000000000001047"><field_value id="700001682"/><field_value id="700001681"/><field_value id="700001680"><value>displayLevel2Menu(obj.value);</value></field_value><field_value id="700001239"/><field_value id="536870916"/><field_value id="700001202"><value>change</value></field_value><field_value id="600000043"/><field_value id="600000042"/><field_value id="770006505"/><field_value id="700002400"/><field_value id="700004587"><value>Custom</value></field_value><field_value id="710060809"><value>IDHAA5V0HJEMVANKPYNFY82J9G8G3N</value></field_value><field_value id="700004585"/><field_value id="770006500"/><field_value id="700004584"><value>KD.utils.Action._customAction</value></field_value><field_value id="700001000"/><field_value id="700004583"><value>AG000C29497A1AuWClRQz13rKgcxoA</value></field_value><field_value id="70000088"/><field_value id="700004582"><value>Populate Menus</value></field_value><field_value id="700002304"/><field_value id="70000087"/><field_value id="700002303"><value>KS72a71e30ee8745e34129c66e661a5e986</value></field_value><field_value id="770006407"/><field_value id="700073250"><value>1</value></field_value><field_value id="70000085"/><field_value id="770006406"/><field_value id="760001307"><value>0</value></field_value><field_value id="770006405"/><field_value id="70000083"/><field_value id="8"><value>na</value></field_value><field_value id="70000082"/><field_value id="7"><value>0</value></field_value><field_value id="6"><value>1425796321</value></field_value><field_value id="770006401"><value>0</value></field_value><field_value id="760000803"/><field_value id="700002239"/><field_value id="5"><value>Demo</value></field_value><field_value id="760000802"/><field_value id="4"/><field_value id="3"><value>1425655333</value></field_value><field_value id="2"><value>Demo</value></field_value><field_value id="1"><value>000000000001047</value></field_value><field_value id="490000700"><value>KSHAA5V0HJEMVANKPYKVY808GG8GDG</value></field_value><field_value id="700004642"><value>Custom</value></field_value><field_value id="600000090"/><field_value id="700001698"/><field_value id="700001697"/><field_value id="700001696"><value>Are you sure?</value></field_value><field_value id="700001056"/><field_value id="700001695"/><field_value id="700001055"/><field_value id="700001691"/><field_value id="700001690"><value>clientManager.addAction(new KD.utils.ClientAction({elementId:'KS0268e1c8fc3e3e54702d4304e64993600', jsEvent:'change', source:'bridge', action:KD.utils.Action._customAction, ifExpr:'', actionId:'IDHAA5V0HJEMVANKPYNFY82J9G8G3N', params:["displayLevel2Menu(obj.value);"]}));</value></field_value><field_value id="700000230"><value>KS0268e1c8fc3e3e54702d4304e64993600</value></field_value><field_value id="700001212"/><field_value id="179"><value>ID07deaba1fcef261b58ab18c55f757b1ec</value></field_value><field_value id="700007000"/><field_value id="700081207"/><field_value id="700004955"/><field_value id="700081202"/><field_value id="700004630"/><field_value id="700001687"/><field_value id="700001686"><value>0</value></field_value><field_value id="700001046"/><field_value id="700001685"/><field_value id="700001045"/><field_value id="770000400"/><field_value id="700001044"/><field_value id="700001043"/><field_value id="700000800"><value>KS0cd4f48d988f26dcb9ece769b737a9330</value></field_value><field_value id="700001683"/></entry><entry id="000000000001048"><field_value id="700001682"/><field_value id="700001681"/><field_value id="700001680"><value>displayLevel3Menu(KD.utils.Action.getQuestionValue('Qualification 1'), obj.value);</value></field_value><field_value id="700001239"/><field_value id="536870916"/><field_value id="700001202"><value>change</value></field_value><field_value id="600000043"/><field_value id="600000042"/><field_value id="770006505"/><field_value id="700002400"/><field_value id="700004587"><value>Custom</value></field_value><field_value id="710060809"><value>IDHAA5V0HJEMVANKR0QZA827NILANG</value></field_value><field_value id="700004585"/><field_value id="770006500"/><field_value id="700004584"><value>KD.utils.Action._customAction</value></field_value><field_value id="700001000"/><field_value id="700004583"><value>AG000C29497A1AuWClRQz13rKgcxoA</value></field_value><field_value id="70000088"/><field_value id="700004582"><value>Display Q3 Menu</value></field_value><field_value id="700002304"/><field_value id="70000087"/><field_value id="700002303"><value>KS72a71e30ee8745e34129c66e661a5e986</value></field_value><field_value id="770006407"/><field_value id="700073250"><value>1</value></field_value><field_value id="70000085"/><field_value id="770006406"/><field_value id="760001307"><value>0</value></field_value><field_value id="770006405"/><field_value id="70000083"/><field_value id="8"><value>na</value></field_value><field_value id="70000082"/><field_value id="7"><value>0</value></field_value><field_value id="6"><value>1425796381</value></field_value><field_value id="770006401"><value>0</value></field_value><field_value id="760000803"/><field_value id="700002239"/><field_value id="5"><value>Demo</value></field_value><field_value id="760000802"/><field_value id="4"/><field_value id="3"><value>1425717667</value></field_value><field_value id="2"><value>Demo</value></field_value><field_value id="1"><value>000000000001048</value></field_value><field_value id="490000700"><value>KSHAA5V0HJEMVANKR0P3A81IK1LA63</value></field_value><field_value id="700004642"><value>Custom</value></field_value><field_value id="600000090"/><field_value id="700001698"/><field_value id="700001697"/><field_value id="700001696"><value>Are you sure?</value></field_value><field_value id="700001056"/><field_value id="700001695"/><field_value id="700001055"/><field_value id="700001691"/><field_value id="700001690"><value>clientManager.addAction(new KD.utils.ClientAction({elementId:'KSaab1594c85fc65d472b278318fae0a634', jsEvent:'change', source:'bridge', action:KD.utils.Action._customAction, ifExpr:'', actionId:'IDHAA5V0HJEMVANKR0QZA827NILANG', params:["displayLevel3Menu(KD.utils.Action.getQuestionValue('Qualification 1'), obj.value);"]}));</value></field_value><field_value id="700000230"><value>KSaab1594c85fc65d472b278318fae0a634</value></field_value><field_value id="700001212"/><field_value id="179"><value>IDc300849e255b9ab3af3f1639bedce6491</value></field_value><field_value id="700007000"/><field_value id="700081207"/><field_value id="700004955"/><field_value id="700081202"/><field_value id="700004630"/><field_value id="700001687"/><field_value id="700001686"><value>0</value></field_value><field_value id="700001046"/><field_value id="700001685"/><field_value id="700001045"/><field_value id="770000400"/><field_value id="700001044"/><field_value id="700001043"/><field_value id="700000800"><value>KS0cd4f48d988f26dcb9ece769b737a9330</value></field_value><field_value id="700001683"/></entry><entry id="000000000001049"><field_value id="700001682"/><field_value id="700001681"/><field_value id="700001680"><value>getDatasetDetails(obj.value);</value></field_value><field_value id="700001239"/><field_value id="536870916"/><field_value id="700001202"><value>change</value></field_value><field_value id="600000043"/><field_value id="600000042"/><field_value id="770006505"/><field_value id="700002400"/><field_value id="700004587"><value>Custom</value></field_value><field_value id="710060809"><value>IDHAA5V0HJEMVANKR2GTA9678ELE54</value></field_value><field_value id="700004585"/><field_value id="770006500"/><field_value id="700004584"><value>KD.utils.Action._customAction</value></field_value><field_value id="700001000"/><field_value id="700004583"><value>AG000C29497A1AuWClRQz13rKgcxoA</value></field_value><field_value id="70000088"/><field_value id="700004582"><value>Get Data Definition</value></field_value><field_value id="700002304"/><field_value id="70000087"/><field_value id="700002303"><value>KS72a71e30ee8745e34129c66e661a5e986</value></field_value><field_value id="770006407"/><field_value id="700073250"><value>1</value></field_value><field_value id="70000085"/><field_value id="770006406"/><field_value id="760001307"><value>0</value></field_value><field_value id="770006405"/><field_value id="70000083"/><field_value id="8"><value>na</value></field_value><field_value id="70000082"/><field_value id="7"><value>0</value></field_value><field_value id="6"><value>1425796919</value></field_value><field_value id="770006401"><value>0</value></field_value><field_value id="760000803"/><field_value id="700002239"/><field_value id="5"><value>Demo</value></field_value><field_value id="760000802"/><field_value id="4"/><field_value id="3"><value>1425719505</value></field_value><field_value id="2"><value>Demo</value></field_value><field_value id="1"><value>000000000001049</value></field_value><field_value id="490000700"><value>KSHAA5V0HJEMVANKR2G2A96EMSLE3J</value></field_value><field_value id="700004642"><value>Custom</value></field_value><field_value id="600000090"/><field_value id="700001698"/><field_value id="700001697"/><field_value id="700001696"><value>Are you sure?</value></field_value><field_value id="700001056"/><field_value id="700001695"/><field_value id="700001055"/><field_value id="700001691"/><field_value id="700001690"><value>clientManager.addAction(new KD.utils.ClientAction({elementId:'KSafda7631ad089f7809abe1cebad75295b', jsEvent:'change', source:'bridge', action:KD.utils.Action._customAction, ifExpr:'obj.value != ""', actionId:'IDHAA5V0HJEMVANKR2GTA9678ELE54', params:["getDatasetDetails(obj.value);"]}));</value></field_value><field_value id="700000230"><value>KSafda7631ad089f7809abe1cebad75295b</value></field_value><field_value id="700001212"/><field_value id="179"><value>IDcdb1ec0bc7daeb8da218c3c5aae43dba2</value></field_value><field_value id="700007000"/><field_value id="700081207"><value>obj.value != ""</value></field_value><field_value id="700004955"/><field_value id="700081202"/><field_value id="700004630"/><field_value id="700001687"/><field_value id="700001686"><value>0</value></field_value><field_value id="700001046"/><field_value id="700001685"><value>obj.value != ""</value></field_value><field_value id="700001045"/><field_value id="770000400"/><field_value id="700001044"/><field_value id="700001043"/><field_value id="700000800"><value>KS0cd4f48d988f26dcb9ece769b737a9330</value></field_value><field_value id="700001683"/></entry><entry id="000000000001050"><field_value id="700001682"/><field_value id="700001681"/><field_value id="700001680"><value>displayDataSetMenu(KD.utils.Action.getQuestionValue('Qualification 1'), KD.utils.Action.getQuestionValue('Qualification 2'), obj.value);</value></field_value><field_value id="700001239"/><field_value id="536870916"/><field_value id="700001202"><value>change</value></field_value><field_value id="600000043"/><field_value id="600000042"/><field_value id="770006505"/><field_value id="700002400"/><field_value id="700004587"><value>Custom</value></field_value><field_value id="710060809"><value>IDHAA5V0HJEMVANKSZK9BTJYRMOLB3</value></field_value><field_value id="700004585"/><field_value id="770006500"/><field_value id="700004584"><value>KD.utils.Action._customAction</value></field_value><field_value id="700001000"/><field_value id="700004583"><value>AG000C29497A1AuWClRQz13rKgcxoA</value></field_value><field_value id="70000088"/><field_value id="700004582"><value>Get DataSet Menu</value></field_value><field_value id="700002304"/><field_value id="70000087"/><field_value id="700002303"><value>KS72a71e30ee8745e34129c66e661a5e986</value></field_value><field_value id="770006407"/><field_value id="700073250"><value>1</value></field_value><field_value id="70000085"/><field_value id="770006406"/><field_value id="760001307"><value>0</value></field_value><field_value id="770006405"/><field_value id="70000083"/><field_value id="8"><value>na</value></field_value><field_value id="70000082"/><field_value id="7"><value>0</value></field_value><field_value id="6"><value>1425796705</value></field_value><field_value id="770006401"><value>0</value></field_value><field_value id="760000803"/><field_value id="700002239"/><field_value id="5"><value>Demo</value></field_value><field_value id="760000802"/><field_value id="4"/><field_value id="3"><value>1425796699</value></field_value><field_value id="2"><value>Demo</value></field_value><field_value id="1"><value>000000000001050</value></field_value><field_value id="490000700"><value>KSHAA5V0HJEMVANKSZ97BTJFD8OKXH</value></field_value><field_value id="700004642"><value>Custom</value></field_value><field_value id="600000090"/><field_value id="700001698"/><field_value id="700001697"/><field_value id="700001696"><value>Are you sure?</value></field_value><field_value id="700001056"/><field_value id="700001695"/><field_value id="700001055"/><field_value id="700001691"/><field_value id="700001690"><value>clientManager.addAction(new KD.utils.ClientAction({elementId:'KSd1d04cfa9cad3755e1d1b7c0f677d996b', jsEvent:'change', source:'bridge', action:KD.utils.Action._customAction, ifExpr:'', actionId:'IDHAA5V0HJEMVANKSZK9BTJYRMOLB3', params:["displayDataSetMenu(KD.utils.Action.getQuestionValue('Qualification 1'), KD.utils.Action.getQuestionValue('Qualification 2'), obj.value);"]}));</value></field_value><field_value id="700000230"><value>KSd1d04cfa9cad3755e1d1b7c0f677d996b</value></field_value><field_value id="700001212"/><field_value id="179"><value>ID1a68adc778131f2dc6edd8cdac0535edb</value></field_value><field_value id="700007000"/><field_value id="700081207"/><field_value id="700004955"/><field_value id="700081202"/><field_value id="700004630"/><field_value id="700001687"/><field_value id="700001686"><value>0</value></field_value><field_value id="700001046"/><field_value id="700001685"/><field_value id="700001045"/><field_value id="770000400"/><field_value id="700001044"/><field_value id="700001043"/><field_value id="700000800"><value>KS0cd4f48d988f26dcb9ece769b737a9330</value></field_value><field_value id="700001683"/></entry><entry id="000000000001051"><field_value id="700001682"/><field_value id="700001681"/><field_value id="700001680"><value>displayDMCMenus();</value></field_value><field_value id="700001239"/><field_value id="536870916"/><field_value id="700001202"><value>load</value></field_value><field_value id="600000043"/><field_value id="600000042"/><field_value id="770006505"/><field_value id="700002400"/><field_value id="700004587"><value>Custom</value></field_value><field_value id="710060809"><value>IDHAA5V0HIB4WAOBKMQ3ICVXUGN52U</value></field_value><field_value id="700004585"/><field_value id="770006500"/><field_value id="700004584"><value>KD.utils.Action._customAction</value></field_value><field_value id="700001000"/><field_value id="700004583"><value>AG000C29497A1AuWClRQz13rKgcxoA</value></field_value><field_value id="70000088"/><field_value id="700004582"><value>Display Menus</value></field_value><field_value id="700002304"/><field_value id="70000087"/><field_value id="700002303"><value>KS72a71e30ee8745e34129c66e661a5e986</value></field_value><field_value id="770006407"/><field_value id="700073250"><value>1</value></field_value><field_value id="70000085"/><field_value id="770006406"/><field_value id="760001307"><value>0</value></field_value><field_value id="770006405"/><field_value id="70000083"/><field_value id="8"><value>na</value></field_value><field_value id="70000082"/><field_value id="7"><value>0</value></field_value><field_value id="6"><value>1453873630</value></field_value><field_value id="770006401"><value>0</value></field_value><field_value id="760000803"/><field_value id="700002239"/><field_value id="5"><value>Demo</value></field_value><field_value id="760000802"/><field_value id="4"/><field_value id="3"><value>1453873627</value></field_value><field_value id="2"><value>Demo</value></field_value><field_value id="1"><value>000000000001051</value></field_value><field_value id="490000700"><value>KSHAA5V0HIB4WAOBKMQEICVQYZN519</value></field_value><field_value id="700004642"><value>Custom</value></field_value><field_value id="600000090"/><field_value id="700001698"/><field_value id="700001697"/><field_value id="700001696"/><field_value id="700001056"/><field_value id="700001695"/><field_value id="700001055"/><field_value id="700001691"/><field_value id="700001690"><value>KD.utils.Action._customAction(window, new KD.utils.ClientAction({elementId:'KS72a71e30ee8745e34129c66e661a5e986', jsEvent:'load', source:'bridge', action:KD.utils.Action._customAction, ifExpr:'', actionId:'IDHAA5V0HIB4WAOBKMQ3ICVXUGN52U', params:["displayDMCMenus();"]}));</value></field_value><field_value id="700000230"><value>KS72a71e30ee8745e34129c66e661a5e986</value></field_value><field_value id="700001212"/><field_value id="179"><value>ID4610a3910ebce64307a7a4758197434e1</value></field_value><field_value id="700007000"/><field_value id="700081207"/><field_value id="700004955"/><field_value id="700081202"><value>0</value></field_value><field_value id="700004630"/><field_value id="700001687"/><field_value id="700001686"><value>0</value></field_value><field_value id="700001046"/><field_value id="700001685"/><field_value id="700001045"/><field_value id="770000400"/><field_value id="700001044"/><field_value id="700001043"/><field_value id="700000800"><value>KS0cd4f48d988f26dcb9ece769b737a9330</value></field_value><field_value id="700001683"/></entry></instance></xform></arsystem_xml_report>