<?xml version="1.0" encoding="UTF-8"?>
<arsystem_xml_report><xform id="KS_SRV_ContentEvents" remedy="http://www.w3.org/2000/xforms"><instance><field-info><field><name>Also require</name><id>700001682</id><type>ENUM</type></field><field><name>Parameters_Right</name><id>700001681</id><type>CHAR</type></field><field><name>Parameters_Left</name><id>700001680</id><type>CHAR</type></field><field><name>_Next</name><id>700001239</id><type>INTEGER</type></field><field><name>_DisplayedQualificationParams</name><id>536870916</id><type>CHAR</type></field><field><name>EventName</name><id>700001202</id><type>CHAR</type></field><field><name>_ActionTwo</name><id>600000043</id><type>CHAR</type></field><field><name>_ActionOne</name><id>600000042</id><type>CHAR</type></field><field><name>_Parameters_Left_Temp</name><id>770006505</id><type>CHAR</type></field><field><name>_SortOrderOffset</name><id>700002400</id><type>INTEGER</type></field><field><name>Dialog View Name</name><id>700004587</id><type>CHAR</type></field><field><name>Bridge_Resource Id</name><id>710060809</id><type>CHAR</type></field><field><name>Right Action Code</name><id>700004585</id><type>CHAR</type></field><field><name>Notes</name><id>770006500</id><type>CHAR</type></field><field><name>Left Action Code</name><id>700004584</id><type>CHAR</type></field><field><name>Type</name><id>700001000</id><type>ENUM</type></field><field><name>ClientSideEvent InstanceId</name><id>700004583</id><type>CHAR</type></field><field><name>_SortOrderField_ID</name><id>70000088</id><type>CHAR</type></field><field><name>Name</name><id>700004582</id><type>CHAR</type></field><field><name>_EventInstanceField_ID</name><id>700002304</id><type>CHAR</type></field><field><name>_ValueField_ID</name><id>70000087</id><type>CHAR</type></field><field><name>PageInstanceId</name><id>700002303</id><type>CHAR</type></field><field><name>AlertOnNoMatchMessage</name><id>770006407</id><type>CHAR</type></field><field><name>Sort_Order</name><id>700073250</id><type>INTEGER</type></field><field><name>_CurrentListValue</name><id>70000085</id><type>CHAR</type></field><field><name>AlertOnNoMatch</name><id>770006406</id><type>ENUM</type></field><field><name>Use_Data_Source</name><id>760001307</id><type>ENUM</type></field><field><name>NullOnNoMatch</name><id>770006405</id><type>ENUM</type></field><field><name>_FormID</name><id>70000083</id><type>CHAR</type></field><field><name>Short Description</name><id>8</id><type>CHAR</type></field><field><name>_ITemInstanceID_Field_ID</name><id>70000082</id><type>CHAR</type></field><field><name>Status</name><id>7</id><type>ENUM</type></field><field><name>Modified Date</name><id>6</id><type>TIME</type></field><field><name>Event_Status</name><id>770006401</id><type>ENUM</type></field><field><name>_label_attribute</name><id>760000803</id><type>CHAR</type></field><field><name>_Last</name><id>700002239</id><type>INTEGER</type></field><field><name>Last Modified By</name><id>5</id><type>CHAR</type></field><field><name>_value_attribute</name><id>760000802</id><type>CHAR</type></field><field><name>Assigned To</name><id>4</id><type>CHAR</type></field><field><name>Create Date</name><id>3</id><type>TIME</type></field><field><name>Submitter</name><id>2</id><type>CHAR</type></field><field><name>Request ID</name><id>1</id><type>CHAR</type></field><field><name>OperationID</name><id>490000700</id><type>CHAR</type></field><field><name>Action</name><id>700004642</id><type>CHAR</type></field><field><name>_Multi-Purpose</name><id>600000090</id><type>CHAR</type></field><field><name>Callback Handler</name><id>700001698</id><type>CHAR</type></field><field><name>Callback Element Id</name><id>700001697</id><type>CHAR</type></field><field><name>Confirmation Message</name><id>700001696</id><type>CHAR</type></field><field><name>_ItemAppliedSortOrder</name><id>700001056</id><type>INTEGER</type></field><field><name>Display Confirmation Dialog</name><id>700001695</id><type>ENUM</type></field><field><name>_ItemAppliedInstanceID</name><id>700001055</id><type>CHAR</type></field><field><name>UseGetEntry</name><id>700001691</id><type>ENUM</type></field><field><name>Event_Code</name><id>700001690</id><type>CHAR</type></field><field><name>QuestionInstanceID</name><id>700000230</id><type>CHAR</type></field><field><name>SortOrderChangeTo</name><id>700001212</id><type>INTEGER</type></field><field><name>instanceId</name><id>179</id><type>CHAR</type></field><field><name>Element_Type</name><id>700007000</id><type>ENUM</type></field><field><name>If_Expression_TableDisplay</name><id>700081207</id><type>CHAR</type></field><field><name>_Element_ID</name><id>700004955</id><type>CHAR</type></field><field><name>Parent_Element_Type</name><id>700081202</id><type>ENUM</type></field><field><name>SimpleDataRequest Instance ID</name><id>700004630</id><type>CHAR</type></field><field><name>Synchronous</name><id>700001687</id><type>ENUM</type></field><field><name>Timeout</name><id>700001686</id><type>INTEGER</type></field><field><name>Clone_SourceInstanceID</name><id>700001046</id><type>CHAR</type></field><field><name>If_Expression</name><id>700001685</id><type>CHAR</type></field><field><name>_OrigQuestionInstanceID</name><id>700001045</id><type>CHAR</type></field><field><name>FireChangeEvent</name><id>770000400</id><type>ENUM</type></field><field><name>_OrigSurveyInstanceID</name><id>700001044</id><type>CHAR</type></field><field><name>_ActionThree</name><id>700001043</id><type>CHAR</type></field><field><name>SurveyInstanceID</name><id>700000800</id><type>CHAR</type></field><field><name>Also make optional</name><id>700001683</id><type>ENUM</type></field></field-info><entry id="000000000000324"><field_value id="700001682"/><field_value id="700001681"><value>'AG00505696001C9pwwUgjOEIhAXywD'</value></field_value><field_value id="700001680"/><field_value id="700001239"/><field_value id="536870916"/><field_value id="700001202"><value>load</value></field_value><field_value id="600000043"/><field_value id="600000042"/><field_value id="770006505"/><field_value id="700002400"/><field_value id="700004587"><value>List Fields</value></field_value><field_value id="710060809"/><field_value id="700004585"><value>KD.utils.Action._remove</value></field_value><field_value id="770006500"/><field_value id="700004584"><value>KD.utils.Action._insert</value></field_value><field_value id="700001000"/><field_value id="700004583"><value>AG000C29497A1AajalRQoBlGKg8hgA</value></field_value><field_value id="70000088"/><field_value id="700004582"><value>remove submit button</value></field_value><field_value id="700002304"/><field_value id="70000087"/><field_value id="700002303"><value>KSf914e5886a38ae6498ef0a87a6168c832f</value></field_value><field_value id="770006407"/><field_value id="700073250"><value>1</value></field_value><field_value id="70000085"/><field_value id="770006406"/><field_value id="760001307"/><field_value id="770006405"/><field_value id="70000083"/><field_value id="8"><value>na</value></field_value><field_value id="70000082"/><field_value id="7"><value>0</value></field_value><field_value id="6"><value>1378928423</value></field_value><field_value id="770006401"><value>0</value></field_value><field_value id="760000803"/><field_value id="700002239"/><field_value id="5"><value>Demo</value></field_value><field_value id="760000802"/><field_value id="4"/><field_value id="3"><value>1378928423</value></field_value><field_value id="2"><value>Demo</value></field_value><field_value id="1"><value>000000000000324</value></field_value><field_value id="490000700"/><field_value id="700004642"><value>Insert and Remove</value></field_value><field_value id="600000090"/><field_value id="700001698"/><field_value id="700001697"/><field_value id="700001696"><value>Are you sure?</value></field_value><field_value id="700001056"/><field_value id="700001695"/><field_value id="700001055"/><field_value id="700001691"/><field_value id="700001690"><value> 
KD.utils.Action._remove(window, new KD.utils.ClientAction({elementId:'KSf914e5886a38ae6498ef0a87a6168c832f', jsEvent:'load',action:KD.utils.Action._remove, ifExpr:'1==1', timeout:0, params:['AG00505696001C9pwwUgjOEIhAXywD']}));</value></field_value><field_value id="700000230"><value>KSf914e5886a38ae6498ef0a87a6168c832f</value></field_value><field_value id="700001212"/><field_value id="179"><value>KS45ec1bf82a8b0f57e33a2b3e9fc0144f17</value></field_value><field_value id="700007000"/><field_value id="700081207"><value>1==1</value></field_value><field_value id="700004955"/><field_value id="700081202"><value>0</value></field_value><field_value id="700004630"/><field_value id="700001687"/><field_value id="700001686"><value>0</value></field_value><field_value id="700001046"/><field_value id="700001685"><value>1==1</value></field_value><field_value id="700001045"/><field_value id="770000400"/><field_value id="700001044"/><field_value id="700001043"/><field_value id="700000800"><value>KS00505696001CzmYnUgS1UNYA_5rr</value></field_value><field_value id="700001683"/></entry><entry id="000000000000325"><field_value id="700001682"/><field_value id="700001681"/><field_value id="700001680"><value>loadAddUpdate();</value></field_value><field_value id="700001239"/><field_value id="536870916"/><field_value id="700001202"><value>load</value></field_value><field_value id="600000043"/><field_value id="600000042"/><field_value id="770006505"/><field_value id="700002400"/><field_value id="700004587"><value>Custom</value></field_value><field_value id="710060809"><value>KSffb62972e568ea6b934631f2462a4d6443</value></field_value><field_value id="700004585"/><field_value id="770006500"/><field_value id="700004584"><value>KD.utils.Action._customAction</value></field_value><field_value id="700001000"/><field_value id="700004583"><value>AG000C29497A1AuWClRQz13rKgcxoA</value></field_value><field_value id="70000088"/><field_value id="700004582"><value>load page</value></field_value><field_value id="700002304"/><field_value id="70000087"/><field_value id="700002303"><value>KSf914e5886a38ae6498ef0a87a6168c832f</value></field_value><field_value id="770006407"/><field_value id="700073250"><value>2</value></field_value><field_value id="70000085"/><field_value id="770006406"/><field_value id="760001307"><value>0</value></field_value><field_value id="770006405"/><field_value id="70000083"/><field_value id="8"><value>na</value></field_value><field_value id="70000082"/><field_value id="7"><value>0</value></field_value><field_value id="6"><value>1378928424</value></field_value><field_value id="770006401"><value>0</value></field_value><field_value id="760000803"/><field_value id="700002239"/><field_value id="5"><value>Demo</value></field_value><field_value id="760000802"/><field_value id="4"/><field_value id="3"><value>1378928424</value></field_value><field_value id="2"><value>Demo</value></field_value><field_value id="1"><value>000000000000325</value></field_value><field_value id="490000700"/><field_value id="700004642"><value>Custom</value></field_value><field_value id="600000090"/><field_value id="700001698"/><field_value id="700001697"/><field_value id="700001696"><value>Are you sure?</value></field_value><field_value id="700001056"/><field_value id="700001695"/><field_value id="700001055"/><field_value id="700001691"/><field_value id="700001690"><value>KD.utils.Action._customAction(window, new KD.utils.ClientAction({elementId:'KSf914e5886a38ae6498ef0a87a6168c832f', jsEvent:'load', source:'bridge', action:KD.utils.Action._customAction, ifExpr:'1==1', actionId:'KSffb62972e568ea6b934631f2462a4d6443', params:["loadAddUpdate();"]}));</value></field_value><field_value id="700000230"><value>KSf914e5886a38ae6498ef0a87a6168c832f</value></field_value><field_value id="700001212"/><field_value id="179"><value>KS0d8aa363ee82ab99cf5b4c5b321ed442ea</value></field_value><field_value id="700007000"/><field_value id="700081207"><value>1==1</value></field_value><field_value id="700004955"/><field_value id="700081202"><value>0</value></field_value><field_value id="700004630"/><field_value id="700001687"/><field_value id="700001686"><value>0</value></field_value><field_value id="700001046"/><field_value id="700001685"><value>1==1</value></field_value><field_value id="700001045"/><field_value id="770000400"/><field_value id="700001044"/><field_value id="700001043"/><field_value id="700000800"><value>KS00505696001CzmYnUgS1UNYA_5rr</value></field_value><field_value id="700001683"/></entry><entry id="000000000000326"><field_value id="700001682"/><field_value id="700001681"/><field_value id="700001680"/><field_value id="700001239"/><field_value id="536870916"/><field_value id="700001202"><value>change</value></field_value><field_value id="600000043"/><field_value id="600000042"/><field_value id="770006505"/><field_value id="700002400"/><field_value id="700004587"><value>Custom</value></field_value><field_value id="710060809"><value>KS3e55f9839ea67fa8ca797ab33c68859102</value></field_value><field_value id="700004585"/><field_value id="770006500"/><field_value id="700004584"><value>KD.utils.Action._customAction</value></field_value><field_value id="700001000"/><field_value id="700004583"><value>AG000C29497A1AuWClRQz13rKgcxoA</value></field_value><field_value id="70000088"/><field_value id="700004582"><value>Expose helper bridge</value></field_value><field_value id="700002304"/><field_value id="70000087"/><field_value id="700002303"><value>KSf914e5886a38ae6498ef0a87a6168c832f</value></field_value><field_value id="770006407"/><field_value id="700073250"><value>1</value></field_value><field_value id="70000085"/><field_value id="770006406"/><field_value id="760001307"><value>0</value></field_value><field_value id="770006405"/><field_value id="70000083"/><field_value id="8"><value>na</value></field_value><field_value id="70000082"/><field_value id="7"><value>0</value></field_value><field_value id="6"><value>1386032802</value></field_value><field_value id="770006401"><value>0</value></field_value><field_value id="760000803"/><field_value id="700002239"/><field_value id="5"><value>Demo</value></field_value><field_value id="760000802"/><field_value id="4"/><field_value id="3"><value>1378928426</value></field_value><field_value id="2"><value>Demo</value></field_value><field_value id="1"><value>000000000000326</value></field_value><field_value id="490000700"/><field_value id="700004642"><value>Custom</value></field_value><field_value id="600000090"/><field_value id="700001698"/><field_value id="700001697"/><field_value id="700001696"><value>Are you sure?</value></field_value><field_value id="700001056"/><field_value id="700001695"/><field_value id="700001055"/><field_value id="700001691"/><field_value id="700001690"><value>clientManager.addAction(new KD.utils.ClientAction({elementId:'KS00505696001C6uMoUgPgreZQj2Hv', jsEvent:'change', source:'bridge', action:KD.utils.Action._customAction, ifExpr:'1==1', actionId:'KS3e55f9839ea67fa8ca797ab33c68859102', params:''}));</value></field_value><field_value id="700000230"><value>KS00505696001C6uMoUgPgreZQj2Hv</value></field_value><field_value id="700001212"/><field_value id="179"><value>KSd661c570cf9463f6b38962d00c690802b0</value></field_value><field_value id="700007000"/><field_value id="700081207"><value>1==1</value></field_value><field_value id="700004955"/><field_value id="700081202"/><field_value id="700004630"/><field_value id="700001687"/><field_value id="700001686"><value>0</value></field_value><field_value id="700001046"/><field_value id="700001685"><value>1==1</value></field_value><field_value id="700001045"/><field_value id="770000400"/><field_value id="700001044"/><field_value id="700001043"/><field_value id="700000800"><value>KS00505696001CzmYnUgS1UNYA_5rr</value></field_value><field_value id="700001683"/></entry><entry id="000000000000327"><field_value id="700001682"/><field_value id="700001681"/><field_value id="700001680"><value>"KS00505696001CFmknUgoj0WYAeKLr":{"KS00505696001CFmknUgoj0WYAeKLr":"&lt;FLD&gt;ListCharacter Fi;KS00505696001CRZAwUgsU_XgwZAgD&lt;/FLD&gt; ","visible":"","sort_order":"1","table_label":"","fire":"false"}</value></field_value><field_value id="700001239"/><field_value id="536870916"/><field_value id="700001202"><value>change</value></field_value><field_value id="600000043"/><field_value id="600000042"/><field_value id="770006505"/><field_value id="700002400"/><field_value id="700004587"><value>Set Fields - Internal</value></field_value><field_value id="710060809"/><field_value id="700004585"/><field_value id="770006500"/><field_value id="700004584"><value>KD.utils.Action._setInternalFieldValues</value></field_value><field_value id="700001000"/><field_value id="700004583"><value>AG000C29497A1A4FTHRQNkmSFA1RAA</value></field_value><field_value id="70000088"/><field_value id="700004582"><value>Set Character Value</value></field_value><field_value id="700002304"/><field_value id="70000087"/><field_value id="700002303"><value>KSf914e5886a38ae6498ef0a87a6168c832f</value></field_value><field_value id="770006407"/><field_value id="700073250"><value>1</value></field_value><field_value id="70000085"/><field_value id="770006406"/><field_value id="760001307"/><field_value id="770006405"/><field_value id="70000083"/><field_value id="8"><value>na</value></field_value><field_value id="70000082"/><field_value id="7"><value>0</value></field_value><field_value id="6"><value>1379400030</value></field_value><field_value id="770006401"><value>0</value></field_value><field_value id="760000803"/><field_value id="700002239"/><field_value id="5"><value>Demo</value></field_value><field_value id="760000802"/><field_value id="4"/><field_value id="3"><value>1378928432</value></field_value><field_value id="2"><value>Demo</value></field_value><field_value id="1"><value>000000000000327</value></field_value><field_value id="490000700"><value>ID00505696001CGc83Ug3DFvDAHa4H</value></field_value><field_value id="700004642"><value>Set Fields - Internal</value></field_value><field_value id="600000090"/><field_value id="700001698"/><field_value id="700001697"/><field_value id="700001696"><value>Are you sure?</value></field_value><field_value id="700001056"/><field_value id="700001695"/><field_value id="700001055"/><field_value id="700001691"/><field_value id="700001690"><value>clientManager.addAction(new KD.utils.ClientAction({elementId:'KS00505696001CRZAwUgsU_XgwZAgD', jsEvent:'change', source:'', action:KD.utils.Action._setInternalFieldValues, ifExpr:'1==1', actionId:'', synchronous:false, timeout:0, params:[[],'{"SetFields":[{"KS00505696001CFmknUgoj0WYAeKLr":{"KS00505696001CFmknUgoj0WYAeKLr":"&lt;FLD&gt;ListCharacter Fi;KS00505696001CRZAwUgsU_XgwZAgD&lt;/FLD&gt; ","visible":"","sort_order":"1","table_label":"","fire":"false"}}]}']}));</value></field_value><field_value id="700000230"><value>KS00505696001CRZAwUgsU_XgwZAgD</value></field_value><field_value id="700001212"/><field_value id="179"><value>KS313f1ff0939b69271463382a72e5a3f577</value></field_value><field_value id="700007000"/><field_value id="700081207"><value>1==1</value></field_value><field_value id="700004955"/><field_value id="700081202"/><field_value id="700004630"/><field_value id="700001687"/><field_value id="700001686"><value>0</value></field_value><field_value id="700001046"/><field_value id="700001685"><value>1==1</value></field_value><field_value id="700001045"/><field_value id="770000400"/><field_value id="700001044"/><field_value id="700001043"/><field_value id="700000800"><value>KS00505696001CzmYnUgS1UNYA_5rr</value></field_value><field_value id="700001683"/></entry><entry id="000000000000328"><field_value id="700001682"/><field_value id="700001681"/><field_value id="700001680"><value>"KS00505696001COGknUgE8MWYA86Lr":{"KS00505696001COGknUgE8MWYA86Lr":"&lt;FLD&gt;ListCharacter Fi;KS6e5ef3c1f604c8a394254f0579890627b1&lt;/FLD&gt; ","visible":"","sort_order":"1","table_label":"","fire":"false"}</value></field_value><field_value id="700001239"/><field_value id="536870916"/><field_value id="700001202"><value>change</value></field_value><field_value id="600000043"/><field_value id="600000042"/><field_value id="770006505"/><field_value id="700002400"/><field_value id="700004587"><value>Set Fields - Internal</value></field_value><field_value id="710060809"/><field_value id="700004585"/><field_value id="770006500"/><field_value id="700004584"><value>KD.utils.Action._setInternalFieldValues</value></field_value><field_value id="700001000"/><field_value id="700004583"><value>AG000C29497A1A4FTHRQNkmSFA1RAA</value></field_value><field_value id="70000088"/><field_value id="700004582"><value>Set Character Value</value></field_value><field_value id="700002304"/><field_value id="70000087"/><field_value id="700002303"><value>KSf914e5886a38ae6498ef0a87a6168c832f</value></field_value><field_value id="770006407"/><field_value id="700073250"><value>1</value></field_value><field_value id="70000085"/><field_value id="770006406"/><field_value id="760001307"/><field_value id="770006405"/><field_value id="70000083"/><field_value id="8"><value>na</value></field_value><field_value id="70000082"/><field_value id="7"><value>0</value></field_value><field_value id="6"><value>1379400041</value></field_value><field_value id="770006401"><value>0</value></field_value><field_value id="760000803"/><field_value id="700002239"/><field_value id="5"><value>Demo</value></field_value><field_value id="760000802"/><field_value id="4"/><field_value id="3"><value>1378928434</value></field_value><field_value id="2"><value>Demo</value></field_value><field_value id="1"><value>000000000000328</value></field_value><field_value id="490000700"><value>ID00505696001CMc83UgnY1vDAba4H</value></field_value><field_value id="700004642"><value>Set Fields - Internal</value></field_value><field_value id="600000090"/><field_value id="700001698"/><field_value id="700001697"/><field_value id="700001696"><value>Are you sure?</value></field_value><field_value id="700001056"/><field_value id="700001695"/><field_value id="700001055"/><field_value id="700001691"/><field_value id="700001690"><value>clientManager.addAction(new KD.utils.ClientAction({elementId:'KS6e5ef3c1f604c8a394254f0579890627b1', jsEvent:'change', source:'', action:KD.utils.Action._setInternalFieldValues, ifExpr:'1==1', actionId:'', synchronous:false, timeout:0, params:[[],'{"SetFields":[{"KS00505696001COGknUgE8MWYA86Lr":{"KS00505696001COGknUgE8MWYA86Lr":"&lt;FLD&gt;ListCharacter Fi;KS6e5ef3c1f604c8a394254f0579890627b1&lt;/FLD&gt; ","visible":"","sort_order":"1","table_label":"","fire":"false"}}]}']}));</value></field_value><field_value id="700000230"><value>KS6e5ef3c1f604c8a394254f0579890627b1</value></field_value><field_value id="700001212"/><field_value id="179"><value>KSb9f663392068d6f5d113171d27bd36a45b</value></field_value><field_value id="700007000"/><field_value id="700081207"><value>1==1</value></field_value><field_value id="700004955"/><field_value id="700081202"/><field_value id="700004630"/><field_value id="700001687"/><field_value id="700001686"><value>0</value></field_value><field_value id="700001046"/><field_value id="700001685"><value>1==1</value></field_value><field_value id="700001045"/><field_value id="770000400"/><field_value id="700001044"/><field_value id="700001043"/><field_value id="700000800"><value>KS00505696001CzmYnUgS1UNYA_5rr</value></field_value><field_value id="700001683"/></entry><entry id="000000000000329"><field_value id="700001682"/><field_value id="700001681"/><field_value id="700001680"><value>"KS00505696001CTWknUgABUXYAUqPr":{"KS00505696001CTWknUgABUXYAUqPr":"&lt;FLD&gt;ListCharacter Fi;KSc8dec9f6da6831155e720bc366933fde23&lt;/FLD&gt; ","visible":"","sort_order":"1","table_label":"","fire":"false"}</value></field_value><field_value id="700001239"/><field_value id="536870916"/><field_value id="700001202"><value>change</value></field_value><field_value id="600000043"/><field_value id="600000042"/><field_value id="770006505"/><field_value id="700002400"/><field_value id="700004587"><value>Set Fields - Internal</value></field_value><field_value id="710060809"/><field_value id="700004585"/><field_value id="770006500"/><field_value id="700004584"><value>KD.utils.Action._setInternalFieldValues</value></field_value><field_value id="700001000"/><field_value id="700004583"><value>AG000C29497A1A4FTHRQNkmSFA1RAA</value></field_value><field_value id="70000088"/><field_value id="700004582"><value>Set Character Value</value></field_value><field_value id="700002304"/><field_value id="70000087"/><field_value id="700002303"><value>KSf914e5886a38ae6498ef0a87a6168c832f</value></field_value><field_value id="770006407"/><field_value id="700073250"><value>1</value></field_value><field_value id="70000085"/><field_value id="770006406"/><field_value id="760001307"/><field_value id="770006405"/><field_value id="70000083"/><field_value id="8"><value>na</value></field_value><field_value id="70000082"/><field_value id="7"><value>0</value></field_value><field_value id="6"><value>1379400053</value></field_value><field_value id="770006401"><value>0</value></field_value><field_value id="760000803"/><field_value id="700002239"/><field_value id="5"><value>Demo</value></field_value><field_value id="760000802"/><field_value id="4"/><field_value id="3"><value>1378928436</value></field_value><field_value id="2"><value>Demo</value></field_value><field_value id="1"><value>000000000000329</value></field_value><field_value id="490000700"><value>ID00505696001CPM83Ug8LtvDAn64H</value></field_value><field_value id="700004642"><value>Set Fields - Internal</value></field_value><field_value id="600000090"/><field_value id="700001698"/><field_value id="700001697"/><field_value id="700001696"><value>Are you sure?</value></field_value><field_value id="700001056"/><field_value id="700001695"/><field_value id="700001055"/><field_value id="700001691"/><field_value id="700001690"><value>clientManager.addAction(new KD.utils.ClientAction({elementId:'KSc8dec9f6da6831155e720bc366933fde23', jsEvent:'change', source:'', action:KD.utils.Action._setInternalFieldValues, ifExpr:'1==1', actionId:'', synchronous:false, timeout:0, params:[[],'{"SetFields":[{"KS00505696001CTWknUgABUXYAUqPr":{"KS00505696001CTWknUgABUXYAUqPr":"&lt;FLD&gt;ListCharacter Fi;KSc8dec9f6da6831155e720bc366933fde23&lt;/FLD&gt; ","visible":"","sort_order":"1","table_label":"","fire":"false"}}]}']}));</value></field_value><field_value id="700000230"><value>KSc8dec9f6da6831155e720bc366933fde23</value></field_value><field_value id="700001212"/><field_value id="179"><value>KS5eb10a03f4f39b2def692a767fd5b7ed3b</value></field_value><field_value id="700007000"/><field_value id="700081207"><value>1==1</value></field_value><field_value id="700004955"/><field_value id="700081202"/><field_value id="700004630"/><field_value id="700001687"/><field_value id="700001686"><value>0</value></field_value><field_value id="700001046"/><field_value id="700001685"><value>1==1</value></field_value><field_value id="700001045"/><field_value id="770000400"/><field_value id="700001044"/><field_value id="700001043"/><field_value id="700000800"><value>KS00505696001CzmYnUgS1UNYA_5rr</value></field_value><field_value id="700001683"/></entry><entry id="000000000000330"><field_value id="700001682"/><field_value id="700001681"/><field_value id="700001680"><value>"KS00505696001CaGknUgLn0XYAvKPr":{"KS00505696001CaGknUgLn0XYAvKPr":"&lt;FLD&gt;ListCharacter Fi;KS6458fa6655f79512b50def7d3bb5cc429a&lt;/FLD&gt; ","visible":"","sort_order":"1","table_label":"","fire":"false"}</value></field_value><field_value id="700001239"/><field_value id="536870916"/><field_value id="700001202"><value>change</value></field_value><field_value id="600000043"/><field_value id="600000042"/><field_value id="770006505"/><field_value id="700002400"/><field_value id="700004587"><value>Set Fields - Internal</value></field_value><field_value id="710060809"/><field_value id="700004585"/><field_value id="770006500"/><field_value id="700004584"><value>KD.utils.Action._setInternalFieldValues</value></field_value><field_value id="700001000"/><field_value id="700004583"><value>AG000C29497A1A4FTHRQNkmSFA1RAA</value></field_value><field_value id="70000088"/><field_value id="700004582"><value>Set Character Value</value></field_value><field_value id="700002304"/><field_value id="70000087"/><field_value id="700002303"><value>KSf914e5886a38ae6498ef0a87a6168c832f</value></field_value><field_value id="770006407"/><field_value id="700073250"><value>1</value></field_value><field_value id="70000085"/><field_value id="770006406"/><field_value id="760001307"/><field_value id="770006405"/><field_value id="70000083"/><field_value id="8"><value>na</value></field_value><field_value id="70000082"/><field_value id="7"><value>0</value></field_value><field_value id="6"><value>1379400064</value></field_value><field_value id="770006401"><value>0</value></field_value><field_value id="760000803"/><field_value id="700002239"/><field_value id="5"><value>Demo</value></field_value><field_value id="760000802"/><field_value id="4"/><field_value id="3"><value>1378928438</value></field_value><field_value id="2"><value>Demo</value></field_value><field_value id="1"><value>000000000000330</value></field_value><field_value id="490000700"><value>ID00505696001CR883Ug7uZvDA0K4H</value></field_value><field_value id="700004642"><value>Set Fields - Internal</value></field_value><field_value id="600000090"/><field_value id="700001698"/><field_value id="700001697"/><field_value id="700001696"><value>Are you sure?</value></field_value><field_value id="700001056"/><field_value id="700001695"/><field_value id="700001055"/><field_value id="700001691"/><field_value id="700001690"><value>clientManager.addAction(new KD.utils.ClientAction({elementId:'KS6458fa6655f79512b50def7d3bb5cc429a', jsEvent:'change', source:'', action:KD.utils.Action._setInternalFieldValues, ifExpr:'1==1', actionId:'', synchronous:false, timeout:0, params:[[],'{"SetFields":[{"KS00505696001CaGknUgLn0XYAvKPr":{"KS00505696001CaGknUgLn0XYAvKPr":"&lt;FLD&gt;ListCharacter Fi;KS6458fa6655f79512b50def7d3bb5cc429a&lt;/FLD&gt; ","visible":"","sort_order":"1","table_label":"","fire":"false"}}]}']}));</value></field_value><field_value id="700000230"><value>KS6458fa6655f79512b50def7d3bb5cc429a</value></field_value><field_value id="700001212"/><field_value id="179"><value>KSc9fcd1655ba2bb3fff228b64e983d53159</value></field_value><field_value id="700007000"/><field_value id="700081207"><value>1==1</value></field_value><field_value id="700004955"/><field_value id="700081202"/><field_value id="700004630"/><field_value id="700001687"/><field_value id="700001686"><value>0</value></field_value><field_value id="700001046"/><field_value id="700001685"><value>1==1</value></field_value><field_value id="700001045"/><field_value id="770000400"/><field_value id="700001044"/><field_value id="700001043"/><field_value id="700000800"><value>KS00505696001CzmYnUgS1UNYA_5rr</value></field_value><field_value id="700001683"/></entry><entry id="000000000000331"><field_value id="700001682"/><field_value id="700001681"/><field_value id="700001680"><value>"KS00505696001CfmknUgAdQXYAGqTr":{"KS00505696001CfmknUgAdQXYAGqTr":"&lt;FLD&gt;ListCharacter Fi;KS3b2cf69c71c086164f3dccee621595f22d&lt;/FLD&gt; ","visible":"","sort_order":"1","table_label":"","fire":"false"}</value></field_value><field_value id="700001239"/><field_value id="536870916"/><field_value id="700001202"><value>change</value></field_value><field_value id="600000043"/><field_value id="600000042"/><field_value id="770006505"/><field_value id="700002400"/><field_value id="700004587"><value>Set Fields - Internal</value></field_value><field_value id="710060809"/><field_value id="700004585"/><field_value id="770006500"/><field_value id="700004584"><value>KD.utils.Action._setInternalFieldValues</value></field_value><field_value id="700001000"/><field_value id="700004583"><value>AG000C29497A1A4FTHRQNkmSFA1RAA</value></field_value><field_value id="70000088"/><field_value id="700004582"><value>Set Character Value</value></field_value><field_value id="700002304"/><field_value id="70000087"/><field_value id="700002303"><value>KSf914e5886a38ae6498ef0a87a6168c832f</value></field_value><field_value id="770006407"/><field_value id="700073250"><value>1</value></field_value><field_value id="70000085"/><field_value id="770006406"/><field_value id="760001307"/><field_value id="770006405"/><field_value id="70000083"/><field_value id="8"><value>na</value></field_value><field_value id="70000082"/><field_value id="7"><value>0</value></field_value><field_value id="6"><value>1379400073</value></field_value><field_value id="770006401"><value>0</value></field_value><field_value id="760000803"/><field_value id="700002239"/><field_value id="5"><value>Demo</value></field_value><field_value id="760000802"/><field_value id="4"/><field_value id="3"><value>1378928440</value></field_value><field_value id="2"><value>Demo</value></field_value><field_value id="1"><value>000000000000331</value></field_value><field_value id="490000700"><value>ID00505696001CUs83UgIxBwDA_64H</value></field_value><field_value id="700004642"><value>Set Fields - Internal</value></field_value><field_value id="600000090"/><field_value id="700001698"/><field_value id="700001697"/><field_value id="700001696"><value>Are you sure?</value></field_value><field_value id="700001056"/><field_value id="700001695"/><field_value id="700001055"/><field_value id="700001691"/><field_value id="700001690"><value>clientManager.addAction(new KD.utils.ClientAction({elementId:'KS3b2cf69c71c086164f3dccee621595f22d', jsEvent:'change', source:'', action:KD.utils.Action._setInternalFieldValues, ifExpr:'1==1', actionId:'', synchronous:false, timeout:0, params:[[],'{"SetFields":[{"KS00505696001CfmknUgAdQXYAGqTr":{"KS00505696001CfmknUgAdQXYAGqTr":"&lt;FLD&gt;ListCharacter Fi;KS3b2cf69c71c086164f3dccee621595f22d&lt;/FLD&gt; ","visible":"","sort_order":"1","table_label":"","fire":"false"}}]}']}));</value></field_value><field_value id="700000230"><value>KS3b2cf69c71c086164f3dccee621595f22d</value></field_value><field_value id="700001212"/><field_value id="179"><value>KS40c3351e1d0b7387743c81553f3994d961</value></field_value><field_value id="700007000"/><field_value id="700081207"><value>1==1</value></field_value><field_value id="700004955"/><field_value id="700081202"/><field_value id="700004630"/><field_value id="700001687"/><field_value id="700001686"><value>0</value></field_value><field_value id="700001046"/><field_value id="700001685"><value>1==1</value></field_value><field_value id="700001045"/><field_value id="770000400"/><field_value id="700001044"/><field_value id="700001043"/><field_value id="700000800"><value>KS00505696001CzmYnUgS1UNYA_5rr</value></field_value><field_value id="700001683"/></entry><entry id="000000000000332"><field_value id="700001682"/><field_value id="700001681"/><field_value id="700001680"><value>"KS00505696001CsmknUg_Z8YYA2aTr":{"KS00505696001CsmknUg_Z8YYA2aTr":"&lt;FLD&gt;ListCharacter Fi;KS50fca3fe0d08cc5f26e3070067909d2efc&lt;/FLD&gt; ","visible":"","sort_order":"1","table_label":"","fire":"false"}</value></field_value><field_value id="700001239"/><field_value id="536870916"/><field_value id="700001202"><value>change</value></field_value><field_value id="600000043"/><field_value id="600000042"/><field_value id="770006505"/><field_value id="700002400"/><field_value id="700004587"><value>Set Fields - Internal</value></field_value><field_value id="710060809"/><field_value id="700004585"/><field_value id="770006500"/><field_value id="700004584"><value>KD.utils.Action._setInternalFieldValues</value></field_value><field_value id="700001000"/><field_value id="700004583"><value>AG000C29497A1A4FTHRQNkmSFA1RAA</value></field_value><field_value id="70000088"/><field_value id="700004582"><value>Set Character Value</value></field_value><field_value id="700002304"/><field_value id="70000087"/><field_value id="700002303"><value>KSf914e5886a38ae6498ef0a87a6168c832f</value></field_value><field_value id="770006407"/><field_value id="700073250"><value>1</value></field_value><field_value id="70000085"/><field_value id="770006406"/><field_value id="760001307"/><field_value id="770006405"/><field_value id="70000083"/><field_value id="8"><value>na</value></field_value><field_value id="70000082"/><field_value id="7"><value>0</value></field_value><field_value id="6"><value>1379400084</value></field_value><field_value id="770006401"><value>0</value></field_value><field_value id="760000803"/><field_value id="700002239"/><field_value id="5"><value>Demo</value></field_value><field_value id="760000802"/><field_value id="4"/><field_value id="3"><value>1378928442</value></field_value><field_value id="2"><value>Demo</value></field_value><field_value id="1"><value>000000000000332</value></field_value><field_value id="490000700"><value>ID00505696001CXM83UgQjdwDALa8H</value></field_value><field_value id="700004642"><value>Set Fields - Internal</value></field_value><field_value id="600000090"/><field_value id="700001698"/><field_value id="700001697"/><field_value id="700001696"><value>Are you sure?</value></field_value><field_value id="700001056"/><field_value id="700001695"/><field_value id="700001055"/><field_value id="700001691"/><field_value id="700001690"><value>clientManager.addAction(new KD.utils.ClientAction({elementId:'KS50fca3fe0d08cc5f26e3070067909d2efc', jsEvent:'change', source:'', action:KD.utils.Action._setInternalFieldValues, ifExpr:'1==1', actionId:'', synchronous:false, timeout:0, params:[[],'{"SetFields":[{"KS00505696001CsmknUg_Z8YYA2aTr":{"KS00505696001CsmknUg_Z8YYA2aTr":"&lt;FLD&gt;ListCharacter Fi;KS50fca3fe0d08cc5f26e3070067909d2efc&lt;/FLD&gt; ","visible":"","sort_order":"1","table_label":"","fire":"false"}}]}']}));</value></field_value><field_value id="700000230"><value>KS50fca3fe0d08cc5f26e3070067909d2efc</value></field_value><field_value id="700001212"/><field_value id="179"><value>KS7e99f29274f8ae1562bb7f98f7201c8612</value></field_value><field_value id="700007000"/><field_value id="700081207"><value>1==1</value></field_value><field_value id="700004955"/><field_value id="700081202"/><field_value id="700004630"/><field_value id="700001687"/><field_value id="700001686"><value>0</value></field_value><field_value id="700001046"/><field_value id="700001685"><value>1==1</value></field_value><field_value id="700001045"/><field_value id="770000400"/><field_value id="700001044"/><field_value id="700001043"/><field_value id="700000800"><value>KS00505696001CzmYnUgS1UNYA_5rr</value></field_value><field_value id="700001683"/></entry><entry id="000000000000333"><field_value id="700001682"/><field_value id="700001681"/><field_value id="700001680"><value>"KS00505696001C32knUgNlEZYAaKXr":{"KS00505696001C32knUgNlEZYAaKXr":"&lt;FLD&gt;ListCharacter Fi;KSa247172ceac7bec7869d93e577bdf5ae7b&lt;/FLD&gt; ","visible":"","sort_order":"1","table_label":"","fire":"false"}</value></field_value><field_value id="700001239"/><field_value id="536870916"/><field_value id="700001202"><value>change</value></field_value><field_value id="600000043"/><field_value id="600000042"/><field_value id="770006505"/><field_value id="700002400"/><field_value id="700004587"><value>Set Fields - Internal</value></field_value><field_value id="710060809"/><field_value id="700004585"/><field_value id="770006500"/><field_value id="700004584"><value>KD.utils.Action._setInternalFieldValues</value></field_value><field_value id="700001000"/><field_value id="700004583"><value>AG000C29497A1A4FTHRQNkmSFA1RAA</value></field_value><field_value id="70000088"/><field_value id="700004582"><value>Set Character Value</value></field_value><field_value id="700002304"/><field_value id="70000087"/><field_value id="700002303"><value>KSf914e5886a38ae6498ef0a87a6168c832f</value></field_value><field_value id="770006407"/><field_value id="700073250"><value>1</value></field_value><field_value id="70000085"/><field_value id="770006406"/><field_value id="760001307"/><field_value id="770006405"/><field_value id="70000083"/><field_value id="8"><value>na</value></field_value><field_value id="70000082"/><field_value id="7"><value>0</value></field_value><field_value id="6"><value>1379400094</value></field_value><field_value id="770006401"><value>0</value></field_value><field_value id="760000803"/><field_value id="700002239"/><field_value id="5"><value>Demo</value></field_value><field_value id="760000802"/><field_value id="4"/><field_value id="3"><value>1378928444</value></field_value><field_value id="2"><value>Demo</value></field_value><field_value id="1"><value>000000000000333</value></field_value><field_value id="490000700"><value>ID00505696001CZs83UgJGBwDAYa8H</value></field_value><field_value id="700004642"><value>Set Fields - Internal</value></field_value><field_value id="600000090"/><field_value id="700001698"/><field_value id="700001697"/><field_value id="700001696"><value>Are you sure?</value></field_value><field_value id="700001056"/><field_value id="700001695"/><field_value id="700001055"/><field_value id="700001691"/><field_value id="700001690"><value>clientManager.addAction(new KD.utils.ClientAction({elementId:'KSa247172ceac7bec7869d93e577bdf5ae7b', jsEvent:'change', source:'', action:KD.utils.Action._setInternalFieldValues, ifExpr:'1==1', actionId:'', synchronous:false, timeout:0, params:[[],'{"SetFields":[{"KS00505696001C32knUgNlEZYAaKXr":{"KS00505696001C32knUgNlEZYAaKXr":"&lt;FLD&gt;ListCharacter Fi;KSa247172ceac7bec7869d93e577bdf5ae7b&lt;/FLD&gt; ","visible":"","sort_order":"1","table_label":"","fire":"false"}}]}']}));</value></field_value><field_value id="700000230"><value>KSa247172ceac7bec7869d93e577bdf5ae7b</value></field_value><field_value id="700001212"/><field_value id="179"><value>KS568c8388f5a190196be23f79526a72e3cd</value></field_value><field_value id="700007000"/><field_value id="700081207"><value>1==1</value></field_value><field_value id="700004955"/><field_value id="700081202"/><field_value id="700004630"/><field_value id="700001687"/><field_value id="700001686"><value>0</value></field_value><field_value id="700001046"/><field_value id="700001685"><value>1==1</value></field_value><field_value id="700001045"/><field_value id="770000400"/><field_value id="700001044"/><field_value id="700001043"/><field_value id="700000800"><value>KS00505696001CzmYnUgS1UNYA_5rr</value></field_value><field_value id="700001683"/></entry><entry id="000000000000334"><field_value id="700001682"/><field_value id="700001681"/><field_value id="700001680"><value>"KS00505696001C-GknUgcLAZYAzKXr":{"KS00505696001C-GknUgcLAZYAzKXr":"&lt;FLD&gt;ListCharacter Fi;KSc03f60c5f98163f9ae128b269efd088aab&lt;/FLD&gt; ","visible":"","sort_order":"1","table_label":"","fire":"false"}</value></field_value><field_value id="700001239"/><field_value id="536870916"/><field_value id="700001202"><value>change</value></field_value><field_value id="600000043"/><field_value id="600000042"/><field_value id="770006505"/><field_value id="700002400"/><field_value id="700004587"><value>Set Fields - Internal</value></field_value><field_value id="710060809"/><field_value id="700004585"/><field_value id="770006500"/><field_value id="700004584"><value>KD.utils.Action._setInternalFieldValues</value></field_value><field_value id="700001000"/><field_value id="700004583"><value>AG000C29497A1A4FTHRQNkmSFA1RAA</value></field_value><field_value id="70000088"/><field_value id="700004582"><value>Set Character Value</value></field_value><field_value id="700002304"/><field_value id="70000087"/><field_value id="700002303"><value>KSf914e5886a38ae6498ef0a87a6168c832f</value></field_value><field_value id="770006407"/><field_value id="700073250"><value>1</value></field_value><field_value id="70000085"/><field_value id="770006406"/><field_value id="760001307"/><field_value id="770006405"/><field_value id="70000083"/><field_value id="8"><value>na</value></field_value><field_value id="70000082"/><field_value id="7"><value>0</value></field_value><field_value id="6"><value>1379400105</value></field_value><field_value id="770006401"><value>0</value></field_value><field_value id="760000803"/><field_value id="700002239"/><field_value id="5"><value>Demo</value></field_value><field_value id="760000802"/><field_value id="4"/><field_value id="3"><value>1378928446</value></field_value><field_value id="2"><value>Demo</value></field_value><field_value id="1"><value>000000000000334</value></field_value><field_value id="490000700"><value>ID00505696001Ccc83UgLohwDArK8H</value></field_value><field_value id="700004642"><value>Set Fields - Internal</value></field_value><field_value id="600000090"/><field_value id="700001698"/><field_value id="700001697"/><field_value id="700001696"><value>Are you sure?</value></field_value><field_value id="700001056"/><field_value id="700001695"/><field_value id="700001055"/><field_value id="700001691"/><field_value id="700001690"><value>clientManager.addAction(new KD.utils.ClientAction({elementId:'KSc03f60c5f98163f9ae128b269efd088aab', jsEvent:'change', source:'', action:KD.utils.Action._setInternalFieldValues, ifExpr:'1==1', actionId:'', synchronous:false, timeout:0, params:[[],'{"SetFields":[{"KS00505696001C-GknUgcLAZYAzKXr":{"KS00505696001C-GknUgcLAZYAzKXr":"&lt;FLD&gt;ListCharacter Fi;KSc03f60c5f98163f9ae128b269efd088aab&lt;/FLD&gt; ","visible":"","sort_order":"1","table_label":"","fire":"false"}}]}']}));</value></field_value><field_value id="700000230"><value>KSc03f60c5f98163f9ae128b269efd088aab</value></field_value><field_value id="700001212"/><field_value id="179"><value>KS16dac16e75d77d805a033ed49b40f9f2f5</value></field_value><field_value id="700007000"/><field_value id="700081207"><value>1==1</value></field_value><field_value id="700004955"/><field_value id="700081202"/><field_value id="700004630"/><field_value id="700001687"/><field_value id="700001686"><value>0</value></field_value><field_value id="700001046"/><field_value id="700001685"><value>1==1</value></field_value><field_value id="700001045"/><field_value id="770000400"/><field_value id="700001044"/><field_value id="700001043"/><field_value id="700000800"><value>KS00505696001CzmYnUgS1UNYA_5rr</value></field_value><field_value id="700001683"/></entry><entry id="000000000000335"><field_value id="700001682"/><field_value id="700001681"/><field_value id="700001680"><value>"KS00505696001CFGonUgZB0aYAOabr":{"KS00505696001CFGonUgZB0aYAOabr":"&lt;FLD&gt;ListCharacter Fi;KSabfe41ff10a756b63856333d34037d1872&lt;/FLD&gt; ","visible":"","sort_order":"1","table_label":"","fire":"false"}</value></field_value><field_value id="700001239"/><field_value id="536870916"/><field_value id="700001202"><value>change</value></field_value><field_value id="600000043"/><field_value id="600000042"/><field_value id="770006505"/><field_value id="700002400"/><field_value id="700004587"><value>Set Fields - Internal</value></field_value><field_value id="710060809"/><field_value id="700004585"/><field_value id="770006500"/><field_value id="700004584"><value>KD.utils.Action._setInternalFieldValues</value></field_value><field_value id="700001000"/><field_value id="700004583"><value>AG000C29497A1A4FTHRQNkmSFA1RAA</value></field_value><field_value id="70000088"/><field_value id="700004582"><value>Set Character Value</value></field_value><field_value id="700002304"/><field_value id="70000087"/><field_value id="700002303"><value>KSf914e5886a38ae6498ef0a87a6168c832f</value></field_value><field_value id="770006407"/><field_value id="700073250"><value>1</value></field_value><field_value id="70000085"/><field_value id="770006406"/><field_value id="760001307"/><field_value id="770006405"/><field_value id="70000083"/><field_value id="8"><value>na</value></field_value><field_value id="70000082"/><field_value id="7"><value>0</value></field_value><field_value id="6"><value>1379400118</value></field_value><field_value id="770006401"><value>0</value></field_value><field_value id="760000803"/><field_value id="700002239"/><field_value id="5"><value>Demo</value></field_value><field_value id="760000802"/><field_value id="4"/><field_value id="3"><value>1378928448</value></field_value><field_value id="2"><value>Demo</value></field_value><field_value id="1"><value>000000000000335</value></field_value><field_value id="490000700"><value>ID00505696001Cfc83Ug1LhwDA368H</value></field_value><field_value id="700004642"><value>Set Fields - Internal</value></field_value><field_value id="600000090"/><field_value id="700001698"/><field_value id="700001697"/><field_value id="700001696"><value>Are you sure?</value></field_value><field_value id="700001056"/><field_value id="700001695"/><field_value id="700001055"/><field_value id="700001691"/><field_value id="700001690"><value>clientManager.addAction(new KD.utils.ClientAction({elementId:'KSabfe41ff10a756b63856333d34037d1872', jsEvent:'change', source:'', action:KD.utils.Action._setInternalFieldValues, ifExpr:'1==1', actionId:'', synchronous:false, timeout:0, params:[[],'{"SetFields":[{"KS00505696001CFGonUgZB0aYAOabr":{"KS00505696001CFGonUgZB0aYAOabr":"&lt;FLD&gt;ListCharacter Fi;KSabfe41ff10a756b63856333d34037d1872&lt;/FLD&gt; ","visible":"","sort_order":"1","table_label":"","fire":"false"}}]}']}));</value></field_value><field_value id="700000230"><value>KSabfe41ff10a756b63856333d34037d1872</value></field_value><field_value id="700001212"/><field_value id="179"><value>KS72a8b942f58cef1faafa44d2fbeae634ad</value></field_value><field_value id="700007000"/><field_value id="700081207"><value>1==1</value></field_value><field_value id="700004955"/><field_value id="700081202"/><field_value id="700004630"/><field_value id="700001687"/><field_value id="700001686"><value>0</value></field_value><field_value id="700001046"/><field_value id="700001685"><value>1==1</value></field_value><field_value id="700001045"/><field_value id="770000400"/><field_value id="700001044"/><field_value id="700001043"/><field_value id="700000800"><value>KS00505696001CzmYnUgS1UNYA_5rr</value></field_value><field_value id="700001683"/></entry><entry id="000000000000336"><field_value id="700001682"/><field_value id="700001681"/><field_value id="700001680"><value>"KS00505696001CQ2onUgQNcaYAyqbr":{"KS00505696001CQ2onUgQNcaYAyqbr":"&lt;FLD&gt;ListCharacter Fi;KS3a66beae7ac2334a14f908904091f02f12&lt;/FLD&gt; ","visible":"","sort_order":"1","table_label":"","fire":"false"}</value></field_value><field_value id="700001239"/><field_value id="536870916"/><field_value id="700001202"><value>change</value></field_value><field_value id="600000043"/><field_value id="600000042"/><field_value id="770006505"/><field_value id="700002400"/><field_value id="700004587"><value>Set Fields - Internal</value></field_value><field_value id="710060809"/><field_value id="700004585"/><field_value id="770006500"/><field_value id="700004584"><value>KD.utils.Action._setInternalFieldValues</value></field_value><field_value id="700001000"/><field_value id="700004583"><value>AG000C29497A1A4FTHRQNkmSFA1RAA</value></field_value><field_value id="70000088"/><field_value id="700004582"><value>Set Character Value</value></field_value><field_value id="700002304"/><field_value id="70000087"/><field_value id="700002303"><value>KSf914e5886a38ae6498ef0a87a6168c832f</value></field_value><field_value id="770006407"/><field_value id="700073250"><value>1</value></field_value><field_value id="70000085"/><field_value id="770006406"/><field_value id="760001307"/><field_value id="770006405"/><field_value id="70000083"/><field_value id="8"><value>na</value></field_value><field_value id="70000082"/><field_value id="7"><value>0</value></field_value><field_value id="6"><value>1379400128</value></field_value><field_value id="770006401"><value>0</value></field_value><field_value id="760000803"/><field_value id="700002239"/><field_value id="5"><value>Demo</value></field_value><field_value id="760000802"/><field_value id="4"/><field_value id="3"><value>1378928450</value></field_value><field_value id="2"><value>Demo</value></field_value><field_value id="1"><value>000000000000336</value></field_value><field_value id="490000700"><value>ID00505696001Cic83UgNOhwDAG7AH</value></field_value><field_value id="700004642"><value>Set Fields - Internal</value></field_value><field_value id="600000090"/><field_value id="700001698"/><field_value id="700001697"/><field_value id="700001696"><value>Are you sure?</value></field_value><field_value id="700001056"/><field_value id="700001695"/><field_value id="700001055"/><field_value id="700001691"/><field_value id="700001690"><value>clientManager.addAction(new KD.utils.ClientAction({elementId:'KS3a66beae7ac2334a14f908904091f02f12', jsEvent:'change', source:'', action:KD.utils.Action._setInternalFieldValues, ifExpr:'1==1', actionId:'', synchronous:false, timeout:0, params:[[],'{"SetFields":[{"KS00505696001CQ2onUgQNcaYAyqbr":{"KS00505696001CQ2onUgQNcaYAyqbr":"&lt;FLD&gt;ListCharacter Fi;KS3a66beae7ac2334a14f908904091f02f12&lt;/FLD&gt; ","visible":"","sort_order":"1","table_label":"","fire":"false"}}]}']}));</value></field_value><field_value id="700000230"><value>KS3a66beae7ac2334a14f908904091f02f12</value></field_value><field_value id="700001212"/><field_value id="179"><value>KSe242970ee39355e11ca3d6cf08c72400de</value></field_value><field_value id="700007000"/><field_value id="700081207"><value>1==1</value></field_value><field_value id="700004955"/><field_value id="700081202"/><field_value id="700004630"/><field_value id="700001687"/><field_value id="700001686"><value>0</value></field_value><field_value id="700001046"/><field_value id="700001685"><value>1==1</value></field_value><field_value id="700001045"/><field_value id="770000400"/><field_value id="700001044"/><field_value id="700001043"/><field_value id="700000800"><value>KS00505696001CzmYnUgS1UNYA_5rr</value></field_value><field_value id="700001683"/></entry><entry id="000000000000337"><field_value id="700001682"/><field_value id="700001681"/><field_value id="700001680"><value>"KS00505696001CcWonUg_4sbYAZKfr":{"KS00505696001CcWonUg_4sbYAZKfr":"&lt;FLD&gt;ListCharacter Fi;KS273ded756898e57da2ab096bd46650d2d5&lt;/FLD&gt; ","visible":"","sort_order":"1","table_label":"","fire":"false"}</value></field_value><field_value id="700001239"/><field_value id="536870916"/><field_value id="700001202"><value>change</value></field_value><field_value id="600000043"/><field_value id="600000042"/><field_value id="770006505"/><field_value id="700002400"/><field_value id="700004587"><value>Set Fields - Internal</value></field_value><field_value id="710060809"/><field_value id="700004585"/><field_value id="770006500"/><field_value id="700004584"><value>KD.utils.Action._setInternalFieldValues</value></field_value><field_value id="700001000"/><field_value id="700004583"><value>AG000C29497A1A4FTHRQNkmSFA1RAA</value></field_value><field_value id="70000088"/><field_value id="700004582"><value>Set Character Value</value></field_value><field_value id="700002304"/><field_value id="70000087"/><field_value id="700002303"><value>KSf914e5886a38ae6498ef0a87a6168c832f</value></field_value><field_value id="770006407"/><field_value id="700073250"><value>1</value></field_value><field_value id="70000085"/><field_value id="770006406"/><field_value id="760001307"/><field_value id="770006405"/><field_value id="70000083"/><field_value id="8"><value>na</value></field_value><field_value id="70000082"/><field_value id="7"><value>0</value></field_value><field_value id="6"><value>1379400139</value></field_value><field_value id="770006401"><value>0</value></field_value><field_value id="760000803"/><field_value id="700002239"/><field_value id="5"><value>Demo</value></field_value><field_value id="760000802"/><field_value id="4"/><field_value id="3"><value>1378928451</value></field_value><field_value id="2"><value>Demo</value></field_value><field_value id="1"><value>000000000000337</value></field_value><field_value id="490000700"><value>ID00505696001Ck883Ug8g9xDASrAH</value></field_value><field_value id="700004642"><value>Set Fields - Internal</value></field_value><field_value id="600000090"/><field_value id="700001698"/><field_value id="700001697"/><field_value id="700001696"><value>Are you sure?</value></field_value><field_value id="700001056"/><field_value id="700001695"/><field_value id="700001055"/><field_value id="700001691"/><field_value id="700001690"><value>clientManager.addAction(new KD.utils.ClientAction({elementId:'KS273ded756898e57da2ab096bd46650d2d5', jsEvent:'change', source:'', action:KD.utils.Action._setInternalFieldValues, ifExpr:'1==1', actionId:'', synchronous:false, timeout:0, params:[[],'{"SetFields":[{"KS00505696001CcWonUg_4sbYAZKfr":{"KS00505696001CcWonUg_4sbYAZKfr":"&lt;FLD&gt;ListCharacter Fi;KS273ded756898e57da2ab096bd46650d2d5&lt;/FLD&gt; ","visible":"","sort_order":"1","table_label":"","fire":"false"}}]}']}));</value></field_value><field_value id="700000230"><value>KS273ded756898e57da2ab096bd46650d2d5</value></field_value><field_value id="700001212"/><field_value id="179"><value>KSd934ca4782a28f68aa61112367e2476b91</value></field_value><field_value id="700007000"/><field_value id="700081207"><value>1==1</value></field_value><field_value id="700004955"/><field_value id="700081202"/><field_value id="700004630"/><field_value id="700001687"/><field_value id="700001686"><value>0</value></field_value><field_value id="700001046"/><field_value id="700001685"><value>1==1</value></field_value><field_value id="700001045"/><field_value id="770000400"/><field_value id="700001044"/><field_value id="700001043"/><field_value id="700000800"><value>KS00505696001CzmYnUgS1UNYA_5rr</value></field_value><field_value id="700001683"/></entry><entry id="000000000000338"><field_value id="700001682"/><field_value id="700001681"/><field_value id="700001680"><value>"KS00505696001Cr2onUgWH4cYAE6jr":{"KS00505696001Cr2onUgWH4cYAE6jr":"&lt;FLD&gt;ListCharacter Fi;KSf5b49d2254c3fb1c3a398be25d3c7ec314&lt;/FLD&gt; ","visible":"","sort_order":"1","table_label":"","fire":"false"}</value></field_value><field_value id="700001239"/><field_value id="536870916"/><field_value id="700001202"><value>change</value></field_value><field_value id="600000043"/><field_value id="600000042"/><field_value id="770006505"/><field_value id="700002400"/><field_value id="700004587"><value>Set Fields - Internal</value></field_value><field_value id="710060809"/><field_value id="700004585"/><field_value id="770006500"/><field_value id="700004584"><value>KD.utils.Action._setInternalFieldValues</value></field_value><field_value id="700001000"/><field_value id="700004583"><value>AG000C29497A1A4FTHRQNkmSFA1RAA</value></field_value><field_value id="70000088"/><field_value id="700004582"><value>Set Character Value</value></field_value><field_value id="700002304"/><field_value id="70000087"/><field_value id="700002303"><value>KSf914e5886a38ae6498ef0a87a6168c832f</value></field_value><field_value id="770006407"/><field_value id="700073250"><value>1</value></field_value><field_value id="70000085"/><field_value id="770006406"/><field_value id="760001307"/><field_value id="770006405"/><field_value id="70000083"/><field_value id="8"><value>na</value></field_value><field_value id="70000082"/><field_value id="7"><value>0</value></field_value><field_value id="6"><value>1379400150</value></field_value><field_value id="770006401"><value>0</value></field_value><field_value id="760000803"/><field_value id="700002239"/><field_value id="5"><value>Demo</value></field_value><field_value id="760000802"/><field_value id="4"/><field_value id="3"><value>1378928453</value></field_value><field_value id="2"><value>Demo</value></field_value><field_value id="1"><value>000000000000338</value></field_value><field_value id="490000700"><value>ID00505696001Cns83UgkjlxDAhbAH</value></field_value><field_value id="700004642"><value>Set Fields - Internal</value></field_value><field_value id="600000090"/><field_value id="700001698"/><field_value id="700001697"/><field_value id="700001696"><value>Are you sure?</value></field_value><field_value id="700001056"/><field_value id="700001695"/><field_value id="700001055"/><field_value id="700001691"/><field_value id="700001690"><value>clientManager.addAction(new KD.utils.ClientAction({elementId:'KSf5b49d2254c3fb1c3a398be25d3c7ec314', jsEvent:'change', source:'', action:KD.utils.Action._setInternalFieldValues, ifExpr:'1==1', actionId:'', synchronous:false, timeout:0, params:[[],'{"SetFields":[{"KS00505696001Cr2onUgWH4cYAE6jr":{"KS00505696001Cr2onUgWH4cYAE6jr":"&lt;FLD&gt;ListCharacter Fi;KSf5b49d2254c3fb1c3a398be25d3c7ec314&lt;/FLD&gt; ","visible":"","sort_order":"1","table_label":"","fire":"false"}}]}']}));</value></field_value><field_value id="700000230"><value>KSf5b49d2254c3fb1c3a398be25d3c7ec314</value></field_value><field_value id="700001212"/><field_value id="179"><value>KSbd95362018390b25d1334211099fa28ee0</value></field_value><field_value id="700007000"/><field_value id="700081207"><value>1==1</value></field_value><field_value id="700004955"/><field_value id="700081202"/><field_value id="700004630"/><field_value id="700001687"/><field_value id="700001686"><value>0</value></field_value><field_value id="700001046"/><field_value id="700001685"><value>1==1</value></field_value><field_value id="700001045"/><field_value id="770000400"/><field_value id="700001044"/><field_value id="700001043"/><field_value id="700000800"><value>KS00505696001CzmYnUgS1UNYA_5rr</value></field_value><field_value id="700001683"/></entry><entry id="000000000000339"><field_value id="700001682"/><field_value id="700001681"/><field_value id="700001680"><value>"KS00505696001C0WonUg_wAdYAsajr":{"KS00505696001C0WonUg_wAdYAsajr":"&lt;FLD&gt;ListCharacter Fi;KS76e06ecf8229aaba7b844db9755e822ad1&lt;/FLD&gt; ","visible":"","sort_order":"1","table_label":"","fire":"false"}</value></field_value><field_value id="700001239"/><field_value id="536870916"/><field_value id="700001202"><value>change</value></field_value><field_value id="600000043"/><field_value id="600000042"/><field_value id="770006505"/><field_value id="700002400"/><field_value id="700004587"><value>Set Fields - Internal</value></field_value><field_value id="710060809"/><field_value id="700004585"/><field_value id="770006500"/><field_value id="700004584"><value>KD.utils.Action._setInternalFieldValues</value></field_value><field_value id="700001000"/><field_value id="700004583"><value>AG000C29497A1A4FTHRQNkmSFA1RAA</value></field_value><field_value id="70000088"/><field_value id="700004582"><value>Set Character Value</value></field_value><field_value id="700002304"/><field_value id="70000087"/><field_value id="700002303"><value>KSf914e5886a38ae6498ef0a87a6168c832f</value></field_value><field_value id="770006407"/><field_value id="700073250"><value>1</value></field_value><field_value id="70000085"/><field_value id="770006406"/><field_value id="760001307"/><field_value id="770006405"/><field_value id="70000083"/><field_value id="8"><value>na</value></field_value><field_value id="70000082"/><field_value id="7"><value>0</value></field_value><field_value id="6"><value>1379400161</value></field_value><field_value id="770006401"><value>0</value></field_value><field_value id="760000803"/><field_value id="700002239"/><field_value id="5"><value>Demo</value></field_value><field_value id="760000802"/><field_value id="4"/><field_value id="3"><value>1378928455</value></field_value><field_value id="2"><value>Demo</value></field_value><field_value id="1"><value>000000000000339</value></field_value><field_value id="490000700"><value>ID00505696001Cqc83UgT2NxDAubAH</value></field_value><field_value id="700004642"><value>Set Fields - Internal</value></field_value><field_value id="600000090"/><field_value id="700001698"/><field_value id="700001697"/><field_value id="700001696"><value>Are you sure?</value></field_value><field_value id="700001056"/><field_value id="700001695"/><field_value id="700001055"/><field_value id="700001691"/><field_value id="700001690"><value>clientManager.addAction(new KD.utils.ClientAction({elementId:'KS76e06ecf8229aaba7b844db9755e822ad1', jsEvent:'change', source:'', action:KD.utils.Action._setInternalFieldValues, ifExpr:'1==1', actionId:'', synchronous:false, timeout:0, params:[[],'{"SetFields":[{"KS00505696001C0WonUg_wAdYAsajr":{"KS00505696001C0WonUg_wAdYAsajr":"&lt;FLD&gt;ListCharacter Fi;KS76e06ecf8229aaba7b844db9755e822ad1&lt;/FLD&gt; ","visible":"","sort_order":"1","table_label":"","fire":"false"}}]}']}));</value></field_value><field_value id="700000230"><value>KS76e06ecf8229aaba7b844db9755e822ad1</value></field_value><field_value id="700001212"/><field_value id="179"><value>KSb90593fd4fa2eef2b530cbd2e1bc977f04</value></field_value><field_value id="700007000"/><field_value id="700081207"><value>1==1</value></field_value><field_value id="700004955"/><field_value id="700081202"/><field_value id="700004630"/><field_value id="700001687"/><field_value id="700001686"><value>0</value></field_value><field_value id="700001046"/><field_value id="700001685"><value>1==1</value></field_value><field_value id="700001045"/><field_value id="770000400"/><field_value id="700001044"/><field_value id="700001043"/><field_value id="700000800"><value>KS00505696001CzmYnUgS1UNYA_5rr</value></field_value><field_value id="700001683"/></entry><entry id="000000000000340"><field_value id="700001682"/><field_value id="700001681"/><field_value id="700001680"><value>"KS00505696001C6GonUgmlkdYAEanr":{"KS00505696001C6GonUgmlkdYAEanr":"&lt;FLD&gt;ListCharacter Fi;KS89fe1b89910621c0cebcf01285e7155060&lt;/FLD&gt; ","visible":"","sort_order":"1","table_label":"","fire":"false"}</value></field_value><field_value id="700001239"/><field_value id="536870916"/><field_value id="700001202"><value>change</value></field_value><field_value id="600000043"/><field_value id="600000042"/><field_value id="770006505"/><field_value id="700002400"/><field_value id="700004587"><value>Set Fields - Internal</value></field_value><field_value id="710060809"/><field_value id="700004585"/><field_value id="770006500"/><field_value id="700004584"><value>KD.utils.Action._setInternalFieldValues</value></field_value><field_value id="700001000"/><field_value id="700004583"><value>AG000C29497A1A4FTHRQNkmSFA1RAA</value></field_value><field_value id="70000088"/><field_value id="700004582"><value>Set Character Value</value></field_value><field_value id="700002304"/><field_value id="70000087"/><field_value id="700002303"><value>KSf914e5886a38ae6498ef0a87a6168c832f</value></field_value><field_value id="770006407"/><field_value id="700073250"><value>1</value></field_value><field_value id="70000085"/><field_value id="770006406"/><field_value id="760001307"/><field_value id="770006405"/><field_value id="70000083"/><field_value id="8"><value>na</value></field_value><field_value id="70000082"/><field_value id="7"><value>0</value></field_value><field_value id="6"><value>1379400171</value></field_value><field_value id="770006401"><value>0</value></field_value><field_value id="760000803"/><field_value id="700002239"/><field_value id="5"><value>Demo</value></field_value><field_value id="760000802"/><field_value id="4"/><field_value id="3"><value>1378928457</value></field_value><field_value id="2"><value>Demo</value></field_value><field_value id="1"><value>000000000000340</value></field_value><field_value id="490000700"><value>ID00505696001Cs883UgxotxDA6LAH</value></field_value><field_value id="700004642"><value>Set Fields - Internal</value></field_value><field_value id="600000090"/><field_value id="700001698"/><field_value id="700001697"/><field_value id="700001696"><value>Are you sure?</value></field_value><field_value id="700001056"/><field_value id="700001695"/><field_value id="700001055"/><field_value id="700001691"/><field_value id="700001690"><value>clientManager.addAction(new KD.utils.ClientAction({elementId:'KS89fe1b89910621c0cebcf01285e7155060', jsEvent:'change', source:'', action:KD.utils.Action._setInternalFieldValues, ifExpr:'1==1', actionId:'', synchronous:false, timeout:0, params:[[],'{"SetFields":[{"KS00505696001C6GonUgmlkdYAEanr":{"KS00505696001C6GonUgmlkdYAEanr":"&lt;FLD&gt;ListCharacter Fi;KS89fe1b89910621c0cebcf01285e7155060&lt;/FLD&gt; ","visible":"","sort_order":"1","table_label":"","fire":"false"}}]}']}));</value></field_value><field_value id="700000230"><value>KS89fe1b89910621c0cebcf01285e7155060</value></field_value><field_value id="700001212"/><field_value id="179"><value>KS316fa47fc1b7bc98c012c74a5830a302fd</value></field_value><field_value id="700007000"/><field_value id="700081207"><value>1==1</value></field_value><field_value id="700004955"/><field_value id="700081202"/><field_value id="700004630"/><field_value id="700001687"/><field_value id="700001686"><value>0</value></field_value><field_value id="700001046"/><field_value id="700001685"><value>1==1</value></field_value><field_value id="700001045"/><field_value id="770000400"/><field_value id="700001044"/><field_value id="700001043"/><field_value id="700000800"><value>KS00505696001CzmYnUgS1UNYA_5rr</value></field_value><field_value id="700001683"/></entry><entry id="000000000000341"><field_value id="700001682"/><field_value id="700001681"/><field_value id="700001680"><value>showConsole(KD.utils.Action.getQuestionValue('Data Type2'));
</value></field_value><field_value id="700001239"/><field_value id="536870916"/><field_value id="700001202"><value>load</value></field_value><field_value id="600000043"/><field_value id="600000042"/><field_value id="770006505"/><field_value id="700002400"/><field_value id="700004587"><value>Custom</value></field_value><field_value id="710060809"/><field_value id="700004585"/><field_value id="770006500"/><field_value id="700004584"><value>KD.utils.Action._customAction</value></field_value><field_value id="700001000"/><field_value id="700004583"><value>AG000C29497A1AuWClRQz13rKgcxoA</value></field_value><field_value id="70000088"/><field_value id="700004582"><value>re-display data management console</value></field_value><field_value id="700002304"/><field_value id="70000087"/><field_value id="700002303"><value>KS1a8db5161e9b4d080395b54889da739f26</value></field_value><field_value id="770006407"/><field_value id="700073250"><value>1</value></field_value><field_value id="70000085"/><field_value id="770006406"/><field_value id="760001307"><value>0</value></field_value><field_value id="770006405"/><field_value id="70000083"/><field_value id="8"><value>na</value></field_value><field_value id="70000082"/><field_value id="7"><value>0</value></field_value><field_value id="6"><value>1378928481</value></field_value><field_value id="770006401"><value>0</value></field_value><field_value id="760000803"/><field_value id="700002239"/><field_value id="5"><value>Demo</value></field_value><field_value id="760000802"/><field_value id="4"/><field_value id="3"><value>1378928481</value></field_value><field_value id="2"><value>Demo</value></field_value><field_value id="1"><value>000000000000341</value></field_value><field_value id="490000700"/><field_value id="700004642"><value>Custom</value></field_value><field_value id="600000090"/><field_value id="700001698"/><field_value id="700001697"/><field_value id="700001696"><value>Are you sure?</value></field_value><field_value id="700001056"/><field_value id="700001695"/><field_value id="700001055"/><field_value id="700001691"/><field_value id="700001690"><value>KD.utils.Action._customAction(window, new KD.utils.ClientAction({elementId:'KS1a8db5161e9b4d080395b54889da739f26', jsEvent:'load', source:'bridge', action:KD.utils.Action._customAction, ifExpr:'1==1', actionId:'', params:["showConsole(KD.utils.Action.getQuestionValue('Data Type2'));"]}));</value></field_value><field_value id="700000230"><value>KS1a8db5161e9b4d080395b54889da739f26</value></field_value><field_value id="700001212"/><field_value id="179"><value>KS920fee90ff760cd86a4253d212bf6c2532</value></field_value><field_value id="700007000"/><field_value id="700081207"><value>1==1</value></field_value><field_value id="700004955"/><field_value id="700081202"><value>0</value></field_value><field_value id="700004630"/><field_value id="700001687"/><field_value id="700001686"><value>0</value></field_value><field_value id="700001046"/><field_value id="700001685"><value>1==1</value></field_value><field_value id="700001045"/><field_value id="770000400"/><field_value id="700001044"/><field_value id="700001043"/><field_value id="700000800"><value>KS00505696001CzmYnUgS1UNYA_5rr</value></field_value><field_value id="700001683"/></entry><entry id="000000000000342"><field_value id="700001682"/><field_value id="700001681"/><field_value id="700001680"><value>"KS00505696001CI2gnUgvIkSYAbJ7r":{"KS00505696001CI2gnUgvIkSYAbJ7r":"&lt;FLD&gt;ListIndex Field ;KS00505696001C_zs3UgD5IwCgIRoG&lt;/FLD&gt;","visible":"","sort_order":"1","table_label":"","fire":"false"}</value></field_value><field_value id="700001239"/><field_value id="536870916"/><field_value id="700001202"><value>change</value></field_value><field_value id="600000043"/><field_value id="600000042"/><field_value id="770006505"/><field_value id="700002400"/><field_value id="700004587"><value>Set Fields - Internal</value></field_value><field_value id="710060809"/><field_value id="700004585"/><field_value id="770006500"/><field_value id="700004584"><value>KD.utils.Action._setInternalFieldValues</value></field_value><field_value id="700001000"/><field_value id="700004583"><value>AG000C29497A1A4FTHRQNkmSFA1RAA</value></field_value><field_value id="70000088"/><field_value id="700004582"><value>set Character Field</value></field_value><field_value id="700002304"/><field_value id="70000087"/><field_value id="700002303"><value>KSf914e5886a38ae6498ef0a87a6168c832f</value></field_value><field_value id="770006407"/><field_value id="700073250"><value>1</value></field_value><field_value id="70000085"/><field_value id="770006406"/><field_value id="760001307"/><field_value id="770006405"/><field_value id="70000083"/><field_value id="8"><value>na</value></field_value><field_value id="70000082"/><field_value id="7"><value>0</value></field_value><field_value id="6"><value>1379400003</value></field_value><field_value id="770006401"><value>0</value></field_value><field_value id="760000803"/><field_value id="700002239"/><field_value id="5"><value>Demo</value></field_value><field_value id="760000802"/><field_value id="4"/><field_value id="3"><value>1379362459</value></field_value><field_value id="2"><value>Demo</value></field_value><field_value id="1"><value>000000000000342</value></field_value><field_value id="490000700"><value>ID00505696001CDM83UgjP1uDA7K0H</value></field_value><field_value id="700004642"><value>Set Fields - Internal</value></field_value><field_value id="600000090"/><field_value id="700001698"/><field_value id="700001697"/><field_value id="700001696"><value>Are you sure?</value></field_value><field_value id="700001056"/><field_value id="700001695"/><field_value id="700001055"/><field_value id="700001691"/><field_value id="700001690"><value>clientManager.addAction(new KD.utils.ClientAction({elementId:'KS00505696001C_zs3UgD5IwCgIRoG', jsEvent:'change', source:'', action:KD.utils.Action._setInternalFieldValues, ifExpr:'', actionId:'', synchronous:false, timeout:0, params:[[],'{"SetFields":[{"KS00505696001CI2gnUgvIkSYAbJ7r":{"KS00505696001CI2gnUgvIkSYAbJ7r":"&lt;FLD&gt;ListIndex Field ;KS00505696001C_zs3UgD5IwCgIRoG&lt;/FLD&gt;","visible":"","sort_order":"1","table_label":"","fire":"false"}}]}']}));</value></field_value><field_value id="700000230"><value>KS00505696001C_zs3UgD5IwCgIRoG</value></field_value><field_value id="700001212"/><field_value id="179"><value>ID00505696001CRzw3Ug5awxCgPBwG</value></field_value><field_value id="700007000"/><field_value id="700081207"/><field_value id="700004955"/><field_value id="700081202"/><field_value id="700004630"/><field_value id="700001687"/><field_value id="700001686"><value>0</value></field_value><field_value id="700001046"/><field_value id="700001685"/><field_value id="700001045"/><field_value id="770000400"/><field_value id="700001044"/><field_value id="700001043"/><field_value id="700000800"><value>KS00505696001CzmYnUgS1UNYA_5rr</value></field_value><field_value id="700001683"/></entry><entry id="000000000000343"><field_value id="700001682"/><field_value id="700001681"/><field_value id="700001680"><value>"KS00505696001CTGgnUgaikTYA8p7r":{"KS00505696001CTGgnUgaikTYA8p7r":"&lt;FLD&gt;ListIndex Field ;KS00505696001C8jw3Ug1Uo0CgcyMG&lt;/FLD&gt;","visible":"","sort_order":"1","table_label":"","fire":"false"}</value></field_value><field_value id="700001239"/><field_value id="536870916"/><field_value id="700001202"><value>change</value></field_value><field_value id="600000043"/><field_value id="600000042"/><field_value id="770006505"/><field_value id="700002400"/><field_value id="700004587"><value>Set Fields - Internal</value></field_value><field_value id="710060809"/><field_value id="700004585"/><field_value id="770006500"/><field_value id="700004584"><value>KD.utils.Action._setInternalFieldValues</value></field_value><field_value id="700001000"/><field_value id="700004583"><value>AG000C29497A1A4FTHRQNkmSFA1RAA</value></field_value><field_value id="70000088"/><field_value id="700004582"><value>set Character Field</value></field_value><field_value id="700002304"/><field_value id="70000087"/><field_value id="700002303"><value>KSf914e5886a38ae6498ef0a87a6168c832f</value></field_value><field_value id="770006407"/><field_value id="700073250"><value>1</value></field_value><field_value id="70000085"/><field_value id="770006406"/><field_value id="760001307"/><field_value id="770006405"/><field_value id="70000083"/><field_value id="8"><value>na</value></field_value><field_value id="70000082"/><field_value id="7"><value>0</value></field_value><field_value id="6"><value>1379399993</value></field_value><field_value id="770006401"><value>0</value></field_value><field_value id="760000803"/><field_value id="700002239"/><field_value id="5"><value>Demo</value></field_value><field_value id="760000802"/><field_value id="4"/><field_value id="3"><value>1379362728</value></field_value><field_value id="2"><value>Demo</value></field_value><field_value id="1"><value>000000000000343</value></field_value><field_value id="490000700"><value>ID00505696001C-843UgH7xuDAsq0H</value></field_value><field_value id="700004642"><value>Set Fields - Internal</value></field_value><field_value id="600000090"/><field_value id="700001698"/><field_value id="700001697"/><field_value id="700001696"><value>Are you sure?</value></field_value><field_value id="700001056"/><field_value id="700001695"/><field_value id="700001055"/><field_value id="700001691"/><field_value id="700001690"><value>clientManager.addAction(new KD.utils.ClientAction({elementId:'KS00505696001C8jw3Ug1Uo0CgcyMG', jsEvent:'change', source:'', action:KD.utils.Action._setInternalFieldValues, ifExpr:'', actionId:'', synchronous:false, timeout:0, params:[[],'{"SetFields":[{"KS00505696001CTGgnUgaikTYA8p7r":{"KS00505696001CTGgnUgaikTYA8p7r":"&lt;FLD&gt;ListIndex Field ;KS00505696001C8jw3Ug1Uo0CgcyMG&lt;/FLD&gt;","visible":"","sort_order":"1","table_label":"","fire":"false"}}]}']}));</value></field_value><field_value id="700000230"><value>KS00505696001C8jw3Ug1Uo0CgcyMG</value></field_value><field_value id="700001212"/><field_value id="179"><value>ID00505696001CYz03UgXgM2CgLSUG</value></field_value><field_value id="700007000"/><field_value id="700081207"/><field_value id="700004955"/><field_value id="700081202"/><field_value id="700004630"/><field_value id="700001687"/><field_value id="700001686"><value>0</value></field_value><field_value id="700001046"/><field_value id="700001685"/><field_value id="700001045"/><field_value id="770000400"/><field_value id="700001044"/><field_value id="700001043"/><field_value id="700000800"><value>KS00505696001CzmYnUgS1UNYA_5rr</value></field_value><field_value id="700001683"/></entry><entry id="000000000000344"><field_value id="700001682"/><field_value id="700001681"/><field_value id="700001680"><value>"KS00505696001CdGgnUggcQTYAnZ_r":{"KS00505696001CdGgnUggcQTYAnZ_r":"&lt;FLD&gt;ListIndex Field ;KS00505696001CgT03UgGnc2CgqiUG&lt;/FLD&gt;","visible":"","sort_order":"1","table_label":"","fire":"false"}</value></field_value><field_value id="700001239"/><field_value id="536870916"/><field_value id="700001202"><value>change</value></field_value><field_value id="600000043"/><field_value id="600000042"/><field_value id="770006505"/><field_value id="700002400"/><field_value id="700004587"><value>Set Fields - Internal</value></field_value><field_value id="710060809"/><field_value id="700004585"/><field_value id="770006500"/><field_value id="700004584"><value>KD.utils.Action._setInternalFieldValues</value></field_value><field_value id="700001000"/><field_value id="700004583"><value>AG000C29497A1A4FTHRQNkmSFA1RAA</value></field_value><field_value id="70000088"/><field_value id="700004582"><value>set Character Field</value></field_value><field_value id="700002304"/><field_value id="70000087"/><field_value id="700002303"><value>KSf914e5886a38ae6498ef0a87a6168c832f</value></field_value><field_value id="770006407"/><field_value id="700073250"><value>1</value></field_value><field_value id="70000085"/><field_value id="770006406"/><field_value id="760001307"/><field_value id="770006405"/><field_value id="70000083"/><field_value id="8"><value>na</value></field_value><field_value id="70000082"/><field_value id="7"><value>0</value></field_value><field_value id="6"><value>1379399976</value></field_value><field_value id="770006401"><value>0</value></field_value><field_value id="760000803"/><field_value id="700002239"/><field_value id="5"><value>Demo</value></field_value><field_value id="760000802"/><field_value id="4"/><field_value id="3"><value>1379362846</value></field_value><field_value id="2"><value>Demo</value></field_value><field_value id="1"><value>000000000000344</value></field_value><field_value id="490000700"><value>ID00505696001C3843UghE1uDAT60H</value></field_value><field_value id="700004642"><value>Set Fields - Internal</value></field_value><field_value id="600000090"/><field_value id="700001698"/><field_value id="700001697"/><field_value id="700001696"><value>Are you sure?</value></field_value><field_value id="700001056"/><field_value id="700001695"/><field_value id="700001055"/><field_value id="700001691"/><field_value id="700001690"><value>clientManager.addAction(new KD.utils.ClientAction({elementId:'KS00505696001CgT03UgGnc2CgqiUG', jsEvent:'change', source:'', action:KD.utils.Action._setInternalFieldValues, ifExpr:'', actionId:'', synchronous:false, timeout:0, params:[[],'{"SetFields":[{"KS00505696001CdGgnUggcQTYAnZ_r":{"KS00505696001CdGgnUggcQTYAnZ_r":"&lt;FLD&gt;ListIndex Field ;KS00505696001CgT03UgGnc2CgqiUG&lt;/FLD&gt;","visible":"","sort_order":"1","table_label":"","fire":"false"}}]}']}));</value></field_value><field_value id="700000230"><value>KS00505696001CgT03UgGnc2CgqiUG</value></field_value><field_value id="700001212"/><field_value id="179"><value>ID00505696001C2z03UgP9c3CgHCcG</value></field_value><field_value id="700007000"/><field_value id="700081207"/><field_value id="700004955"/><field_value id="700081202"/><field_value id="700004630"/><field_value id="700001687"/><field_value id="700001686"><value>0</value></field_value><field_value id="700001046"/><field_value id="700001685"/><field_value id="700001045"/><field_value id="770000400"/><field_value id="700001044"/><field_value id="700001043"/><field_value id="700000800"><value>KS00505696001CzmYnUgS1UNYA_5rr</value></field_value><field_value id="700001683"/></entry></instance></xform></arsystem_xml_report>