<?xml version="1.0" encoding="UTF-8"?>
<arsystem_xml_report><xform id="KS_SRV_FieldMap" remedy="http://www.w3.org/2000/xforms"><instance><field-info><field><name>Mapping_Source</name><id>600000300</id><type>CHAR</type></field><field><name>_ActionTwo</name><id>600000043</id><type>CHAR</type></field><field><name>_ActionOne</name><id>600000042</id><type>CHAR</type></field><field><name>FormEventInstanceId</name><id>700008060</id><type>CHAR</type></field><field><name>_SortOrderOffset</name><id>700002400</id><type>INTEGER</type></field><field><name>Table_Label</name><id>700073257</id><type>CHAR</type></field><field><name>Visible_In_Table</name><id>700073251</id><type>ENUM</type></field><field><name>Sort_Order</name><id>700073250</id><type>INTEGER</type></field><field><name>Short Description</name><id>8</id><type>CHAR</type></field><field><name>Status</name><id>7</id><type>ENUM</type></field><field><name>Modified Date</name><id>6</id><type>TIME</type></field><field><name>Last Modified By</name><id>5</id><type>CHAR</type></field><field><name>Assigned To</name><id>4</id><type>CHAR</type></field><field><name>Create Date</name><id>3</id><type>TIME</type></field><field><name>Submitter</name><id>2</id><type>CHAR</type></field><field><name>Request ID</name><id>1</id><type>CHAR</type></field><field><name>OperationID</name><id>490000700</id><type>CHAR</type></field><field><name>_Multi-Purpose2</name><id>600000091</id><type>CHAR</type></field><field><name>_Multi-Purpose</name><id>600000090</id><type>CHAR</type></field><field><name>_SourceSurveyID</name><id>700001953</id><type>CHAR</type></field><field><name>SourceInstanceID</name><id>700000876</id><type>CHAR</type></field><field><name>Value_Short</name><id>700000875</id><type>CHAR</type></field><field><name>Map Type</name><id>700000874</id><type>CHAR</type></field><field><name>Value_Long</name><id>700000873</id><type>CHAR</type></field><field><name>Source_Field_ID</name><id>700000872</id><type>CHAR</type></field><field><name>SourceField_Label</name><id>700000871</id><type>CHAR</type></field><field><name>SortOrderChangeTo</name><id>700001212</id><type>INTEGER</type></field><field><name>instanceId</name><id>179</id><type>CHAR</type></field><field><name>_tempValueString</name><id>700077902</id><type>CHAR</type></field><field><name>_end_location</name><id>700077901</id><type>INTEGER</type></field><field><name>_start_location</name><id>700077900</id><type>INTEGER</type></field><field><name>Value_Escaped</name><id>770000404</id><type>CHAR</type></field><field><name>Bridged_Resource</name><id>770000403</id><type>ENUM</type></field><field><name>FireChangeImmediately</name><id>770000402</id><type>ENUM</type></field><field><name>Clone_SourceInstanceID</name><id>700001046</id><type>CHAR</type></field><field><name>IntegrationSource_instanceid</name><id>700000899</id><type>CHAR</type></field><field><name>FireChangeEvent</name><id>770000401</id><type>ENUM</type></field><field><name>FireChangeEventFlag</name><id>770000400</id><type>ENUM</type></field><field><name>_ActionThree</name><id>700001043</id><type>CHAR</type></field><field><name>SurveyInstanceID</name><id>700000800</id><type>CHAR</type></field></field-info><entry id="000000000000445"><field_value id="600000300"><value>KS_SRV_Helper Add Update Data</value></field_value><field_value id="600000043"/><field_value id="600000042"/><field_value id="700008060"><value>KS313f1ff0939b69271463382a72e5a3f577</value></field_value><field_value id="700002400"/><field_value id="700073257"/><field_value id="700073251"><value>0</value></field_value><field_value id="700073250"><value>1</value></field_value><field_value id="8"><value>na</value></field_value><field_value id="7"><value>0</value></field_value><field_value id="6"><value>1379400028</value></field_value><field_value id="5"><value>Demo</value></field_value><field_value id="4"/><field_value id="3"><value>1378928432</value></field_value><field_value id="2"><value>Demo</value></field_value><field_value id="1"><value>000000000000445</value></field_value><field_value id="490000700"/><field_value id="600000091"/><field_value id="600000090"/><field_value id="700001953"/><field_value id="700000876"><value>n/a</value></field_value><field_value id="700000875"><value>&lt;FLD&gt;ListCharacter Fi;KS00505696001CRZAwUgsU_XgwZAgD&lt;/FLD&gt; </value></field_value><field_value id="700000874"><value>Inbound - Internal</value></field_value><field_value id="700000873"><value>&lt;FLD&gt;ListCharacter Fi;KS00505696001CRZAwUgsU_XgwZAgD&lt;/FLD&gt; </value></field_value><field_value id="700000872"><value>KS00505696001CFmknUgoj0WYAeKLr</value></field_value><field_value id="700000871"><value>Character Field 1</value></field_value><field_value id="700001212"/><field_value id="179"><value>KS287aee12f4f3433e76595ebde67710366f</value></field_value><field_value id="700077902"/><field_value id="700077901"/><field_value id="700077900"/><field_value id="770000404"/><field_value id="770000403"/><field_value id="770000402"/><field_value id="700001046"/><field_value id="700000899"><value>n/a</value></field_value><field_value id="770000401"><value>1</value></field_value><field_value id="770000400"/><field_value id="700001043"/><field_value id="700000800"><value>KS00505696001CzmYnUgS1UNYA_5rr</value></field_value></entry><entry id="000000000000446"><field_value id="600000300"><value>KS_SRV_Helper Add Update Data</value></field_value><field_value id="600000043"/><field_value id="600000042"/><field_value id="700008060"><value>KSb9f663392068d6f5d113171d27bd36a45b</value></field_value><field_value id="700002400"/><field_value id="700073257"/><field_value id="700073251"><value>0</value></field_value><field_value id="700073250"><value>1</value></field_value><field_value id="8"><value>na</value></field_value><field_value id="7"><value>0</value></field_value><field_value id="6"><value>1379400039</value></field_value><field_value id="5"><value>Demo</value></field_value><field_value id="4"/><field_value id="3"><value>1378928434</value></field_value><field_value id="2"><value>Demo</value></field_value><field_value id="1"><value>000000000000446</value></field_value><field_value id="490000700"/><field_value id="600000091"/><field_value id="600000090"/><field_value id="700001953"/><field_value id="700000876"><value>n/a</value></field_value><field_value id="700000875"><value>&lt;FLD&gt;ListCharacter Fi;KS6e5ef3c1f604c8a394254f0579890627b1&lt;/FLD&gt; </value></field_value><field_value id="700000874"><value>Inbound - Internal</value></field_value><field_value id="700000873"><value>&lt;FLD&gt;ListCharacter Fi;KS6e5ef3c1f604c8a394254f0579890627b1&lt;/FLD&gt; </value></field_value><field_value id="700000872"><value>KS00505696001COGknUgE8MWYA86Lr</value></field_value><field_value id="700000871"><value>Character Field 2</value></field_value><field_value id="700001212"/><field_value id="179"><value>KS3465fbc4d5dc3f3a0a25bd5b5ecff06216</value></field_value><field_value id="700077902"/><field_value id="700077901"/><field_value id="700077900"/><field_value id="770000404"/><field_value id="770000403"/><field_value id="770000402"/><field_value id="700001046"/><field_value id="700000899"><value>n/a</value></field_value><field_value id="770000401"><value>1</value></field_value><field_value id="770000400"/><field_value id="700001043"/><field_value id="700000800"><value>KS00505696001CzmYnUgS1UNYA_5rr</value></field_value></entry><entry id="000000000000447"><field_value id="600000300"><value>KS_SRV_Helper Add Update Data</value></field_value><field_value id="600000043"/><field_value id="600000042"/><field_value id="700008060"><value>KS5eb10a03f4f39b2def692a767fd5b7ed3b</value></field_value><field_value id="700002400"/><field_value id="700073257"/><field_value id="700073251"><value>0</value></field_value><field_value id="700073250"><value>1</value></field_value><field_value id="8"><value>na</value></field_value><field_value id="7"><value>0</value></field_value><field_value id="6"><value>1379400052</value></field_value><field_value id="5"><value>Demo</value></field_value><field_value id="4"/><field_value id="3"><value>1378928435</value></field_value><field_value id="2"><value>Demo</value></field_value><field_value id="1"><value>000000000000447</value></field_value><field_value id="490000700"/><field_value id="600000091"/><field_value id="600000090"/><field_value id="700001953"/><field_value id="700000876"><value>n/a</value></field_value><field_value id="700000875"><value>&lt;FLD&gt;ListCharacter Fi;KSc8dec9f6da6831155e720bc366933fde23&lt;/FLD&gt; </value></field_value><field_value id="700000874"><value>Inbound - Internal</value></field_value><field_value id="700000873"><value>&lt;FLD&gt;ListCharacter Fi;KSc8dec9f6da6831155e720bc366933fde23&lt;/FLD&gt; </value></field_value><field_value id="700000872"><value>KS00505696001CTWknUgABUXYAUqPr</value></field_value><field_value id="700000871"><value>Character Field 3</value></field_value><field_value id="700001212"/><field_value id="179"><value>KSe110d3dcdc0369d4b861901ff7c1c41a03</value></field_value><field_value id="700077902"/><field_value id="700077901"/><field_value id="700077900"/><field_value id="770000404"/><field_value id="770000403"/><field_value id="770000402"/><field_value id="700001046"/><field_value id="700000899"><value>n/a</value></field_value><field_value id="770000401"><value>1</value></field_value><field_value id="770000400"/><field_value id="700001043"/><field_value id="700000800"><value>KS00505696001CzmYnUgS1UNYA_5rr</value></field_value></entry><entry id="000000000000448"><field_value id="600000300"><value>KS_SRV_Helper Add Update Data</value></field_value><field_value id="600000043"/><field_value id="600000042"/><field_value id="700008060"><value>KSc9fcd1655ba2bb3fff228b64e983d53159</value></field_value><field_value id="700002400"/><field_value id="700073257"/><field_value id="700073251"><value>0</value></field_value><field_value id="700073250"><value>1</value></field_value><field_value id="8"><value>na</value></field_value><field_value id="7"><value>0</value></field_value><field_value id="6"><value>1379400062</value></field_value><field_value id="5"><value>Demo</value></field_value><field_value id="4"/><field_value id="3"><value>1378928437</value></field_value><field_value id="2"><value>Demo</value></field_value><field_value id="1"><value>000000000000448</value></field_value><field_value id="490000700"/><field_value id="600000091"/><field_value id="600000090"/><field_value id="700001953"/><field_value id="700000876"><value>n/a</value></field_value><field_value id="700000875"><value>&lt;FLD&gt;ListCharacter Fi;KS6458fa6655f79512b50def7d3bb5cc429a&lt;/FLD&gt; </value></field_value><field_value id="700000874"><value>Inbound - Internal</value></field_value><field_value id="700000873"><value>&lt;FLD&gt;ListCharacter Fi;KS6458fa6655f79512b50def7d3bb5cc429a&lt;/FLD&gt; </value></field_value><field_value id="700000872"><value>KS00505696001CaGknUgLn0XYAvKPr</value></field_value><field_value id="700000871"><value>Character Field 4</value></field_value><field_value id="700001212"/><field_value id="179"><value>KSe52ba2f73247d812a169417445521f7c56</value></field_value><field_value id="700077902"/><field_value id="700077901"/><field_value id="700077900"/><field_value id="770000404"/><field_value id="770000403"/><field_value id="770000402"/><field_value id="700001046"/><field_value id="700000899"><value>n/a</value></field_value><field_value id="770000401"><value>1</value></field_value><field_value id="770000400"/><field_value id="700001043"/><field_value id="700000800"><value>KS00505696001CzmYnUgS1UNYA_5rr</value></field_value></entry><entry id="000000000000449"><field_value id="600000300"><value>KS_SRV_Helper Add Update Data</value></field_value><field_value id="600000043"/><field_value id="600000042"/><field_value id="700008060"><value>KS40c3351e1d0b7387743c81553f3994d961</value></field_value><field_value id="700002400"/><field_value id="700073257"/><field_value id="700073251"><value>0</value></field_value><field_value id="700073250"><value>1</value></field_value><field_value id="8"><value>na</value></field_value><field_value id="7"><value>0</value></field_value><field_value id="6"><value>1379400072</value></field_value><field_value id="5"><value>Demo</value></field_value><field_value id="4"/><field_value id="3"><value>1378928440</value></field_value><field_value id="2"><value>Demo</value></field_value><field_value id="1"><value>000000000000449</value></field_value><field_value id="490000700"/><field_value id="600000091"/><field_value id="600000090"/><field_value id="700001953"/><field_value id="700000876"><value>n/a</value></field_value><field_value id="700000875"><value>&lt;FLD&gt;ListCharacter Fi;KS3b2cf69c71c086164f3dccee621595f22d&lt;/FLD&gt; </value></field_value><field_value id="700000874"><value>Inbound - Internal</value></field_value><field_value id="700000873"><value>&lt;FLD&gt;ListCharacter Fi;KS3b2cf69c71c086164f3dccee621595f22d&lt;/FLD&gt; </value></field_value><field_value id="700000872"><value>KS00505696001CfmknUgAdQXYAGqTr</value></field_value><field_value id="700000871"><value>Character Field 5</value></field_value><field_value id="700001212"/><field_value id="179"><value>KSedb3d7b9f3f1c931d1f52d9a26c008dc4e</value></field_value><field_value id="700077902"/><field_value id="700077901"/><field_value id="700077900"/><field_value id="770000404"/><field_value id="770000403"/><field_value id="770000402"/><field_value id="700001046"/><field_value id="700000899"><value>n/a</value></field_value><field_value id="770000401"><value>1</value></field_value><field_value id="770000400"/><field_value id="700001043"/><field_value id="700000800"><value>KS00505696001CzmYnUgS1UNYA_5rr</value></field_value></entry><entry id="000000000000450"><field_value id="600000300"><value>KS_SRV_Helper Add Update Data</value></field_value><field_value id="600000043"/><field_value id="600000042"/><field_value id="700008060"><value>KS7e99f29274f8ae1562bb7f98f7201c8612</value></field_value><field_value id="700002400"/><field_value id="700073257"/><field_value id="700073251"><value>0</value></field_value><field_value id="700073250"><value>1</value></field_value><field_value id="8"><value>na</value></field_value><field_value id="7"><value>0</value></field_value><field_value id="6"><value>1379400082</value></field_value><field_value id="5"><value>Demo</value></field_value><field_value id="4"/><field_value id="3"><value>1378928442</value></field_value><field_value id="2"><value>Demo</value></field_value><field_value id="1"><value>000000000000450</value></field_value><field_value id="490000700"/><field_value id="600000091"/><field_value id="600000090"/><field_value id="700001953"/><field_value id="700000876"><value>n/a</value></field_value><field_value id="700000875"><value>&lt;FLD&gt;ListCharacter Fi;KS50fca3fe0d08cc5f26e3070067909d2efc&lt;/FLD&gt; </value></field_value><field_value id="700000874"><value>Inbound - Internal</value></field_value><field_value id="700000873"><value>&lt;FLD&gt;ListCharacter Fi;KS50fca3fe0d08cc5f26e3070067909d2efc&lt;/FLD&gt; </value></field_value><field_value id="700000872"><value>KS00505696001CsmknUg_Z8YYA2aTr</value></field_value><field_value id="700000871"><value>Character Field 6</value></field_value><field_value id="700001212"/><field_value id="179"><value>KS5b2c7dbefdbde4bbc81b73ca0852f9212e</value></field_value><field_value id="700077902"/><field_value id="700077901"/><field_value id="700077900"/><field_value id="770000404"/><field_value id="770000403"/><field_value id="770000402"/><field_value id="700001046"/><field_value id="700000899"><value>n/a</value></field_value><field_value id="770000401"><value>1</value></field_value><field_value id="770000400"/><field_value id="700001043"/><field_value id="700000800"><value>KS00505696001CzmYnUgS1UNYA_5rr</value></field_value></entry><entry id="000000000000451"><field_value id="600000300"><value>KS_SRV_Helper Add Update Data</value></field_value><field_value id="600000043"/><field_value id="600000042"/><field_value id="700008060"><value>KS568c8388f5a190196be23f79526a72e3cd</value></field_value><field_value id="700002400"/><field_value id="700073257"/><field_value id="700073251"><value>0</value></field_value><field_value id="700073250"><value>1</value></field_value><field_value id="8"><value>na</value></field_value><field_value id="7"><value>0</value></field_value><field_value id="6"><value>1379400093</value></field_value><field_value id="5"><value>Demo</value></field_value><field_value id="4"/><field_value id="3"><value>1378928444</value></field_value><field_value id="2"><value>Demo</value></field_value><field_value id="1"><value>000000000000451</value></field_value><field_value id="490000700"/><field_value id="600000091"/><field_value id="600000090"/><field_value id="700001953"/><field_value id="700000876"><value>n/a</value></field_value><field_value id="700000875"><value>&lt;FLD&gt;ListCharacter Fi;KSa247172ceac7bec7869d93e577bdf5ae7b&lt;/FLD&gt; </value></field_value><field_value id="700000874"><value>Inbound - Internal</value></field_value><field_value id="700000873"><value>&lt;FLD&gt;ListCharacter Fi;KSa247172ceac7bec7869d93e577bdf5ae7b&lt;/FLD&gt; </value></field_value><field_value id="700000872"><value>KS00505696001C32knUgNlEZYAaKXr</value></field_value><field_value id="700000871"><value>Character Field 7</value></field_value><field_value id="700001212"/><field_value id="179"><value>KScd7e7adb4fb48982b9e8b6a30aebb0e1be</value></field_value><field_value id="700077902"/><field_value id="700077901"/><field_value id="700077900"/><field_value id="770000404"/><field_value id="770000403"/><field_value id="770000402"/><field_value id="700001046"/><field_value id="700000899"><value>n/a</value></field_value><field_value id="770000401"><value>1</value></field_value><field_value id="770000400"/><field_value id="700001043"/><field_value id="700000800"><value>KS00505696001CzmYnUgS1UNYA_5rr</value></field_value></entry><entry id="000000000000452"><field_value id="600000300"><value>KS_SRV_Helper Add Update Data</value></field_value><field_value id="600000043"/><field_value id="600000042"/><field_value id="700008060"><value>KS16dac16e75d77d805a033ed49b40f9f2f5</value></field_value><field_value id="700002400"/><field_value id="700073257"/><field_value id="700073251"><value>0</value></field_value><field_value id="700073250"><value>1</value></field_value><field_value id="8"><value>na</value></field_value><field_value id="7"><value>0</value></field_value><field_value id="6"><value>1379400103</value></field_value><field_value id="5"><value>Demo</value></field_value><field_value id="4"/><field_value id="3"><value>1378928446</value></field_value><field_value id="2"><value>Demo</value></field_value><field_value id="1"><value>000000000000452</value></field_value><field_value id="490000700"/><field_value id="600000091"/><field_value id="600000090"/><field_value id="700001953"/><field_value id="700000876"><value>n/a</value></field_value><field_value id="700000875"><value>&lt;FLD&gt;ListCharacter Fi;KSc03f60c5f98163f9ae128b269efd088aab&lt;/FLD&gt; </value></field_value><field_value id="700000874"><value>Inbound - Internal</value></field_value><field_value id="700000873"><value>&lt;FLD&gt;ListCharacter Fi;KSc03f60c5f98163f9ae128b269efd088aab&lt;/FLD&gt; </value></field_value><field_value id="700000872"><value>KS00505696001C-GknUgcLAZYAzKXr</value></field_value><field_value id="700000871"><value>Character Field 8</value></field_value><field_value id="700001212"/><field_value id="179"><value>KS1801b94a138b9e241c4f2f438f99c8591d</value></field_value><field_value id="700077902"/><field_value id="700077901"/><field_value id="700077900"/><field_value id="770000404"/><field_value id="770000403"/><field_value id="770000402"/><field_value id="700001046"/><field_value id="700000899"><value>n/a</value></field_value><field_value id="770000401"><value>1</value></field_value><field_value id="770000400"/><field_value id="700001043"/><field_value id="700000800"><value>KS00505696001CzmYnUgS1UNYA_5rr</value></field_value></entry><entry id="000000000000453"><field_value id="600000300"><value>KS_SRV_Helper Add Update Data</value></field_value><field_value id="600000043"/><field_value id="600000042"/><field_value id="700008060"><value>KS72a8b942f58cef1faafa44d2fbeae634ad</value></field_value><field_value id="700002400"/><field_value id="700073257"/><field_value id="700073251"><value>0</value></field_value><field_value id="700073250"><value>1</value></field_value><field_value id="8"><value>na</value></field_value><field_value id="7"><value>0</value></field_value><field_value id="6"><value>1379400117</value></field_value><field_value id="5"><value>Demo</value></field_value><field_value id="4"/><field_value id="3"><value>1378928448</value></field_value><field_value id="2"><value>Demo</value></field_value><field_value id="1"><value>000000000000453</value></field_value><field_value id="490000700"/><field_value id="600000091"/><field_value id="600000090"/><field_value id="700001953"/><field_value id="700000876"><value>n/a</value></field_value><field_value id="700000875"><value>&lt;FLD&gt;ListCharacter Fi;KSabfe41ff10a756b63856333d34037d1872&lt;/FLD&gt; </value></field_value><field_value id="700000874"><value>Inbound - Internal</value></field_value><field_value id="700000873"><value>&lt;FLD&gt;ListCharacter Fi;KSabfe41ff10a756b63856333d34037d1872&lt;/FLD&gt; </value></field_value><field_value id="700000872"><value>KS00505696001CFGonUgZB0aYAOabr</value></field_value><field_value id="700000871"><value>Character Field 9</value></field_value><field_value id="700001212"/><field_value id="179"><value>KS2b97e8bee4b6c4b25112a14799320db1de</value></field_value><field_value id="700077902"/><field_value id="700077901"/><field_value id="700077900"/><field_value id="770000404"/><field_value id="770000403"/><field_value id="770000402"/><field_value id="700001046"/><field_value id="700000899"><value>n/a</value></field_value><field_value id="770000401"><value>1</value></field_value><field_value id="770000400"/><field_value id="700001043"/><field_value id="700000800"><value>KS00505696001CzmYnUgS1UNYA_5rr</value></field_value></entry><entry id="000000000000454"><field_value id="600000300"><value>KS_SRV_Helper Add Update Data</value></field_value><field_value id="600000043"/><field_value id="600000042"/><field_value id="700008060"><value>KSe242970ee39355e11ca3d6cf08c72400de</value></field_value><field_value id="700002400"/><field_value id="700073257"/><field_value id="700073251"><value>0</value></field_value><field_value id="700073250"><value>1</value></field_value><field_value id="8"><value>na</value></field_value><field_value id="7"><value>0</value></field_value><field_value id="6"><value>1379400127</value></field_value><field_value id="5"><value>Demo</value></field_value><field_value id="4"/><field_value id="3"><value>1378928449</value></field_value><field_value id="2"><value>Demo</value></field_value><field_value id="1"><value>000000000000454</value></field_value><field_value id="490000700"/><field_value id="600000091"/><field_value id="600000090"/><field_value id="700001953"/><field_value id="700000876"><value>n/a</value></field_value><field_value id="700000875"><value>&lt;FLD&gt;ListCharacter Fi;KS3a66beae7ac2334a14f908904091f02f12&lt;/FLD&gt; </value></field_value><field_value id="700000874"><value>Inbound - Internal</value></field_value><field_value id="700000873"><value>&lt;FLD&gt;ListCharacter Fi;KS3a66beae7ac2334a14f908904091f02f12&lt;/FLD&gt; </value></field_value><field_value id="700000872"><value>KS00505696001CQ2onUgQNcaYAyqbr</value></field_value><field_value id="700000871"><value>Character Field 10</value></field_value><field_value id="700001212"/><field_value id="179"><value>KSd2664b41bf91c0e017868dafb94128ab5a</value></field_value><field_value id="700077902"/><field_value id="700077901"/><field_value id="700077900"/><field_value id="770000404"/><field_value id="770000403"/><field_value id="770000402"/><field_value id="700001046"/><field_value id="700000899"><value>n/a</value></field_value><field_value id="770000401"><value>1</value></field_value><field_value id="770000400"/><field_value id="700001043"/><field_value id="700000800"><value>KS00505696001CzmYnUgS1UNYA_5rr</value></field_value></entry><entry id="000000000000455"><field_value id="600000300"><value>KS_SRV_Helper Add Update Data</value></field_value><field_value id="600000043"/><field_value id="600000042"/><field_value id="700008060"><value>KSd934ca4782a28f68aa61112367e2476b91</value></field_value><field_value id="700002400"/><field_value id="700073257"/><field_value id="700073251"><value>0</value></field_value><field_value id="700073250"><value>1</value></field_value><field_value id="8"><value>na</value></field_value><field_value id="7"><value>0</value></field_value><field_value id="6"><value>1379400138</value></field_value><field_value id="5"><value>Demo</value></field_value><field_value id="4"/><field_value id="3"><value>1378928451</value></field_value><field_value id="2"><value>Demo</value></field_value><field_value id="1"><value>000000000000455</value></field_value><field_value id="490000700"/><field_value id="600000091"/><field_value id="600000090"/><field_value id="700001953"/><field_value id="700000876"><value>n/a</value></field_value><field_value id="700000875"><value>&lt;FLD&gt;ListCharacter Fi;KS273ded756898e57da2ab096bd46650d2d5&lt;/FLD&gt; </value></field_value><field_value id="700000874"><value>Inbound - Internal</value></field_value><field_value id="700000873"><value>&lt;FLD&gt;ListCharacter Fi;KS273ded756898e57da2ab096bd46650d2d5&lt;/FLD&gt; </value></field_value><field_value id="700000872"><value>KS00505696001CcWonUg_4sbYAZKfr</value></field_value><field_value id="700000871"><value>Character Field 11</value></field_value><field_value id="700001212"/><field_value id="179"><value>KSd7694164cea0771b2c1896561116362e49</value></field_value><field_value id="700077902"/><field_value id="700077901"/><field_value id="700077900"/><field_value id="770000404"/><field_value id="770000403"/><field_value id="770000402"/><field_value id="700001046"/><field_value id="700000899"><value>n/a</value></field_value><field_value id="770000401"><value>1</value></field_value><field_value id="770000400"/><field_value id="700001043"/><field_value id="700000800"><value>KS00505696001CzmYnUgS1UNYA_5rr</value></field_value></entry><entry id="000000000000456"><field_value id="600000300"><value>KS_SRV_Helper Add Update Data</value></field_value><field_value id="600000043"/><field_value id="600000042"/><field_value id="700008060"><value>KSbd95362018390b25d1334211099fa28ee0</value></field_value><field_value id="700002400"/><field_value id="700073257"/><field_value id="700073251"><value>0</value></field_value><field_value id="700073250"><value>1</value></field_value><field_value id="8"><value>na</value></field_value><field_value id="7"><value>0</value></field_value><field_value id="6"><value>1379400149</value></field_value><field_value id="5"><value>Demo</value></field_value><field_value id="4"/><field_value id="3"><value>1378928453</value></field_value><field_value id="2"><value>Demo</value></field_value><field_value id="1"><value>000000000000456</value></field_value><field_value id="490000700"/><field_value id="600000091"/><field_value id="600000090"/><field_value id="700001953"/><field_value id="700000876"><value>n/a</value></field_value><field_value id="700000875"><value>&lt;FLD&gt;ListCharacter Fi;KSf5b49d2254c3fb1c3a398be25d3c7ec314&lt;/FLD&gt; </value></field_value><field_value id="700000874"><value>Inbound - Internal</value></field_value><field_value id="700000873"><value>&lt;FLD&gt;ListCharacter Fi;KSf5b49d2254c3fb1c3a398be25d3c7ec314&lt;/FLD&gt; </value></field_value><field_value id="700000872"><value>KS00505696001Cr2onUgWH4cYAE6jr</value></field_value><field_value id="700000871"><value>Character Field 12</value></field_value><field_value id="700001212"/><field_value id="179"><value>KSb7cd6b536d45c8be9ae2be0d06f1335f16</value></field_value><field_value id="700077902"/><field_value id="700077901"/><field_value id="700077900"/><field_value id="770000404"/><field_value id="770000403"/><field_value id="770000402"/><field_value id="700001046"/><field_value id="700000899"><value>n/a</value></field_value><field_value id="770000401"><value>1</value></field_value><field_value id="770000400"/><field_value id="700001043"/><field_value id="700000800"><value>KS00505696001CzmYnUgS1UNYA_5rr</value></field_value></entry><entry id="000000000000457"><field_value id="600000300"><value>KS_SRV_Helper Add Update Data</value></field_value><field_value id="600000043"/><field_value id="600000042"/><field_value id="700008060"><value>KSb90593fd4fa2eef2b530cbd2e1bc977f04</value></field_value><field_value id="700002400"/><field_value id="700073257"/><field_value id="700073251"><value>0</value></field_value><field_value id="700073250"><value>1</value></field_value><field_value id="8"><value>na</value></field_value><field_value id="7"><value>0</value></field_value><field_value id="6"><value>1379400159</value></field_value><field_value id="5"><value>Demo</value></field_value><field_value id="4"/><field_value id="3"><value>1378928455</value></field_value><field_value id="2"><value>Demo</value></field_value><field_value id="1"><value>000000000000457</value></field_value><field_value id="490000700"/><field_value id="600000091"/><field_value id="600000090"/><field_value id="700001953"/><field_value id="700000876"><value>n/a</value></field_value><field_value id="700000875"><value>&lt;FLD&gt;ListCharacter Fi;KS76e06ecf8229aaba7b844db9755e822ad1&lt;/FLD&gt; </value></field_value><field_value id="700000874"><value>Inbound - Internal</value></field_value><field_value id="700000873"><value>&lt;FLD&gt;ListCharacter Fi;KS76e06ecf8229aaba7b844db9755e822ad1&lt;/FLD&gt; </value></field_value><field_value id="700000872"><value>KS00505696001C0WonUg_wAdYAsajr</value></field_value><field_value id="700000871"><value>Character Field 13</value></field_value><field_value id="700001212"/><field_value id="179"><value>KSe75bf36b7ac6dd3cc0cf3fcbaaf6a89209</value></field_value><field_value id="700077902"/><field_value id="700077901"/><field_value id="700077900"/><field_value id="770000404"/><field_value id="770000403"/><field_value id="770000402"/><field_value id="700001046"/><field_value id="700000899"><value>n/a</value></field_value><field_value id="770000401"><value>1</value></field_value><field_value id="770000400"/><field_value id="700001043"/><field_value id="700000800"><value>KS00505696001CzmYnUgS1UNYA_5rr</value></field_value></entry><entry id="000000000000458"><field_value id="600000300"><value>KS_SRV_Helper Add Update Data</value></field_value><field_value id="600000043"/><field_value id="600000042"/><field_value id="700008060"><value>KS316fa47fc1b7bc98c012c74a5830a302fd</value></field_value><field_value id="700002400"/><field_value id="700073257"/><field_value id="700073251"><value>0</value></field_value><field_value id="700073250"><value>1</value></field_value><field_value id="8"><value>na</value></field_value><field_value id="7"><value>0</value></field_value><field_value id="6"><value>1379400170</value></field_value><field_value id="5"><value>Demo</value></field_value><field_value id="4"/><field_value id="3"><value>1378928456</value></field_value><field_value id="2"><value>Demo</value></field_value><field_value id="1"><value>000000000000458</value></field_value><field_value id="490000700"/><field_value id="600000091"/><field_value id="600000090"/><field_value id="700001953"/><field_value id="700000876"><value>n/a</value></field_value><field_value id="700000875"><value>&lt;FLD&gt;ListCharacter Fi;KS89fe1b89910621c0cebcf01285e7155060&lt;/FLD&gt; </value></field_value><field_value id="700000874"><value>Inbound - Internal</value></field_value><field_value id="700000873"><value>&lt;FLD&gt;ListCharacter Fi;KS89fe1b89910621c0cebcf01285e7155060&lt;/FLD&gt; </value></field_value><field_value id="700000872"><value>KS00505696001C6GonUgmlkdYAEanr</value></field_value><field_value id="700000871"><value>Character Field 14</value></field_value><field_value id="700001212"/><field_value id="179"><value>KSad7b6a2c47915b3858e6b340fee3d86f2f</value></field_value><field_value id="700077902"/><field_value id="700077901"/><field_value id="700077900"/><field_value id="770000404"/><field_value id="770000403"/><field_value id="770000402"/><field_value id="700001046"/><field_value id="700000899"><value>n/a</value></field_value><field_value id="770000401"><value>1</value></field_value><field_value id="770000400"/><field_value id="700001043"/><field_value id="700000800"><value>KS00505696001CzmYnUgS1UNYA_5rr</value></field_value></entry><entry id="000000000000459"><field_value id="600000300"><value>KS_SRV_Helper Add Update Data</value></field_value><field_value id="600000043"/><field_value id="600000042"/><field_value id="700008060"><value>ID00505696001CRzw3Ug5awxCgPBwG</value></field_value><field_value id="700002400"/><field_value id="700073257"/><field_value id="700073251"><value>0</value></field_value><field_value id="700073250"><value>1</value></field_value><field_value id="8"><value>na</value></field_value><field_value id="7"><value>0</value></field_value><field_value id="6"><value>1379400001</value></field_value><field_value id="5"><value>Demo</value></field_value><field_value id="4"/><field_value id="3"><value>1379362454</value></field_value><field_value id="2"><value>Demo</value></field_value><field_value id="1"><value>000000000000459</value></field_value><field_value id="490000700"/><field_value id="600000091"/><field_value id="600000090"/><field_value id="700001953"/><field_value id="700000876"><value>na</value></field_value><field_value id="700000875"><value>&lt;FLD&gt;ListIndex Field ;KS00505696001C_zs3UgD5IwCgIRoG&lt;/FLD&gt;</value></field_value><field_value id="700000874"><value>Inbound - Internal</value></field_value><field_value id="700000873"><value>&lt;FLD&gt;ListIndex Field ;KS00505696001C_zs3UgD5IwCgIRoG&lt;/FLD&gt;</value></field_value><field_value id="700000872"><value>KS00505696001CI2gnUgvIkSYAbJ7r</value></field_value><field_value id="700000871"><value>Index Field 1</value></field_value><field_value id="700001212"/><field_value id="179"><value>AG00505696001CZjw3UgrCYyCgKx0G</value></field_value><field_value id="700077902"/><field_value id="700077901"/><field_value id="700077900"/><field_value id="770000404"/><field_value id="770000403"/><field_value id="770000402"/><field_value id="700001046"/><field_value id="700000899"><value>na</value></field_value><field_value id="770000401"><value>1</value></field_value><field_value id="770000400"/><field_value id="700001043"/><field_value id="700000800"><value>KS00505696001CzmYnUgS1UNYA_5rr</value></field_value></entry><entry id="000000000000460"><field_value id="600000300"><value>KS_SRV_Helper Add Update Data</value></field_value><field_value id="600000043"/><field_value id="600000042"/><field_value id="700008060"><value>ID00505696001CYz03UgXgM2CgLSUG</value></field_value><field_value id="700002400"/><field_value id="700073257"/><field_value id="700073251"><value>0</value></field_value><field_value id="700073250"><value>1</value></field_value><field_value id="8"><value>na</value></field_value><field_value id="7"><value>0</value></field_value><field_value id="6"><value>1379399986</value></field_value><field_value id="5"><value>Demo</value></field_value><field_value id="4"/><field_value id="3"><value>1379362727</value></field_value><field_value id="2"><value>Demo</value></field_value><field_value id="1"><value>000000000000460</value></field_value><field_value id="490000700"/><field_value id="600000091"/><field_value id="600000090"/><field_value id="700001953"/><field_value id="700000876"><value>na</value></field_value><field_value id="700000875"><value>&lt;FLD&gt;ListIndex Field ;KS00505696001C8jw3Ug1Uo0CgcyMG&lt;/FLD&gt;</value></field_value><field_value id="700000874"><value>Inbound - Internal</value></field_value><field_value id="700000873"><value>&lt;FLD&gt;ListIndex Field ;KS00505696001C8jw3Ug1Uo0CgcyMG&lt;/FLD&gt;</value></field_value><field_value id="700000872"><value>KS00505696001CTGgnUgaikTYA8p7r</value></field_value><field_value id="700000871"><value>Index Field 2</value></field_value><field_value id="700001212"/><field_value id="179"><value>AG00505696001Cdz03UgrFA2CgbyUG</value></field_value><field_value id="700077902"/><field_value id="700077901"/><field_value id="700077900"/><field_value id="770000404"/><field_value id="770000403"/><field_value id="770000402"/><field_value id="700001046"/><field_value id="700000899"><value>na</value></field_value><field_value id="770000401"><value>1</value></field_value><field_value id="770000400"/><field_value id="700001043"/><field_value id="700000800"><value>KS00505696001CzmYnUgS1UNYA_5rr</value></field_value></entry><entry id="000000000000461"><field_value id="600000300"><value>KS_SRV_Helper Add Update Data</value></field_value><field_value id="600000043"/><field_value id="600000042"/><field_value id="700008060"><value>ID00505696001C2z03UgP9c3CgHCcG</value></field_value><field_value id="700002400"/><field_value id="700073257"/><field_value id="700073251"><value>0</value></field_value><field_value id="700073250"><value>1</value></field_value><field_value id="8"><value>na</value></field_value><field_value id="7"><value>0</value></field_value><field_value id="6"><value>1379399974</value></field_value><field_value id="5"><value>Demo</value></field_value><field_value id="4"/><field_value id="3"><value>1379362845</value></field_value><field_value id="2"><value>Demo</value></field_value><field_value id="1"><value>000000000000461</value></field_value><field_value id="490000700"/><field_value id="600000091"/><field_value id="600000090"/><field_value id="700001953"/><field_value id="700000876"><value>na</value></field_value><field_value id="700000875"><value>&lt;FLD&gt;ListIndex Field ;KS00505696001CgT03UgGnc2CgqiUG&lt;/FLD&gt;</value></field_value><field_value id="700000874"><value>Inbound - Internal</value></field_value><field_value id="700000873"><value>&lt;FLD&gt;ListIndex Field ;KS00505696001CgT03UgGnc2CgqiUG&lt;/FLD&gt;</value></field_value><field_value id="700000872"><value>KS00505696001CdGgnUggcQTYAnZ_r</value></field_value><field_value id="700000871"><value>Index Field 3</value></field_value><field_value id="700001212"/><field_value id="179"><value>AG00505696001C7T03Ug4B04CgVScG</value></field_value><field_value id="700077902"/><field_value id="700077901"/><field_value id="700077900"/><field_value id="770000404"/><field_value id="770000403"/><field_value id="770000402"/><field_value id="700001046"/><field_value id="700000899"><value>na</value></field_value><field_value id="770000401"><value>1</value></field_value><field_value id="770000400"/><field_value id="700001043"/><field_value id="700000800"><value>KS00505696001CzmYnUgS1UNYA_5rr</value></field_value></entry></instance></xform></arsystem_xml_report>