<?xml version="1.0" encoding="UTF-8"?>
<arsystem_xml_report><xform id="KS_SRV_SurveyQuestionChoice" remedy="http://www.w3.org/2000/xforms"><instance><field-info><field><name>_Multi-Purpose12</name><id>600000101</id><type>CHAR</type></field><field><name>Label</name><id>700000820</id><type>CHAR</type></field><field><name>SurveyInstanceID</name><id>700000850</id><type>CHAR</type></field><field><name>Order</name><id>700000014</id><type>INTEGER</type></field><field><name>Score</name><id>700000013</id><type>INTEGER</type></field><field><name>_AuditContext</name><id>600001020</id><type>CHAR</type></field><field><name>Clone_SourceInstanceID</name><id>700001046</id><type>CHAR</type></field><field><name>_Multi-Purpose10</name><id>600000099</id><type>CHAR</type></field><field><name>_Multi-Purpose9</name><id>600000098</id><type>CHAR</type></field><field><name>Choice_Type</name><id>700000800</id><type>CHAR</type></field><field><name>_Multi-Purpose7</name><id>600000096</id><type>CHAR</type></field><field><name>_Multi-Purpose6</name><id>600000095</id><type>CHAR</type></field><field><name>_Multi-Purpose5</name><id>600000094</id><type>CHAR</type></field><field><name>_Multi-Purpose4</name><id>600000093</id><type>CHAR</type></field><field><name>_Multi-Purpose3</name><id>600000092</id><type>CHAR</type></field><field><name>_Multi-Purpose2</name><id>600000091</id><type>CHAR</type></field><field><name>instanceId</name><id>179</id><type>CHAR</type></field><field><name>_Multi-Purpose</name><id>600000090</id><type>CHAR</type></field><field><name>GenericChoice</name><id>600000820</id><type>ENUM</type></field><field><name>AssigneeGroup</name><id>112</id><type>CHAR</type></field><field><name>Application</name><id>700036000</id><type>CHAR</type></field><field><name>Short Description</name><id>8</id><type>CHAR</type></field><field><name>Value</name><id>700000810</id><type>CHAR</type></field><field><name>Status</name><id>7</id><type>ENUM</type></field><field><name>Modified Date</name><id>6</id><type>TIME</type></field><field><name>_ActionTwo</name><id>600000043</id><type>CHAR</type></field><field><name>Last Modified By</name><id>5</id><type>CHAR</type></field><field><name>Assigned To</name><id>4</id><type>CHAR</type></field><field><name>_ActionOne</name><id>600000042</id><type>CHAR</type></field><field><name>Create Date</name><id>3</id><type>TIME</type></field><field><name>Submitter</name><id>2</id><type>CHAR</type></field><field><name>Request ID</name><id>1</id><type>CHAR</type></field></field-info><entry id="000000000020885"><field_value id="600000101"/><field_value id="700000820"><value>Yes</value></field_value><field_value id="700000850"><value>KS00505696001CUdmcUghaK3Xg9OM6</value></field_value><field_value id="700000014"><value>1</value></field_value><field_value id="700000013"><value>0</value></field_value><field_value id="600001020"/><field_value id="700001046"/><field_value id="600000099"/><field_value id="600000098"/><field_value id="700000800"><value>Yes/No</value></field_value><field_value id="600000096"/><field_value id="600000095"/><field_value id="600000094"/><field_value id="600000093"/><field_value id="600000092"/><field_value id="600000091"/><field_value id="179"><value>AG00505696001CXTOdUgK2MXYAg9Y7</value></field_value><field_value id="600000090"/><field_value id="600000820"/><field_value id="112"/><field_value id="700036000"><value>Kinetic Request</value></field_value><field_value id="8"><value>na</value></field_value><field_value id="700000810"><value>Yes</value></field_value><field_value id="7"><value>0</value></field_value><field_value id="6"><value>1386152140</value></field_value><field_value id="600000043"/><field_value id="5"><value>Demo</value></field_value><field_value id="4"/><field_value id="600000042"/><field_value id="3"><value>1386055613</value></field_value><field_value id="2"><value>Demo</value></field_value><field_value id="1"><value>000000000020885</value></field_value></entry><entry id="000000000020886"><field_value id="600000101"/><field_value id="700000820"><value>No</value></field_value><field_value id="700000850"><value>KS00505696001CUdmcUghaK3Xg9OM6</value></field_value><field_value id="700000014"><value>2</value></field_value><field_value id="700000013"><value>0</value></field_value><field_value id="600001020"/><field_value id="700001046"/><field_value id="600000099"/><field_value id="600000098"/><field_value id="700000800"><value>Yes/No</value></field_value><field_value id="600000096"/><field_value id="600000095"/><field_value id="600000094"/><field_value id="600000093"/><field_value id="600000092"/><field_value id="600000091"/><field_value id="179"><value>AG00505696001CXzOdUg2mgXYAidY7</value></field_value><field_value id="600000090"/><field_value id="600000820"/><field_value id="112"/><field_value id="700036000"><value>Kinetic Request</value></field_value><field_value id="8"><value>na</value></field_value><field_value id="700000810"><value>No</value></field_value><field_value id="7"><value>0</value></field_value><field_value id="6"><value>1386152134</value></field_value><field_value id="600000043"/><field_value id="5"><value>Demo</value></field_value><field_value id="4"/><field_value id="600000042"/><field_value id="3"><value>1386055615</value></field_value><field_value id="2"><value>Demo</value></field_value><field_value id="1"><value>000000000020886</value></field_value></entry><entry id="000000000020887"><field_value id="600000101"/><field_value id="700000820"><value>Replace all existing records</value></field_value><field_value id="700000850"><value>KS00505696001CUdmcUghaK3Xg9OM6</value></field_value><field_value id="700000014"><value>1</value></field_value><field_value id="700000013"><value>0</value></field_value><field_value id="600001020"/><field_value id="700001046"/><field_value id="600000099"/><field_value id="600000098"/><field_value id="700000800"><value>Overwrite confirmation</value></field_value><field_value id="600000096"/><field_value id="600000095"/><field_value id="600000094"/><field_value id="600000093"/><field_value id="600000092"/><field_value id="600000091"/><field_value id="179"><value>AG00505696001CyDSeUgyOsEZAd2o-</value></field_value><field_value id="600000090"/><field_value id="600000820"/><field_value id="112"/><field_value id="700036000"><value>Kinetic Request</value></field_value><field_value id="8"><value>na</value></field_value><field_value id="700000810"><value>Replace all existing records</value></field_value><field_value id="7"><value>0</value></field_value><field_value id="6"><value>1386121587</value></field_value><field_value id="600000043"/><field_value id="5"><value>Demo</value></field_value><field_value id="4"/><field_value id="600000042"/><field_value id="3"><value>1386121512</value></field_value><field_value id="2"><value>Demo</value></field_value><field_value id="1"><value>000000000020887</value></field_value></entry><entry id="000000000020888"><field_value id="600000101"/><field_value id="700000820"><value>Yes - Replace All Existing Records</value></field_value><field_value id="700000850"><value>KS00505696001CUdmcUghaK3Xg9OM6</value></field_value><field_value id="700000014"><value>1</value></field_value><field_value id="700000013"><value>0</value></field_value><field_value id="600001020"/><field_value id="700001046"/><field_value id="600000099"/><field_value id="600000098"/><field_value id="700000800"><value>Yes/No Replace</value></field_value><field_value id="600000096"/><field_value id="600000095"/><field_value id="600000094"/><field_value id="600000093"/><field_value id="600000092"/><field_value id="600000091"/><field_value id="179"><value>AG00505696001ChayeUg0qfYZQSFxA</value></field_value><field_value id="600000090"/><field_value id="600000820"/><field_value id="112"/><field_value id="700036000"><value>Kinetic Request</value></field_value><field_value id="8"><value>na</value></field_value><field_value id="700000810"><value>Yes</value></field_value><field_value id="7"><value>0</value></field_value><field_value id="6"><value>1386152165</value></field_value><field_value id="600000043"/><field_value id="5"><value>Demo</value></field_value><field_value id="4"/><field_value id="600000042"/><field_value id="3"><value>1386152165</value></field_value><field_value id="2"><value>Demo</value></field_value><field_value id="1"><value>000000000020888</value></field_value></entry><entry id="000000000020889"><field_value id="600000101"/><field_value id="700000820"><value>No - Append to existing records</value></field_value><field_value id="700000850"><value>KS00505696001CUdmcUghaK3Xg9OM6</value></field_value><field_value id="700000014"><value>2</value></field_value><field_value id="700000013"><value>0</value></field_value><field_value id="600001020"/><field_value id="700001046"/><field_value id="600000099"/><field_value id="600000098"/><field_value id="700000800"><value>Yes/No Replace</value></field_value><field_value id="600000096"/><field_value id="600000095"/><field_value id="600000094"/><field_value id="600000093"/><field_value id="600000092"/><field_value id="600000091"/><field_value id="179"><value>AG00505696001CjayeUgmMfYZQXlxA</value></field_value><field_value id="600000090"/><field_value id="600000820"/><field_value id="112"/><field_value id="700036000"><value>Kinetic Request</value></field_value><field_value id="8"><value>na</value></field_value><field_value id="700000810"><value>No</value></field_value><field_value id="7"><value>0</value></field_value><field_value id="6"><value>1386152173</value></field_value><field_value id="600000043"/><field_value id="5"><value>Demo</value></field_value><field_value id="4"/><field_value id="600000042"/><field_value id="3"><value>1386152173</value></field_value><field_value id="2"><value>Demo</value></field_value><field_value id="1"><value>000000000020889</value></field_value></entry></instance></xform></arsystem_xml_report>