<?xml version="1.0" encoding="UTF-8"?>
<arsystem_xml_report><xform id="KS_SRV_ContentEvents" remedy="http://www.w3.org/2000/xforms"><instance><field-info><field><name>Also require</name><id>700001682</id><type>ENUM</type></field><field><name>Parameters_Right</name><id>700001681</id><type>CHAR</type></field><field><name>Parameters_Left</name><id>700001680</id><type>CHAR</type></field><field><name>_Next</name><id>700001239</id><type>INTEGER</type></field><field><name>_DisplayedQualificationParams</name><id>536870916</id><type>CHAR</type></field><field><name>EventName</name><id>700001202</id><type>CHAR</type></field><field><name>_ActionTwo</name><id>600000043</id><type>CHAR</type></field><field><name>_ActionOne</name><id>600000042</id><type>CHAR</type></field><field><name>_Parameters_Left_Temp</name><id>770006505</id><type>CHAR</type></field><field><name>_SortOrderOffset</name><id>700002400</id><type>INTEGER</type></field><field><name>Dialog View Name</name><id>700004587</id><type>CHAR</type></field><field><name>Bridge_Resource Id</name><id>710060809</id><type>CHAR</type></field><field><name>Right Action Code</name><id>700004585</id><type>CHAR</type></field><field><name>Notes</name><id>770006500</id><type>CHAR</type></field><field><name>Left Action Code</name><id>700004584</id><type>CHAR</type></field><field><name>Type</name><id>700001000</id><type>ENUM</type></field><field><name>ClientSideEvent InstanceId</name><id>700004583</id><type>CHAR</type></field><field><name>_SortOrderField_ID</name><id>70000088</id><type>CHAR</type></field><field><name>Name</name><id>700004582</id><type>CHAR</type></field><field><name>_EventInstanceField_ID</name><id>700002304</id><type>CHAR</type></field><field><name>_ValueField_ID</name><id>70000087</id><type>CHAR</type></field><field><name>PageInstanceId</name><id>700002303</id><type>CHAR</type></field><field><name>AlertOnNoMatchMessage</name><id>770006407</id><type>CHAR</type></field><field><name>Sort_Order</name><id>700073250</id><type>INTEGER</type></field><field><name>_CurrentListValue</name><id>70000085</id><type>CHAR</type></field><field><name>AlertOnNoMatch</name><id>770006406</id><type>ENUM</type></field><field><name>Use_Data_Source</name><id>760001307</id><type>ENUM</type></field><field><name>NullOnNoMatch</name><id>770006405</id><type>ENUM</type></field><field><name>_FormID</name><id>70000083</id><type>CHAR</type></field><field><name>Short Description</name><id>8</id><type>CHAR</type></field><field><name>_ITemInstanceID_Field_ID</name><id>70000082</id><type>CHAR</type></field><field><name>Status</name><id>7</id><type>ENUM</type></field><field><name>Modified Date</name><id>6</id><type>TIME</type></field><field><name>Event_Status</name><id>770006401</id><type>ENUM</type></field><field><name>_label_attribute</name><id>760000803</id><type>CHAR</type></field><field><name>_Last</name><id>700002239</id><type>INTEGER</type></field><field><name>Last Modified By</name><id>5</id><type>CHAR</type></field><field><name>_value_attribute</name><id>760000802</id><type>CHAR</type></field><field><name>Assigned To</name><id>4</id><type>CHAR</type></field><field><name>Create Date</name><id>3</id><type>TIME</type></field><field><name>Submitter</name><id>2</id><type>CHAR</type></field><field><name>Request ID</name><id>1</id><type>CHAR</type></field><field><name>OperationID</name><id>490000700</id><type>CHAR</type></field><field><name>Action</name><id>700004642</id><type>CHAR</type></field><field><name>_Multi-Purpose</name><id>600000090</id><type>CHAR</type></field><field><name>Callback Handler</name><id>700001698</id><type>CHAR</type></field><field><name>Callback Element Id</name><id>700001697</id><type>CHAR</type></field><field><name>Confirmation Message</name><id>700001696</id><type>CHAR</type></field><field><name>_ItemAppliedSortOrder</name><id>700001056</id><type>INTEGER</type></field><field><name>Display Confirmation Dialog</name><id>700001695</id><type>ENUM</type></field><field><name>_ItemAppliedInstanceID</name><id>700001055</id><type>CHAR</type></field><field><name>UseGetEntry</name><id>700001691</id><type>ENUM</type></field><field><name>Event_Code</name><id>700001690</id><type>CHAR</type></field><field><name>QuestionInstanceID</name><id>700000230</id><type>CHAR</type></field><field><name>SortOrderChangeTo</name><id>700001212</id><type>INTEGER</type></field><field><name>instanceId</name><id>179</id><type>CHAR</type></field><field><name>Element_Type</name><id>700007000</id><type>ENUM</type></field><field><name>If_Expression_TableDisplay</name><id>700081207</id><type>CHAR</type></field><field><name>_Element_ID</name><id>700004955</id><type>CHAR</type></field><field><name>Parent_Element_Type</name><id>700081202</id><type>ENUM</type></field><field><name>SimpleDataRequest Instance ID</name><id>700004630</id><type>CHAR</type></field><field><name>Synchronous</name><id>700001687</id><type>ENUM</type></field><field><name>Timeout</name><id>700001686</id><type>INTEGER</type></field><field><name>Clone_SourceInstanceID</name><id>700001046</id><type>CHAR</type></field><field><name>If_Expression</name><id>700001685</id><type>CHAR</type></field><field><name>_OrigQuestionInstanceID</name><id>700001045</id><type>CHAR</type></field><field><name>FireChangeEvent</name><id>770000400</id><type>ENUM</type></field><field><name>_OrigSurveyInstanceID</name><id>700001044</id><type>CHAR</type></field><field><name>_ActionThree</name><id>700001043</id><type>CHAR</type></field><field><name>SurveyInstanceID</name><id>700000800</id><type>CHAR</type></field><field><name>Also make optional</name><id>700001683</id><type>ENUM</type></field></field-info><entry id="000000000025698"><field_value id="700001682"/><field_value id="700001681"/><field_value id="700001680"/><field_value id="700001239"/><field_value id="536870916"/><field_value id="700001202"><value>*custom*</value></field_value><field_value id="600000043"/><field_value id="600000042"/><field_value id="770006505"/><field_value id="700002400"/><field_value id="700004587"><value>Custom</value></field_value><field_value id="710060809"><value>ID00505696001CZN6cUgUnTLXg0_I6</value></field_value><field_value id="700004585"/><field_value id="770006500"/><field_value id="700004584"><value>KD.utils.Action._customAction</value></field_value><field_value id="700001000"/><field_value id="700004583"><value>AG000C29497A1AuWClRQz13rKgcxoA</value></field_value><field_value id="70000088"/><field_value id="700004582"><value>Expose Bridge</value></field_value><field_value id="700002304"/><field_value id="70000087"/><field_value id="700002303"><value>KS00505696001C59mcUgYu25XgWOU6</value></field_value><field_value id="770006407"/><field_value id="700073250"><value>1</value></field_value><field_value id="70000085"/><field_value id="770006406"/><field_value id="760001307"><value>0</value></field_value><field_value id="770006405"/><field_value id="70000083"/><field_value id="8"><value>na</value></field_value><field_value id="70000082"/><field_value id="7"><value>0</value></field_value><field_value id="6"><value>1395890971</value></field_value><field_value id="770006401"><value>0</value></field_value><field_value id="760000803"/><field_value id="700002239"/><field_value id="5"><value>Demo</value></field_value><field_value id="760000802"/><field_value id="4"/><field_value id="3"><value>1386033876</value></field_value><field_value id="2"><value>Demo</value></field_value><field_value id="1"><value>000000000025698</value></field_value><field_value id="490000700"><value>ID000C29DAE499wlQzUwddB8Lg_fwL</value></field_value><field_value id="700004642"><value>Custom</value></field_value><field_value id="600000090"/><field_value id="700001698"/><field_value id="700001697"/><field_value id="700001696"/><field_value id="700001056"/><field_value id="700001695"/><field_value id="700001055"/><field_value id="700001691"/><field_value id="700001690"><value>clientManager.addAction(new KD.utils.ClientAction({elementId:'KS00505696001CQtqcUg_1K7XgtOY6', jsEvent:'*custom*', source:'bridge', action:KD.utils.Action._customAction, ifExpr:'', actionId:'ID00505696001CZN6cUgUnTLXg0_I6', params:''}));</value></field_value><field_value id="700000230"><value>KS00505696001CQtqcUg_1K7XgtOY6</value></field_value><field_value id="700001212"/><field_value id="179"><value>ID00505696001CZN6cUgrXTLXg1fI6</value></field_value><field_value id="700007000"/><field_value id="700081207"/><field_value id="700004955"/><field_value id="700081202"/><field_value id="700004630"/><field_value id="700001687"/><field_value id="700001686"><value>0</value></field_value><field_value id="700001046"/><field_value id="700001685"/><field_value id="700001045"/><field_value id="770000400"/><field_value id="700001044"/><field_value id="700001043"/><field_value id="700000800"><value>KS00505696001CUdmcUghaK3Xg9OM6</value></field_value><field_value id="700001683"/></entry><entry id="000000000025699"><field_value id="700001682"/><field_value id="700001681"/><field_value id="700001680"><value>loadAddUpdate();</value></field_value><field_value id="700001239"/><field_value id="536870916"/><field_value id="700001202"><value>load</value></field_value><field_value id="600000043"/><field_value id="600000042"/><field_value id="770006505"/><field_value id="700002400"/><field_value id="700004587"><value>Custom</value></field_value><field_value id="710060809"><value>ID00505696001Ck96cUgvC3MXgw_M6</value></field_value><field_value id="700004585"/><field_value id="770006500"/><field_value id="700004584"><value>KD.utils.Action._customAction</value></field_value><field_value id="700001000"/><field_value id="700004583"><value>AG000C29497A1AuWClRQz13rKgcxoA</value></field_value><field_value id="70000088"/><field_value id="700004582"><value>Get data definition</value></field_value><field_value id="700002304"/><field_value id="70000087"/><field_value id="700002303"><value>KS00505696001C59mcUgYu25XgWOU6</value></field_value><field_value id="770006407"/><field_value id="700073250"><value>1</value></field_value><field_value id="70000085"/><field_value id="770006406"/><field_value id="760001307"><value>0</value></field_value><field_value id="770006405"/><field_value id="70000083"/><field_value id="8"><value>na</value></field_value><field_value id="70000082"/><field_value id="7"><value>0</value></field_value><field_value id="6"><value>1386033923</value></field_value><field_value id="770006401"><value>0</value></field_value><field_value id="760000803"/><field_value id="700002239"/><field_value id="5"><value>Demo</value></field_value><field_value id="760000802"/><field_value id="4"/><field_value id="3"><value>1386033923</value></field_value><field_value id="2"><value>Demo</value></field_value><field_value id="1"><value>000000000025699</value></field_value><field_value id="490000700"><value>KS00505696001CiN6cUgawHMXgm_M6</value></field_value><field_value id="700004642"><value>Custom</value></field_value><field_value id="600000090"/><field_value id="700001698"/><field_value id="700001697"/><field_value id="700001696"/><field_value id="700001056"/><field_value id="700001695"/><field_value id="700001055"/><field_value id="700001691"/><field_value id="700001690"><value>KD.utils.Action._customAction(window, new KD.utils.ClientAction({elementId:'KS00505696001C59mcUgYu25XgWOU6', jsEvent:'load', source:'bridge', action:KD.utils.Action._customAction, ifExpr:'', actionId:'ID00505696001Ck96cUgvC3MXgw_M6', params:["loadAddUpdate();"]}));</value></field_value><field_value id="700000230"><value>KS00505696001C59mcUgYu25XgWOU6</value></field_value><field_value id="700001212"/><field_value id="179"><value>ID00505696001Ck96cUgDi7MXgxfM6</value></field_value><field_value id="700007000"/><field_value id="700081207"/><field_value id="700004955"/><field_value id="700081202"><value>0</value></field_value><field_value id="700004630"/><field_value id="700001687"/><field_value id="700001686"><value>0</value></field_value><field_value id="700001046"/><field_value id="700001685"/><field_value id="700001045"/><field_value id="770000400"/><field_value id="700001044"/><field_value id="700001043"/><field_value id="700000800"><value>KS00505696001CUdmcUghaK3Xg9OM6</value></field_value><field_value id="700001683"/></entry><entry id="000000000025709"><field_value id="700001682"><value>0</value></field_value><field_value id="700001681"/><field_value id="700001680"><value>['KS00505696001CXDSeUgpUcDZAk2U-', true]</value></field_value><field_value id="700001239"/><field_value id="536870916"/><field_value id="700001202"><value>change</value></field_value><field_value id="600000043"/><field_value id="600000042"/><field_value id="770006505"/><field_value id="700002400"/><field_value id="700004587"><value>List Fields</value></field_value><field_value id="710060809"/><field_value id="700004585"><value>KD.utils.Action._remove</value></field_value><field_value id="770006500"/><field_value id="700004584"><value>KD.utils.Action._insert</value></field_value><field_value id="700001000"/><field_value id="700004583"><value>AG000C29497A1AajalRQoBlGKg8hgA</value></field_value><field_value id="70000088"/><field_value id="700004582"><value>Require Confirmation</value></field_value><field_value id="700002304"/><field_value id="70000087"/><field_value id="700002303"><value>KS00505696001C59mcUgYu25XgWOU6</value></field_value><field_value id="770006407"/><field_value id="700073250"><value>1</value></field_value><field_value id="70000085"/><field_value id="770006406"/><field_value id="760001307"/><field_value id="770006405"/><field_value id="70000083"/><field_value id="8"><value>na</value></field_value><field_value id="70000082"/><field_value id="7"><value>0</value></field_value><field_value id="6"><value>1386121858</value></field_value><field_value id="770006401"><value>0</value></field_value><field_value id="760000803"/><field_value id="700002239"/><field_value id="5"><value>Demo</value></field_value><field_value id="760000802"/><field_value id="4"/><field_value id="3"><value>1386121858</value></field_value><field_value id="2"><value>Demo</value></field_value><field_value id="1"><value>000000000025709</value></field_value><field_value id="490000700"><value>KS00505696001CLTWeUg03UGZAn20-</value></field_value><field_value id="700004642"><value>Insert and Remove</value></field_value><field_value id="600000090"/><field_value id="700001698"/><field_value id="700001697"/><field_value id="700001696"/><field_value id="700001056"/><field_value id="700001695"/><field_value id="700001055"/><field_value id="700001691"/><field_value id="700001690"><value>clientManager.addAction(new KD.utils.ClientAction({elementId:'KS00505696001C4DOeUg4WIBZAN2M-', jsEvent:'change', source:'', action:KD.utils.Action._insert, ifExpr:'obj.value== "Yes" ', actionId:'', synchronous:false, timeout:0, params:[['KS00505696001CXDSeUgpUcDZAk2U-', true]]}));</value></field_value><field_value id="700000230"><value>KS00505696001C4DOeUg4WIBZAN2M-</value></field_value><field_value id="700001212"/><field_value id="179"><value>ID00505696001CCjaeUgGdcJZAnXY-</value></field_value><field_value id="700007000"/><field_value id="700081207"><value>obj.value== "Yes" </value></field_value><field_value id="700004955"/><field_value id="700081202"/><field_value id="700004630"/><field_value id="700001687"/><field_value id="700001686"><value>0</value></field_value><field_value id="700001046"/><field_value id="700001685"><value>obj.value== "Yes" </value></field_value><field_value id="700001045"/><field_value id="770000400"/><field_value id="700001044"/><field_value id="700001043"/><field_value id="700000800"><value>KS00505696001CUdmcUghaK3Xg9OM6</value></field_value><field_value id="700001683"/></entry><entry id="000000000025710"><field_value id="700001682"/><field_value id="700001681"><value>['KS00505696001CXDSeUgpUcDZAk2U-', true]</value></field_value><field_value id="700001680"/><field_value id="700001239"/><field_value id="536870916"/><field_value id="700001202"><value>change</value></field_value><field_value id="600000043"/><field_value id="600000042"/><field_value id="770006505"/><field_value id="700002400"/><field_value id="700004587"><value>List Fields</value></field_value><field_value id="710060809"/><field_value id="700004585"><value>KD.utils.Action._remove</value></field_value><field_value id="770006500"/><field_value id="700004584"><value>KD.utils.Action._insert</value></field_value><field_value id="700001000"/><field_value id="700004583"><value>AG000C29497A1AajalRQoBlGKg8hgA</value></field_value><field_value id="70000088"/><field_value id="700004582"><value>Hide Confirmation</value></field_value><field_value id="700002304"/><field_value id="70000087"/><field_value id="700002303"><value>KS00505696001C59mcUgYu25XgWOU6</value></field_value><field_value id="770006407"/><field_value id="700073250"><value>2</value></field_value><field_value id="70000085"/><field_value id="770006406"/><field_value id="760001307"/><field_value id="770006405"/><field_value id="70000083"/><field_value id="8"><value>na</value></field_value><field_value id="70000082"/><field_value id="7"><value>0</value></field_value><field_value id="6"><value>1386121876</value></field_value><field_value id="770006401"><value>0</value></field_value><field_value id="760000803"/><field_value id="700002239"/><field_value id="5"><value>Demo</value></field_value><field_value id="760000802"/><field_value id="4"/><field_value id="3"><value>1386121876</value></field_value><field_value id="2"><value>Demo</value></field_value><field_value id="1"><value>000000000025710</value></field_value><field_value id="490000700"><value>KS00505696001CLTWeUg03UGZAn20-</value></field_value><field_value id="700004642"><value>Insert and Remove</value></field_value><field_value id="600000090"/><field_value id="700001698"/><field_value id="700001697"/><field_value id="700001696"/><field_value id="700001056"/><field_value id="700001695"/><field_value id="700001055"/><field_value id="700001691"/><field_value id="700001690"><value> 
clientManager.addAction(new KD.utils.ClientAction({elementId:'KS00505696001C4DOeUg4WIBZAN2M-', jsEvent:'change',action:KD.utils.Action._remove, ifExpr:'obj.value!= "Yes" ', timeout:0, params:[['KS00505696001CXDSeUgpUcDZAk2U-', true]]}));</value></field_value><field_value id="700000230"><value>KS00505696001C4DOeUg4WIBZAN2M-</value></field_value><field_value id="700001212"/><field_value id="179"><value>ID00505696001CJDaeUg2DsKZAYHk-</value></field_value><field_value id="700007000"/><field_value id="700081207"><value>obj.value!= "Yes" </value></field_value><field_value id="700004955"/><field_value id="700081202"/><field_value id="700004630"/><field_value id="700001687"/><field_value id="700001686"><value>0</value></field_value><field_value id="700001046"/><field_value id="700001685"><value>obj.value!= "Yes" </value></field_value><field_value id="700001045"/><field_value id="770000400"/><field_value id="700001044"/><field_value id="700001043"/><field_value id="700000800"><value>KS00505696001CUdmcUghaK3Xg9OM6</value></field_value><field_value id="700001683"><value>0</value></field_value></entry></instance></xform></arsystem_xml_report>