<?xml version="1.0" encoding="UTF-8"?>
<arsystem_xml_report><xform id="KS_RQT_BridgedResource" remedy="http://www.w3.org/2000/xforms"><instance><field-info><field><name>_ActionFour</name><id>700002000</id><type>CHAR</type></field><field><name>Clone_SourceInstanceID</name><id>700001046</id><type>CHAR</type></field><field><name>_ActionThree</name><id>700001043</id><type>CHAR</type></field><field><name>InstanceId</name><id>179</id><type>CHAR</type></field><field><name>model_name</name><id>760000200</id><type>CHAR</type></field><field><name>qualification_type</name><id>760000402</id><type>ENUM</type></field><field><name>qualification_name</name><id>760000400</id><type>CHAR</type></field><field><name>OperationID</name><id>760000809</id><type>CHAR</type></field><field><name>Short Description</name><id>8</id><type>CHAR</type></field><field><name>Status</name><id>7</id><type>ENUM</type></field><field><name>Modified Date</name><id>6</id><type>TIME</type></field><field><name>_ActionTwo</name><id>600000043</id><type>CHAR</type></field><field><name>Last Modified By</name><id>5</id><type>CHAR</type></field><field><name>form_id</name><id>760000804</id><type>CHAR</type></field><field><name>Assigned To</name><id>4</id><type>CHAR</type></field><field><name>_ActionOne</name><id>600000042</id><type>CHAR</type></field><field><name>label_attribute</name><id>760000803</id><type>CHAR</type></field><field><name>Create Date</name><id>3</id><type>TIME</type></field><field><name>value_attribute</name><id>760000802</id><type>CHAR</type></field><field><name>Submitter</name><id>2</id><type>CHAR</type></field><field><name>source_id</name><id>760000801</id><type>CHAR</type></field><field><name>Request ID</name><id>1</id><type>CHAR</type></field><field><name>source</name><id>760000800</id><type>CHAR</type></field></field-info><entry id="000000000001105"><field_value id="700002000"/><field_value id="700001046"/><field_value id="700001043"/><field_value id="179"><value>KS00505696001Ci-UoUg42bkZQJW7v</value></field_value><field_value id="760000200"><value>Data Management Console - Bridge Models</value></field_value><field_value id="760000402"><value>1</value></field_value><field_value id="760000400"><value>All</value></field_value><field_value id="760000809"><value>KS00505696001C8ng2UgPKg2BwTjkE</value></field_value><field_value id="8"><value>N/A</value></field_value><field_value id="7"><value>0</value></field_value><field_value id="6"><value>1379319710</value></field_value><field_value id="600000043"/><field_value id="5"><value>Demo</value></field_value><field_value id="760000804"><value>KS00505696001C_c4eUgXkx8PghIJ5</value></field_value><field_value id="4"/><field_value id="600000042"/><field_value id="760000803"><value>Name</value></field_value><field_value id="3"><value>1378429936</value></field_value><field_value id="760000802"><value>Name</value></field_value><field_value id="2"><value>Demo</value></field_value><field_value id="760000801"><value>KS00505696001CiuUoUgz2XkZQGW7v</value></field_value><field_value id="1"><value>000000000001105</value></field_value><field_value id="760000800"><value>Dynamic List</value></field_value></entry><entry id="000000000001106"><field_value id="700002000"/><field_value id="700001046"/><field_value id="700001043"/><field_value id="179"><value>KS00505696001CzOUoUgO2XlZQR3Hv</value></field_value><field_value id="760000200"><value>Data Management Console - Bridge Qualifications</value></field_value><field_value id="760000402"><value>1</value></field_value><field_value id="760000400"><value>All Multiple Results Types By Model Name</value></field_value><field_value id="760000809"><value>KS00505696001Clm1IUgyEmAGgfIwR</value></field_value><field_value id="8"><value>N/A</value></field_value><field_value id="7"><value>0</value></field_value><field_value id="6"><value>1380496399</value></field_value><field_value id="600000043"/><field_value id="5"><value>Demo</value></field_value><field_value id="760000804"><value>KS00505696001C_c4eUgXkx8PghIJ5</value></field_value><field_value id="4"/><field_value id="600000042"/><field_value id="760000803"><value>Name</value></field_value><field_value id="3"><value>1378430288</value></field_value><field_value id="760000802"><value>Name</value></field_value><field_value id="2"><value>Demo</value></field_value><field_value id="760000801"><value>KS00505696001CzOUoUgTGTlZQO3Hv</value></field_value><field_value id="1"><value>000000000001106</value></field_value><field_value id="760000800"><value>Dynamic List</value></field_value></entry><entry id="000000000001107"><field_value id="700002000"/><field_value id="700001046"/><field_value id="700001043"/><field_value id="179"><value>ID00505696001CW-goUgM2PvZQRIXv</value></field_value><field_value id="760000200"><value>Data Management Console - Bridge Qualifications</value></field_value><field_value id="760000402"><value>1</value></field_value><field_value id="760000400"><value>All Multiple Results Types By Model Name</value></field_value><field_value id="760000809"><value>KS00505696001CSegoUgHx7vZQ_oTv</value></field_value><field_value id="8"><value>N/A</value></field_value><field_value id="7"><value>0</value></field_value><field_value id="6"><value>1378430678</value></field_value><field_value id="600000043"/><field_value id="5"><value>Demo</value></field_value><field_value id="760000804"><value>KS00505696001C_c4eUgXkx8PghIJ5</value></field_value><field_value id="4"/><field_value id="600000042"/><field_value id="760000803"><value>Name</value></field_value><field_value id="3"><value>1378430662</value></field_value><field_value id="760000802"><value>Name</value></field_value><field_value id="2"><value>Demo</value></field_value><field_value id="760000801"><value>ID00505696001CW-goUgXWPvZQRoXv</value></field_value><field_value id="1"><value>000000000001107</value></field_value><field_value id="760000800"><value>Populate Menu</value></field_value></entry><entry id="000000000001108"><field_value id="700002000"/><field_value id="700001046"/><field_value id="700001043"/><field_value id="179"><value>KS00505696001CgekoUgdt_zZQmYrv</value></field_value><field_value id="760000200"><value>Data Management Console - Bridge Model Attributes</value></field_value><field_value id="760000402"><value>1</value></field_value><field_value id="760000400"><value>By Bridge Name</value></field_value><field_value id="760000809"><value>KSHAA5V0HJEMVAN67I6LUM4YXPVDDE</value></field_value><field_value id="8"><value>N/A</value></field_value><field_value id="7"><value>0</value></field_value><field_value id="6"><value>1418400171</value></field_value><field_value id="600000043"/><field_value id="5"><value>Demo</value></field_value><field_value id="760000804"><value>KS00505696001C_c4eUgXkx8PghIJ5</value></field_value><field_value id="4"/><field_value id="600000042"/><field_value id="760000803"><value>Attribute Name</value></field_value><field_value id="3"><value>1378430984</value></field_value><field_value id="760000802"><value>Attribute Name</value></field_value><field_value id="2"><value>Demo</value></field_value><field_value id="760000801"><value>KS00505696001CgOkoUgdd7zZQjYrv</value></field_value><field_value id="1"><value>000000000001108</value></field_value><field_value id="760000800"><value>Dynamic List</value></field_value></entry><entry id="000000000001109"><field_value id="700002000"/><field_value id="700001046"/><field_value id="700001043"/><field_value id="179"><value>ID00505696001C1-koUg7C71ZQx4vv</value></field_value><field_value id="760000200"><value>Data Management Console - Bridge Model Attributes</value></field_value><field_value id="760000402"><value>1</value></field_value><field_value id="760000400"><value>By Bridge Name</value></field_value><field_value id="760000809"><value>KS00505696001CzekoUg9wf1ZQlYvv</value></field_value><field_value id="8"><value>N/A</value></field_value><field_value id="7"><value>0</value></field_value><field_value id="6"><value>1378431070</value></field_value><field_value id="600000043"/><field_value id="5"><value>Demo</value></field_value><field_value id="760000804"><value>KS00505696001C_c4eUgXkx8PghIJ5</value></field_value><field_value id="4"/><field_value id="600000042"/><field_value id="760000803"><value>Attribute Name</value></field_value><field_value id="3"><value>1378431056</value></field_value><field_value id="760000802"><value>Attribute Name</value></field_value><field_value id="2"><value>Demo</value></field_value><field_value id="760000801"><value>ID00505696001C1-koUg_C71ZQyYvv</value></field_value><field_value id="1"><value>000000000001109</value></field_value><field_value id="760000800"><value>Populate Menu</value></field_value></entry><entry id="000000000001110"><field_value id="700002000"/><field_value id="700001046"/><field_value id="700001043"/><field_value id="179"><value>KS00505696001Cye0oUglJoEZgVaLv</value></field_value><field_value id="760000200"><value>Data Management Console - Bridge Model Attributes</value></field_value><field_value id="760000402"><value>1</value></field_value><field_value id="760000400"><value>By Bridge Name</value></field_value><field_value id="760000809"><value>KSHAA5V0HJEMVAN67IMIUM91W0VDNG</value></field_value><field_value id="8"><value>N/A</value></field_value><field_value id="7"><value>0</value></field_value><field_value id="6"><value>1418400262</value></field_value><field_value id="600000043"/><field_value id="5"><value>Demo</value></field_value><field_value id="760000804"><value>KS00505696001C_c4eUgXkx8PghIJ5</value></field_value><field_value id="4"/><field_value id="600000042"/><field_value id="760000803"><value>Attribute Name</value></field_value><field_value id="3"><value>1378432065</value></field_value><field_value id="760000802"><value>Attribute Name</value></field_value><field_value id="2"><value>Demo</value></field_value><field_value id="760000801"><value>KS00505696001Cye0oUgipkEZgSaLv</value></field_value><field_value id="1"><value>000000000001110</value></field_value><field_value id="760000800"><value>Dynamic List</value></field_value></entry><entry id="000000000001111"><field_value id="700002000"/><field_value id="700001046"/><field_value id="700001043"/><field_value id="179"><value>ID00505696001C1_coUgEd8rZgnO3v</value></field_value><field_value id="760000200"><value>Data Management Console - Bridge Model Attributes</value></field_value><field_value id="760000402"><value>1</value></field_value><field_value id="760000400"><value>By Bridge Name</value></field_value><field_value id="760000809"><value>KS00505696001CxPcoUgb5UrZgQ-3v</value></field_value><field_value id="8"><value>N/A</value></field_value><field_value id="7"><value>0</value></field_value><field_value id="6"><value>1378434631</value></field_value><field_value id="600000043"/><field_value id="5"><value>Demo</value></field_value><field_value id="760000804"><value>KS00505696001C_c4eUgXkx8PghIJ5</value></field_value><field_value id="4"/><field_value id="600000042"/><field_value id="760000803"><value>Attribute Name</value></field_value><field_value id="3"><value>1378434612</value></field_value><field_value id="760000802"><value>Attribute Name</value></field_value><field_value id="2"><value>Demo</value></field_value><field_value id="760000801"><value>ID00505696001C1_coUgH98rZgnu3v</value></field_value><field_value id="1"><value>000000000001111</value></field_value><field_value id="760000800"><value>Populate Menu</value></field_value></entry><entry id="000000000001112"><field_value id="700002000"/><field_value id="700001046"/><field_value id="700001043"/><field_value id="179"><value>KS00505696001CivkoUgmoUyZgs_Xv</value></field_value><field_value id="760000200"><value>Data Management Console - Bridge Model Attributes</value></field_value><field_value id="760000402"><value>1</value></field_value><field_value id="760000400"><value>By Bridge Name</value></field_value><field_value id="760000809"><value>KS00505696001CcPooUgoAQ2ZgCQDw</value></field_value><field_value id="8"><value>N/A</value></field_value><field_value id="7"><value>0</value></field_value><field_value id="6"><value>1378435302</value></field_value><field_value id="600000043"/><field_value id="5"><value>Demo</value></field_value><field_value id="760000804"><value>KS00505696001C_c4eUgXkx8PghIJ5</value></field_value><field_value id="4"/><field_value id="600000042"/><field_value id="760000803"><value>Attribute Name</value></field_value><field_value id="3"><value>1378435059</value></field_value><field_value id="760000802"><value>Attribute Name</value></field_value><field_value id="2"><value>Demo</value></field_value><field_value id="760000801"><value>KS00505696001CivkoUg14IyZgp_Xv</value></field_value><field_value id="1"><value>000000000001112</value></field_value><field_value id="760000800"><value>Dynamic List</value></field_value></entry><entry id="000000000001113"><field_value id="700002000"/><field_value id="700001046"/><field_value id="700001043"/><field_value id="179"><value>ID00505696001CxfkoUg0WgzZgsPbv</value></field_value><field_value id="760000200"><value>Data Management Console - Bridge Model Attributes</value></field_value><field_value id="760000402"><value>1</value></field_value><field_value id="760000400"><value>By Bridge Name</value></field_value><field_value id="760000809"><value>KS00505696001CtPkoUg6CczZgdvbv</value></field_value><field_value id="8"><value>N/A</value></field_value><field_value id="7"><value>0</value></field_value><field_value id="6"><value>1378435140</value></field_value><field_value id="600000043"/><field_value id="5"><value>Demo</value></field_value><field_value id="760000804"><value>KS00505696001C_c4eUgXkx8PghIJ5</value></field_value><field_value id="4"/><field_value id="600000042"/><field_value id="760000803"><value>Attribute Name</value></field_value><field_value id="3"><value>1378435130</value></field_value><field_value id="760000802"><value>Attribute Name</value></field_value><field_value id="2"><value>Demo</value></field_value><field_value id="760000801"><value>ID00505696001CxfkoUg4GgzZgsvbv</value></field_value><field_value id="1"><value>000000000001113</value></field_value><field_value id="760000800"><value>Populate Menu</value></field_value></entry><entry id="000000000001114"><field_value id="700002000"/><field_value id="700001046"/><field_value id="700001043"/><field_value id="179"><value>KS00505696001C4-0vUgyP9cgQXoEB</value></field_value><field_value id="760000200"><value>Data Management Console - Bridge Qualification Parameters</value></field_value><field_value id="760000402"><value>1</value></field_value><field_value id="760000400"><value>By Bridge and by Qualification</value></field_value><field_value id="760000809"><value>KS00505696001Cpmg2UgwQH3BgDvsD</value></field_value><field_value id="8"><value>N/A</value></field_value><field_value id="7"><value>0</value></field_value><field_value id="6"><value>1379315737</value></field_value><field_value id="600000043"/><field_value id="5"><value>Demo</value></field_value><field_value id="760000804"><value>KS00505696001C_c4eUgXkx8PghIJ5</value></field_value><field_value id="4"/><field_value id="600000042"/><field_value id="760000803"><value>Name</value></field_value><field_value id="3"><value>1378890820</value></field_value><field_value id="760000802"><value>Name</value></field_value><field_value id="2"><value>Demo</value></field_value><field_value id="760000801"><value>KS00505696001C4u0vUgwPlcgQUIEB</value></field_value><field_value id="1"><value>000000000001114</value></field_value><field_value id="760000800"><value>Dynamic List</value></field_value></entry><entry id="000000000001115"><field_value id="700002000"/><field_value id="700001046"/><field_value id="700001043"/><field_value id="179"><value>ID00505696001CcPAvUgr_dmgQkIkB</value></field_value><field_value id="760000200"><value>Data Management Console - Bridge Qualification Parameters</value></field_value><field_value id="760000402"><value>1</value></field_value><field_value id="760000400"><value>By Bridge and by Qualification</value></field_value><field_value id="760000809"><value>ID00505696001CMsgwUgAsOxhAH7QD</value></field_value><field_value id="8"><value>N/A</value></field_value><field_value id="7"><value>0</value></field_value><field_value id="6"><value>1378946696</value></field_value><field_value id="600000043"/><field_value id="5"><value>Demo</value></field_value><field_value id="760000804"><value>KS00505696001C_c4eUgXkx8PghIJ5</value></field_value><field_value id="4"/><field_value id="600000042"/><field_value id="760000803"><value>Name</value></field_value><field_value id="3"><value>1378891473</value></field_value><field_value id="760000802"><value>Name</value></field_value><field_value id="2"><value>Demo</value></field_value><field_value id="760000801"><value>ID00505696001CcPAvUgAvhmgQkokB</value></field_value><field_value id="1"><value>000000000001115</value></field_value><field_value id="760000800"><value>Populate Menu</value></field_value></entry><entry id="000000000001116"><field_value id="700002000"/><field_value id="700001046"/><field_value id="700001043"/><field_value id="179"><value>KS00505696001CYjMyUgj8hhAAWvMA</value></field_value><field_value id="760000200"><value>Data Management Console - Helper Data</value></field_value><field_value id="760000402"><value>1</value></field_value><field_value id="760000400"><value>All Entries</value></field_value><field_value id="760000809"><value>KS00505696001CX0gyUg_sSzAAqTUB</value></field_value><field_value id="8"><value>N/A</value></field_value><field_value id="7"><value>0</value></field_value><field_value id="6"><value>1379045049</value></field_value><field_value id="600000043"/><field_value id="5"><value>KD_WEBUSER</value></field_value><field_value id="760000804"><value>KS00505696001C_c4eUgXkx8PghIJ5</value></field_value><field_value id="4"/><field_value id="600000042"/><field_value id="760000803"><value>Character Field 1</value></field_value><field_value id="3"><value>1379041756</value></field_value><field_value id="760000802"><value>Character Field 1</value></field_value><field_value id="2"><value>KD_WEBUSER</value></field_value><field_value id="760000801"><value>KS00505696001CYTMyUggcdhAATPMA</value></field_value><field_value id="1"><value>000000000001116</value></field_value><field_value id="760000800"><value>Dynamic List</value></field_value></entry><entry id="000000000001117"><field_value id="700002000"/><field_value id="700001046"/><field_value id="700001043"/><field_value id="179"><value>ID00505696001CwWg2UgHWn3Bgd_sD</value></field_value><field_value id="760000200"><value>Data Management Console - Bridge Qualification Parameters</value></field_value><field_value id="760000402"><value>0</value></field_value><field_value id="760000400"><value>By Bridge and by Qualification and by Parameter</value></field_value><field_value id="760000809"><value>KS00505696001Cpmg2UgwQH3BgDvsD</value></field_value><field_value id="8"><value>N/A</value></field_value><field_value id="7"><value>0</value></field_value><field_value id="6"><value>1379315730</value></field_value><field_value id="600000043"/><field_value id="5"><value>Demo</value></field_value><field_value id="760000804"><value>KS00505696001C_c4eUgXkx8PghIJ5</value></field_value><field_value id="4"/><field_value id="600000042"/><field_value id="760000803"/><field_value id="3"><value>1379315538</value></field_value><field_value id="760000802"/><field_value id="2"><value>Demo</value></field_value><field_value id="760000801"><value>ID00505696001Cwmg2UgLW33BgevsD</value></field_value><field_value id="1"><value>000000000001117</value></field_value><field_value id="760000800"><value>Set Fields - External</value></field_value></entry><entry id="000000000001118"><field_value id="700002000"/><field_value id="700001046"/><field_value id="700001043"/><field_value id="179"><value>ID00505696001ChsxHUgfiQLGApL0P</value></field_value><field_value id="760000200"><value>Data Management Console - Helper Data</value></field_value><field_value id="760000402"><value>0</value></field_value><field_value id="760000400"><value>By Record Id</value></field_value><field_value id="760000809"><value>KS00505696001CasxHUgpbYKGATL0P</value></field_value><field_value id="8"><value>N/A</value></field_value><field_value id="7"><value>0</value></field_value><field_value id="6"><value>1380455150</value></field_value><field_value id="600000043"/><field_value id="5"><value>Demo</value></field_value><field_value id="760000804"><value>KS00505696001C_c4eUgXkx8PghIJ5</value></field_value><field_value id="4"/><field_value id="600000042"/><field_value id="760000803"/><field_value id="3"><value>1380455133</value></field_value><field_value id="760000802"/><field_value id="2"><value>Demo</value></field_value><field_value id="760000801"><value>ID00505696001ChsxHUgDSULGApr0P</value></field_value><field_value id="1"><value>000000000001118</value></field_value><field_value id="760000800"><value>Custom</value></field_value></entry><entry id="000000000001119"><field_value id="700002000"/><field_value id="700001046"/><field_value id="700001043"/><field_value id="179"><value>KS00505696001C-b1JUgBk2iHwQzUW</value></field_value><field_value id="760000200"><value>Groups</value></field_value><field_value id="760000402"><value>1</value></field_value><field_value id="760000400"><value>Find Current Regular Groups</value></field_value><field_value id="760000809"><value>KS000C29DAE499kf7zUgTzGEUw29kQ</value></field_value><field_value id="8"><value>N/A</value></field_value><field_value id="7"><value>0</value></field_value><field_value id="6"><value>1391750952</value></field_value><field_value id="600000043"/><field_value id="5"><value>Demo</value></field_value><field_value id="760000804"><value>KS00505696001C_c4eUgXkx8PghIJ5</value></field_value><field_value id="4"/><field_value id="600000042"/><field_value id="760000803"><value>Group Name</value></field_value><field_value id="3"><value>1380582494</value></field_value><field_value id="760000802"><value>Group ID</value></field_value><field_value id="2"><value>Demo</value></field_value><field_value id="760000801"><value>KS00505696001C971JUgqEaiHwMDUW</value></field_value><field_value id="1"><value>000000000001119</value></field_value><field_value id="760000800"><value>Dynamic List</value></field_value></entry></instance></xform></arsystem_xml_report>