<?xml version="1.0" encoding="UTF-8"?>
<arsystem_xml_report><xform id="KS_TSK_Tree" remedy="http://www.w3.org/2000/xforms"><instance><field-info><field><name>Source</name><id>700000900</id><type>CHAR</type></field><field><name>Subtree Id</name><id>700000960</id><type>CHAR</type></field><field><name>Name</name><id>700001000</id><type>CHAR</type></field><field><name>Source Group</name><id>700000911</id><type>CHAR</type></field><field><name>Association ID</name><id>700000800</id><type>CHAR</type></field><field><name>instanceId</name><id>179</id><type>CHAR</type></field><field><name>Notes</name><id>700000985</id><type>CHAR</type></field><field><name>Assignee Group</name><id>112</id><type>CHAR</type></field><field><name>Tree XML</name><id>700000950</id><type>CHAR</type></field><field><name>Description</name><id>8</id><type>CHAR</type></field><field><name>Status</name><id>7</id><type>ENUM</type></field><field><name>Modified Date</name><id>6</id><type>TIME</type></field><field><name>Last Modified By</name><id>5</id><type>CHAR</type></field><field><name>Assigned To</name><id>4</id><type>CHAR</type></field><field><name>Create Date</name><id>3</id><type>TIME</type></field><field><name>Type</name><id>700000999</id><type>CHAR</type></field><field><name>Submitter</name><id>2</id><type>CHAR</type></field><field><name>Request ID</name><id>1</id><type>CHAR</type></field></field-info><entry id="000000000000073"><field_value id="700000900"><value>Kinetic Request</value></field_value><field_value id="700000960"/><field_value id="700001000"><value>Test Tree</value></field_value><field_value id="700000911"><value>Data Management &gt; New Data Set Definition</value></field_value><field_value id="700000800"><value>KS00505696001C_c4eUgXkx8PghIJ5</value></field_value><field_value id="179"><value>ID00505696001CdS8yUgB3NSAAnecA</value></field_value><field_value id="700000985"><value>A new task process</value></field_value><field_value id="112"><value>0;</value></field_value><field_value id="700000950"><value>&lt;taskTree schema_version="1.0" version=""&gt;&lt;name&gt;Test Tree&lt;/name&gt;&lt;author/&gt;&lt;notes/&gt;&lt;lastID&gt;0&lt;/lastID&gt;&lt;request&gt;&lt;task name="Start" id="start" definition_id="system_start_v1" x="10" y="10"&gt;&lt;version&gt;1&lt;/version&gt;&lt;configured&gt;true&lt;/configured&gt;&lt;defers&gt;false&lt;/defers&gt;&lt;deferrable&gt;false&lt;/deferrable&gt;&lt;visible&gt;false&lt;/visible&gt;&lt;parameters/&gt;&lt;messages/&gt;&lt;dependents/&gt;&lt;/task&gt;&lt;/request&gt;&lt;/taskTree&gt;</value></field_value><field_value id="8"><value>Kinetic Task Process Tree</value></field_value><field_value id="7"><value>0</value></field_value><field_value id="6"><value>1391751030</value></field_value><field_value id="5"><value>Demo</value></field_value><field_value id="4"/><field_value id="3"><value>1379038661</value></field_value><field_value id="700000999"><value>Complete</value></field_value><field_value id="2"><value>KD_WEBUSER</value></field_value><field_value id="1"><value>000000000000073</value></field_value></entry></instance></xform></arsystem_xml_report>