<?xml version="1.0" encoding="UTF-8"?>
<arsystem_xml_report><xform id="KS_RQT_BridgedResource" remedy="http://www.w3.org/2000/xforms"><instance><field-info><field><name>_ActionFour</name><id>700002000</id><type>CHAR</type></field><field><name>Clone_SourceInstanceID</name><id>700001046</id><type>CHAR</type></field><field><name>_ActionThree</name><id>700001043</id><type>CHAR</type></field><field><name>InstanceId</name><id>179</id><type>CHAR</type></field><field><name>model_name</name><id>760000200</id><type>CHAR</type></field><field><name>qualification_type</name><id>760000402</id><type>ENUM</type></field><field><name>qualification_name</name><id>760000400</id><type>CHAR</type></field><field><name>OperationID</name><id>760000809</id><type>CHAR</type></field><field><name>Short Description</name><id>8</id><type>CHAR</type></field><field><name>Status</name><id>7</id><type>ENUM</type></field><field><name>Modified Date</name><id>6</id><type>TIME</type></field><field><name>_ActionTwo</name><id>600000043</id><type>CHAR</type></field><field><name>Last Modified By</name><id>5</id><type>CHAR</type></field><field><name>form_id</name><id>760000804</id><type>CHAR</type></field><field><name>Assigned To</name><id>4</id><type>CHAR</type></field><field><name>_ActionOne</name><id>600000042</id><type>CHAR</type></field><field><name>label_attribute</name><id>760000803</id><type>CHAR</type></field><field><name>Create Date</name><id>3</id><type>TIME</type></field><field><name>value_attribute</name><id>760000802</id><type>CHAR</type></field><field><name>Submitter</name><id>2</id><type>CHAR</type></field><field><name>source_id</name><id>760000801</id><type>CHAR</type></field><field><name>Request ID</name><id>1</id><type>CHAR</type></field><field><name>source</name><id>760000800</id><type>CHAR</type></field></field-info><entry id="000000000002204"><field_value id="700002000"/><field_value id="700001046"/><field_value id="700001043"/><field_value id="179"><value>KS00505696001Cb54kUgzaMuVQdWg3</value></field_value><field_value id="760000200"><value>Data Management Console - Data Types</value></field_value><field_value id="760000402"><value>1</value></field_value><field_value id="760000400"><value>All Active</value></field_value><field_value id="760000809"><value>KS00505696001C4DY5UgHZHsEQPgIL</value></field_value><field_value id="8"><value>N/A</value></field_value><field_value id="7"><value>0</value></field_value><field_value id="6"><value>1379484930</value></field_value><field_value id="600000043"/><field_value id="5"><value>Demo</value></field_value><field_value id="760000804"><value>KS00505696001C58UeUgu85YPgOWx5</value></field_value><field_value id="4"/><field_value id="600000042"/><field_value id="760000803"><value>Level 1</value></field_value><field_value id="3"><value>1378135235</value></field_value><field_value id="760000802"><value>Level 1</value></field_value><field_value id="2"><value>Demo</value></field_value><field_value id="760000801"><value>KS00505696001Cbp4kUg058uVQZ2g3</value></field_value><field_value id="1"><value>000000000002204</value></field_value><field_value id="760000800"><value>Dynamic List</value></field_value></entry><entry id="000000000002205"><field_value id="700002000"/><field_value id="700001046"/><field_value id="700001043"/><field_value id="179"><value>KS00505696001CzZ4kUgahAwVQkmk3</value></field_value><field_value id="760000200"><value>Data Management Console - Data Types</value></field_value><field_value id="760000402"><value>1</value></field_value><field_value id="760000400"><value>By Level 1</value></field_value><field_value id="760000809"><value>KS00505696001C9DY5UgIuLsEQmgIL</value></field_value><field_value id="8"><value>N/A</value></field_value><field_value id="7"><value>0</value></field_value><field_value id="6"><value>1379484962</value></field_value><field_value id="600000043"/><field_value id="5"><value>Demo</value></field_value><field_value id="760000804"><value>KS00505696001C58UeUgu85YPgOWx5</value></field_value><field_value id="4"/><field_value id="600000042"/><field_value id="760000803"><value>Level 2</value></field_value><field_value id="3"><value>1378135298</value></field_value><field_value id="760000802"><value>Level 2</value></field_value><field_value id="2"><value>Demo</value></field_value><field_value id="760000801"><value>KS00505696001CzJ4kUgXQwwVQhGk3</value></field_value><field_value id="1"><value>000000000002205</value></field_value><field_value id="760000800"><value>Dynamic List</value></field_value></entry><entry id="000000000002206"><field_value id="700002000"/><field_value id="700001046"/><field_value id="700001043"/><field_value id="179"><value>KS00505696001CGZ8kUg7DgxVQpGo3</value></field_value><field_value id="760000200"><value>Data Management Console - Data Types</value></field_value><field_value id="760000402"><value>1</value></field_value><field_value id="760000400"><value>By Level 1 and 2</value></field_value><field_value id="760000809"><value>KS00505696001CFDc5UgvlztEQOQML</value></field_value><field_value id="8"><value>N/A</value></field_value><field_value id="7"><value>0</value></field_value><field_value id="6"><value>1379484972</value></field_value><field_value id="600000043"/><field_value id="5"><value>Demo</value></field_value><field_value id="760000804"><value>KS00505696001C58UeUgu85YPgOWx5</value></field_value><field_value id="4"/><field_value id="600000042"/><field_value id="760000803"><value>Level 3</value></field_value><field_value id="3"><value>1378135354</value></field_value><field_value id="760000802"><value>Level 3</value></field_value><field_value id="2"><value>Demo</value></field_value><field_value id="760000801"><value>KS00505696001CF58kUg9TMxVQlmo3</value></field_value><field_value id="1"><value>000000000002206</value></field_value><field_value id="760000800"><value>Dynamic List</value></field_value></entry><entry id="000000000002207"><field_value id="700002000"/><field_value id="700001046"/><field_value id="700001043"/><field_value id="179"><value>KS00505696001CVZ8kUgTiYyVQhms3</value></field_value><field_value id="760000200"><value>Data Management Console - Data Types</value></field_value><field_value id="760000402"><value>1</value></field_value><field_value id="760000400"><value>All Active</value></field_value><field_value id="760000809"><value>KS000C29DAE499pvvzUgj8t4Uw09MQ</value></field_value><field_value id="8"><value>N/A</value></field_value><field_value id="7"><value>0</value></field_value><field_value id="6"><value>1391728602</value></field_value><field_value id="600000043"/><field_value id="5"><value>Demo</value></field_value><field_value id="760000804"><value>KS00505696001C58UeUgu85YPgOWx5</value></field_value><field_value id="4"/><field_value id="600000042"/><field_value id="760000803"><value>Data Type Name</value></field_value><field_value id="3"><value>1378135412</value></field_value><field_value id="760000802"><value>Data Type Name</value></field_value><field_value id="2"><value>Demo</value></field_value><field_value id="760000801"><value>KS00505696001CVJ8kUg-iAyVQeGs3</value></field_value><field_value id="1"><value>000000000002207</value></field_value><field_value id="760000800"><value>Dynamic List</value></field_value></entry><entry id="000000000002208"><field_value id="700002000"/><field_value id="700001046"/><field_value id="700001043"/><field_value id="179"><value>ID00505696001CgZ8kUg4s8yVQS2w3</value></field_value><field_value id="760000200"><value>Data Management Console - Data Types</value></field_value><field_value id="760000402"><value>1</value></field_value><field_value id="760000400"><value>By Level 1</value></field_value><field_value id="760000809"><value>ID00505696001C-aAkUgao84VQyHE3</value></field_value><field_value id="8"><value>N/A</value></field_value><field_value id="7"><value>0</value></field_value><field_value id="6"><value>1378135825</value></field_value><field_value id="600000043"/><field_value id="5"><value>Demo</value></field_value><field_value id="760000804"><value>KS00505696001C58UeUgu85YPgOWx5</value></field_value><field_value id="4"/><field_value id="600000042"/><field_value id="760000803"><value>Level 2</value></field_value><field_value id="3"><value>1378135478</value></field_value><field_value id="760000802"><value>Level 2</value></field_value><field_value id="2"><value>Demo</value></field_value><field_value id="760000801"><value>ID00505696001CgZ8kUgbdAyVQTWw3</value></field_value><field_value id="1"><value>000000000002208</value></field_value><field_value id="760000800"><value>Populate Menu</value></field_value></entry><entry id="000000000002209"><field_value id="700002000"/><field_value id="700001046"/><field_value id="700001043"/><field_value id="179"><value>ID00505696001CyZ8kUgo-kzVQKW03</value></field_value><field_value id="760000200"><value>Data Management Console - Data Types</value></field_value><field_value id="760000402"><value>1</value></field_value><field_value id="760000400"><value>By Level 1 and 2</value></field_value><field_value id="760000809"><value>ID00505696001CBKEkUgL7g4VQ-3E3</value></field_value><field_value id="8"><value>N/A</value></field_value><field_value id="7"><value>0</value></field_value><field_value id="6"><value>1378135835</value></field_value><field_value id="600000043"/><field_value id="5"><value>Demo</value></field_value><field_value id="760000804"><value>KS00505696001C58UeUgu85YPgOWx5</value></field_value><field_value id="4"/><field_value id="600000042"/><field_value id="760000803"><value>Level 3</value></field_value><field_value id="3"><value>1378135551</value></field_value><field_value id="760000802"><value>Level 3</value></field_value><field_value id="2"><value>Demo</value></field_value><field_value id="760000801"><value>ID00505696001CyZ8kUgTeozVQK203</value></field_value><field_value id="1"><value>000000000002209</value></field_value><field_value id="760000800"><value>Populate Menu</value></field_value></entry><entry id="000000000002210"><field_value id="700002000"/><field_value id="700001046"/><field_value id="700001043"/><field_value id="179"><value>ID00505696001CVKAkUgCAk2VQ8G43</value></field_value><field_value id="760000200"><value>Data Management Console - Data Types</value></field_value><field_value id="760000402"><value>1</value></field_value><field_value id="760000400"><value>By Level 1</value></field_value><field_value id="760000809"><value>ID00505696001C2HolUg_ZqLWA8Qc6</value></field_value><field_value id="8"><value>N/A</value></field_value><field_value id="7"><value>0</value></field_value><field_value id="6"><value>1378191613</value></field_value><field_value id="600000043"/><field_value id="5"><value>Demo</value></field_value><field_value id="760000804"><value>KS00505696001C58UeUgu85YPgOWx5</value></field_value><field_value id="4"/><field_value id="600000042"/><field_value id="760000803"><value>Data Type Name</value></field_value><field_value id="3"><value>1378135666</value></field_value><field_value id="760000802"><value>Data Type Name</value></field_value><field_value id="2"><value>Demo</value></field_value><field_value id="760000801"><value>ID00505696001CVKAkUgaAk2VQ8m43</value></field_value><field_value id="1"><value>000000000002210</value></field_value><field_value id="760000800"><value>Populate Menu</value></field_value></entry><entry id="000000000002211"><field_value id="700002000"/><field_value id="700001046"/><field_value id="700001043"/><field_value id="179"><value>ID00505696001Ci6AkUgv982VQ9G83</value></field_value><field_value id="760000200"><value>Data Management Console - Data Types</value></field_value><field_value id="760000402"><value>1</value></field_value><field_value id="760000400"><value>By Level 1 and 2</value></field_value><field_value id="760000809"><value>KS00505696001CgaAkUgbLo2VQx283</value></field_value><field_value id="8"><value>N/A</value></field_value><field_value id="7"><value>0</value></field_value><field_value id="6"><value>1378135756</value></field_value><field_value id="600000043"/><field_value id="5"><value>Demo</value></field_value><field_value id="760000804"><value>KS00505696001C58UeUgu85YPgOWx5</value></field_value><field_value id="4"/><field_value id="600000042"/><field_value id="760000803"><value>Level 3</value></field_value><field_value id="3"><value>1378135714</value></field_value><field_value id="760000802"><value>Level 3</value></field_value><field_value id="2"><value>Demo</value></field_value><field_value id="760000801"><value>ID00505696001Ci6AkUgBuA2VQ9m83</value></field_value><field_value id="1"><value>000000000002211</value></field_value><field_value id="760000800"><value>Populate Menu</value></field_value></entry><entry id="000000000002212"><field_value id="700002000"/><field_value id="700001046"/><field_value id="700001043"/><field_value id="179"><value>ID00505696001CwaAkUgObQ3VQxHA3</value></field_value><field_value id="760000200"><value>Data Management Console - Data Types</value></field_value><field_value id="760000402"><value>1</value></field_value><field_value id="760000400"><value>By Level 1 and 2</value></field_value><field_value id="760000809"><value>KS00505696001CgaAkUgbLo2VQx283</value></field_value><field_value id="8"><value>N/A</value></field_value><field_value id="7"><value>0</value></field_value><field_value id="6"><value>1378135804</value></field_value><field_value id="600000043"/><field_value id="5"><value>Demo</value></field_value><field_value id="760000804"><value>KS00505696001C58UeUgu85YPgOWx5</value></field_value><field_value id="4"/><field_value id="600000042"/><field_value id="760000803"><value>Data Type Name</value></field_value><field_value id="3"><value>1378135779</value></field_value><field_value id="760000802"><value>Data Type Name</value></field_value><field_value id="2"><value>Demo</value></field_value><field_value id="760000801"><value>ID00505696001CwaAkUghrQ3VQxnA3</value></field_value><field_value id="1"><value>000000000002212</value></field_value><field_value id="760000800"><value>Populate Menu</value></field_value></entry><entry id="000000000002213"><field_value id="700002000"/><field_value id="700001046"/><field_value id="700001043"/><field_value id="179"><value>ID00505696001CJqEkUgrTw5VQp3I3</value></field_value><field_value id="760000200"><value>Data Management Console - Data Types</value></field_value><field_value id="760000402"><value>1</value></field_value><field_value id="760000400"><value>By Level 1, 2 and 3</value></field_value><field_value id="760000809"><value>KS00505696001CGqEkUgEhA5VQeHI3</value></field_value><field_value id="8"><value>N/A</value></field_value><field_value id="7"><value>0</value></field_value><field_value id="6"><value>1378135904</value></field_value><field_value id="600000043"/><field_value id="5"><value>Demo</value></field_value><field_value id="760000804"><value>KS00505696001C58UeUgu85YPgOWx5</value></field_value><field_value id="4"/><field_value id="600000042"/><field_value id="760000803"><value>Data Type Name</value></field_value><field_value id="3"><value>1378135870</value></field_value><field_value id="760000802"><value>Data Type Name</value></field_value><field_value id="2"><value>Demo</value></field_value><field_value id="760000801"><value>ID00505696001CJqEkUg_jw5VQqXI3</value></field_value><field_value id="1"><value>000000000002213</value></field_value><field_value id="760000800"><value>Populate Menu</value></field_value></entry><entry id="000000000002215"><field_value id="700002000"/><field_value id="700001046"/><field_value id="700001043"/><field_value id="179"><value>ID00505696001CQrEkUgGCx4VQka43</value></field_value><field_value id="760000200"><value>Data Management Console - Helper Data</value></field_value><field_value id="760000402"><value>1</value></field_value><field_value id="760000400"><value>All All</value></field_value><field_value id="760000809"><value>ID00505696001CSVIlUgpC_tVws3g5</value></field_value><field_value id="8"><value>N/A</value></field_value><field_value id="7"><value>0</value></field_value><field_value id="6"><value>1378186604</value></field_value><field_value id="600000043"/><field_value id="5"><value>Demo</value></field_value><field_value id="760000804"><value>KS00505696001C58UeUgu85YPgOWx5</value></field_value><field_value id="4"/><field_value id="600000042"/><field_value id="760000803"/><field_value id="3"><value>1378140024</value></field_value><field_value id="760000802"/><field_value id="2"><value>Demo</value></field_value><field_value id="760000801"><value>ID00505696001CQrEkUgbyx4VQk643</value></field_value><field_value id="1"><value>000000000002215</value></field_value><field_value id="760000800"><value>Custom</value></field_value></entry><entry id="000000000002219"><field_value id="700002000"/><field_value id="700001046"/><field_value id="700001043"/><field_value id="179"><value>ID00505696001CQ1wlUgdCcUWAn6U5</value></field_value><field_value id="760000200"><value>Data Management Console - Data Definitions</value></field_value><field_value id="760000402"><value>0</value></field_value><field_value id="760000400"><value>By Data Type Name</value></field_value><field_value id="760000809"><value>ID00505696001CIRsuUg6bg9eg6xP8</value></field_value><field_value id="8"><value>N/A</value></field_value><field_value id="7"><value>0</value></field_value><field_value id="6"><value>1378756925</value></field_value><field_value id="600000043"/><field_value id="5"><value>Demo</value></field_value><field_value id="760000804"><value>KS00505696001C58UeUgu85YPgOWx5</value></field_value><field_value id="4"/><field_value id="600000042"/><field_value id="760000803"/><field_value id="3"><value>1378183790</value></field_value><field_value id="760000802"/><field_value id="2"><value>Demo</value></field_value><field_value id="760000801"><value>ID00505696001CQ1wlUgzycUWAoaU5</value></field_value><field_value id="1"><value>000000000002219</value></field_value><field_value id="760000800"><value>Set Fields - External</value></field_value></entry><entry id="000000000002220"><field_value id="700002000"/><field_value id="700001046"/><field_value id="700001043"/><field_value id="179"><value>ID00505696001Cb2clUgg8k_WAG8M5</value></field_value><field_value id="760000200"><value>Data Management Console - Helper Data</value></field_value><field_value id="760000402"><value>1</value></field_value><field_value id="760000400"><value>All Entries</value></field_value><field_value id="760000809"><value>KS00505696001CY2clUgYpw_WA8cI5</value></field_value><field_value id="8"><value>N/A</value></field_value><field_value id="7"><value>0</value></field_value><field_value id="6"><value>1378188864</value></field_value><field_value id="600000043"/><field_value id="5"><value>Demo</value></field_value><field_value id="760000804"><value>KS00505696001C58UeUgu85YPgOWx5</value></field_value><field_value id="4"/><field_value id="600000042"/><field_value id="760000803"/><field_value id="3"><value>1378186634</value></field_value><field_value id="760000802"/><field_value id="2"><value>Demo</value></field_value><field_value id="760000801"><value>ID00505696001Cb2clUg2ck_WAHcM5</value></field_value><field_value id="1"><value>000000000002220</value></field_value><field_value id="760000800"><value>Custom</value></field_value></entry><entry id="000000000002221"><field_value id="700002000"/><field_value id="700001046"/><field_value id="700001043"/><field_value id="179"><value>ID00505696001CyHklUgv3aHWAsv45</value></field_value><field_value id="760000200"><value>Data Management Console - Helper Data</value></field_value><field_value id="760000402"><value>1</value></field_value><field_value id="760000400"><value>All Entries - Special Param 3</value></field_value><field_value id="760000809"><value>KS00505696001Cp3klUg_fWGWAaP45</value></field_value><field_value id="8"><value>N/A</value></field_value><field_value id="7"><value>0</value></field_value><field_value id="6"><value>1378191340</value></field_value><field_value id="600000043"/><field_value id="5"><value>Demo</value></field_value><field_value id="760000804"><value>KS00505696001C58UeUgu85YPgOWx5</value></field_value><field_value id="4"/><field_value id="600000042"/><field_value id="760000803"/><field_value id="3"><value>1378191327</value></field_value><field_value id="760000802"/><field_value id="2"><value>Demo</value></field_value><field_value id="760000801"><value>ID00505696001CynklUgKX2HWAtv45</value></field_value><field_value id="1"><value>000000000002221</value></field_value><field_value id="760000800"><value>Custom</value></field_value></entry><entry id="000000000002222"><field_value id="700002000"/><field_value id="700001046"/><field_value id="700001043"/><field_value id="179"><value>ID00505696001C_3olUgSDSMWAjwg6</value></field_value><field_value id="760000200"><value>Data Management Console - Data Types</value></field_value><field_value id="760000402"><value>1</value></field_value><field_value id="760000400"><value>All Active</value></field_value><field_value id="760000809"><value>KS00505696001CzXolUgLHOLWAtwc6</value></field_value><field_value id="8"><value>N/A</value></field_value><field_value id="7"><value>0</value></field_value><field_value id="6"><value>1378191659</value></field_value><field_value id="600000043"/><field_value id="5"><value>Demo</value></field_value><field_value id="760000804"><value>KS00505696001C58UeUgu85YPgOWx5</value></field_value><field_value id="4"/><field_value id="600000042"/><field_value id="760000803"><value>Data Type Name</value></field_value><field_value id="3"><value>1378191652</value></field_value><field_value id="760000802"><value>Data Type Name</value></field_value><field_value id="2"><value>Demo</value></field_value><field_value id="760000801"><value>ID00505696001C_3olUgkzSMWAkQg6</value></field_value><field_value id="1"><value>000000000002222</value></field_value><field_value id="760000800"><value>Populate Menu</value></field_value></entry><entry id="000000000002406"><field_value id="700002000"/><field_value id="700001046"/><field_value id="700001043"/><field_value id="179"><value>ID00505696001CEYQ2Ug8RliBwcmcE</value></field_value><field_value id="760000200"><value>Data Management Console - Helper Data</value></field_value><field_value id="760000402"><value>1</value></field_value><field_value id="760000400"><value>Index 1</value></field_value><field_value id="760000809"><value>KS00505696001C8YM2UgKp5hBwFWcE</value></field_value><field_value id="8"><value>N/A</value></field_value><field_value id="7"><value>0</value></field_value><field_value id="6"><value>1379308080</value></field_value><field_value id="600000043"/><field_value id="5"><value>Demo</value></field_value><field_value id="760000804"><value>KS00505696001C58UeUgu85YPgOWx5</value></field_value><field_value id="4"/><field_value id="600000042"/><field_value id="760000803"/><field_value id="3"><value>1379308071</value></field_value><field_value id="760000802"/><field_value id="2"><value>Demo</value></field_value><field_value id="760000801"><value>ID00505696001CEYQ2UgPRpiBwdGcE</value></field_value><field_value id="1"><value>000000000002406</value></field_value><field_value id="760000800"><value>Custom</value></field_value></entry><entry id="000000000002407"><field_value id="700002000"/><field_value id="700001046"/><field_value id="700001043"/><field_value id="179"><value>ID00505696001CXYQ2UgNkJjBwSmgE</value></field_value><field_value id="760000200"><value>Data Management Console - Helper Data</value></field_value><field_value id="760000402"><value>1</value></field_value><field_value id="760000400"><value>Index 1 | Index 2 (any match/wildcards/non-null)</value></field_value><field_value id="760000809"><value>KS00505696001CNYQ2UgWKViBw52cE</value></field_value><field_value id="8"><value>N/A</value></field_value><field_value id="7"><value>0</value></field_value><field_value id="6"><value>1379308356</value></field_value><field_value id="600000043"/><field_value id="5"><value>Demo</value></field_value><field_value id="760000804"><value>KS00505696001C58UeUgu85YPgOWx5</value></field_value><field_value id="4"/><field_value id="600000042"/><field_value id="760000803"/><field_value id="3"><value>1379308147</value></field_value><field_value id="760000802"/><field_value id="2"><value>Demo</value></field_value><field_value id="760000801"><value>ID00505696001CXYQ2UgiUJjBwTGgE</value></field_value><field_value id="1"><value>000000000002407</value></field_value><field_value id="760000800"><value>Custom</value></field_value></entry><entry id="000000000002408"><field_value id="700002000"/><field_value id="700001046"/><field_value id="700001043"/><field_value id="179"><value>ID00505696001Cm4Q2UgBTVkBwD2kE</value></field_value><field_value id="760000200"><value>Data Management Console - Helper Data</value></field_value><field_value id="760000402"><value>1</value></field_value><field_value id="760000400"><value>Index 1 | Index 2 (exact match/null)</value></field_value><field_value id="760000809"><value>KS00505696001ChoQ2UgFeNjBw1WgE</value></field_value><field_value id="8"><value>N/A</value></field_value><field_value id="7"><value>0</value></field_value><field_value id="6"><value>1379308331</value></field_value><field_value id="600000043"/><field_value id="5"><value>Demo</value></field_value><field_value id="760000804"><value>KS00505696001C58UeUgu85YPgOWx5</value></field_value><field_value id="4"/><field_value id="600000042"/><field_value id="760000803"/><field_value id="3"><value>1379308208</value></field_value><field_value id="760000802"/><field_value id="2"><value>Demo</value></field_value><field_value id="760000801"><value>ID00505696001Cm4Q2UgWTVkBwEWkE</value></field_value><field_value id="1"><value>000000000002408</value></field_value><field_value id="760000800"><value>Custom</value></field_value></entry><entry id="000000000002409"><field_value id="700002000"/><field_value id="700001046"/><field_value id="700001043"/><field_value id="179"><value>ID00505696001C34Q2UgOD5lBwzWkE</value></field_value><field_value id="760000200"><value>Data Management Console - Helper Data</value></field_value><field_value id="760000402"><value>1</value></field_value><field_value id="760000400"><value>Index 1 | Index 2 | Index 3 (any match/wildcards/non-null)</value></field_value><field_value id="760000809"><value>KS00505696001Cv4Q2UgG8BkBwgWkE</value></field_value><field_value id="8"><value>N/A</value></field_value><field_value id="7"><value>0</value></field_value><field_value id="6"><value>1379308296</value></field_value><field_value id="600000043"/><field_value id="5"><value>Demo</value></field_value><field_value id="760000804"><value>KS00505696001C58UeUgu85YPgOWx5</value></field_value><field_value id="4"/><field_value id="600000042"/><field_value id="760000803"/><field_value id="3"><value>1379308278</value></field_value><field_value id="760000802"/><field_value id="2"><value>Demo</value></field_value><field_value id="760000801"><value>ID00505696001C34Q2Ugjj5lBwz2kE</value></field_value><field_value id="1"><value>000000000002409</value></field_value><field_value id="760000800"><value>Custom</value></field_value></entry><entry id="000000000002410"><field_value id="700002000"/><field_value id="700001046"/><field_value id="700001043"/><field_value id="179"><value>ID00505696001CUIU2UgFvlmBwcWsE</value></field_value><field_value id="760000200"><value>Data Management Console - Helper Data</value></field_value><field_value id="760000402"><value>1</value></field_value><field_value id="760000400"><value>Index 1 | Index 2 | Index 3 (exact match/null)</value></field_value><field_value id="760000809"><value>KS00505696001CPoU2UgqrJmBwP2sE</value></field_value><field_value id="8"><value>N/A</value></field_value><field_value id="7"><value>0</value></field_value><field_value id="6"><value>1379308398</value></field_value><field_value id="600000043"/><field_value id="5"><value>Demo</value></field_value><field_value id="760000804"><value>KS00505696001C58UeUgu85YPgOWx5</value></field_value><field_value id="4"/><field_value id="600000042"/><field_value id="760000803"/><field_value id="3"><value>1379308395</value></field_value><field_value id="760000802"/><field_value id="2"><value>Demo</value></field_value><field_value id="760000801"><value>ID00505696001CUIU2UgYvlmBwc2sE</value></field_value><field_value id="1"><value>000000000002410</value></field_value><field_value id="760000800"><value>Custom</value></field_value></entry><entry id="000000000002411"><field_value id="700002000"/><field_value id="700001046"/><field_value id="700001043"/><field_value id="179"><value>ID00505696001CoUU5Ug8DMmEg40sL</value></field_value><field_value id="760000200"><value>KS_TSK_Instance</value></field_value><field_value id="760000402"><value>1</value></field_value><field_value id="760000400"><value>All</value></field_value><field_value id="760000809"><value>KS00505696001ClkU5Ug8QcmEgvUsL</value></field_value><field_value id="8"><value>N/A</value></field_value><field_value id="7"><value>0</value></field_value><field_value id="6"><value>1379488702</value></field_value><field_value id="600000043"/><field_value id="5"><value>Demo</value></field_value><field_value id="760000804"><value>KS00505696001C58UeUgu85YPgOWx5</value></field_value><field_value id="4"/><field_value id="600000042"/><field_value id="760000803"/><field_value id="3"><value>1379488701</value></field_value><field_value id="760000802"/><field_value id="2"><value>Demo</value></field_value><field_value id="760000801"><value>ID00505696001CoUU5UgPTQmEg5UsL</value></field_value><field_value id="1"><value>000000000002411</value></field_value><field_value id="760000800"><value>Custom</value></field_value></entry></instance></xform></arsystem_xml_report>