<?xml version="1.0" encoding="UTF-8"?>
<arsystem_xml_report><xform id="KS_RQT_BridgedResourceParameter" remedy="http://www.w3.org/2000/xforms"><instance><field-info><field><name>parameter_name</name><id>760000500</id><type>CHAR</type></field><field><name>Clone_SourceInstanceID</name><id>700001046</id><type>CHAR</type></field><field><name>bridge_resource_id</name><id>760000901</id><type>CHAR</type></field><field><name>_ActionThree</name><id>700001043</id><type>CHAR</type></field><field><name>parameter_value</name><id>760000900</id><type>CHAR</type></field><field><name>instanceId</name><id>179</id><type>CHAR</type></field><field><name>model_name</name><id>760000200</id><type>CHAR</type></field><field><name>qualification_name</name><id>760000400</id><type>CHAR</type></field><field><name>Short Description</name><id>8</id><type>CHAR</type></field><field><name>Status</name><id>7</id><type>ENUM</type></field><field><name>Modified Date</name><id>6</id><type>TIME</type></field><field><name>_ActionTwo</name><id>600000043</id><type>CHAR</type></field><field><name>Last Modified By</name><id>5</id><type>CHAR</type></field><field><name>Assigned To</name><id>4</id><type>CHAR</type></field><field><name>form_id</name><id>760000804</id><type>CHAR</type></field><field><name>_ActionOne</name><id>600000042</id><type>CHAR</type></field><field><name>Create Date</name><id>3</id><type>TIME</type></field><field><name>Submitter</name><id>2</id><type>CHAR</type></field><field><name>Request ID</name><id>1</id><type>CHAR</type></field></field-info><entry id="000000000000801"><field_value id="760000500"><value>Level 1</value></field_value><field_value id="700001046"/><field_value id="760000901"><value>KS00505696001CzZ4kUgahAwVQkmk3</value></field_value><field_value id="700001043"/><field_value id="760000900"><value>&lt;FLD&gt;Qualification 1;KS00505696001Cbp4kUg058uVQZ2g3;ANSWER&lt;/FLD&gt;</value></field_value><field_value id="179"><value>AG00505696001CDJ8kUgTQkxVQVmo3</value></field_value><field_value id="760000200"><value>Data Management Console - Data Types</value></field_value><field_value id="760000400"><value>By Level 1</value></field_value><field_value id="8"><value>N/A</value></field_value><field_value id="7"><value>0</value></field_value><field_value id="6"><value>1378135324</value></field_value><field_value id="600000043"/><field_value id="5"><value>Demo</value></field_value><field_value id="4"/><field_value id="760000804"><value>KS00505696001C58UeUgu85YPgOWx5</value></field_value><field_value id="600000042"/><field_value id="3"><value>1378135324</value></field_value><field_value id="2"><value>Demo</value></field_value><field_value id="1"><value>000000000000801</value></field_value></entry><entry id="000000000000802"><field_value id="760000500"><value>Level 1</value></field_value><field_value id="700001046"/><field_value id="760000901"><value>KS00505696001CGZ8kUg7DgxVQpGo3</value></field_value><field_value id="700001043"/><field_value id="760000900"><value>&lt;FLD&gt;Qualification 1;KS00505696001Cbp4kUg058uVQZ2g3;ANSWER&lt;/FLD&gt;</value></field_value><field_value id="179"><value>AG00505696001CO58kUgCcAxVQEWs3</value></field_value><field_value id="760000200"><value>Data Management Console - Data Types</value></field_value><field_value id="760000400"><value>By Level 1 and 2</value></field_value><field_value id="8"><value>N/A</value></field_value><field_value id="7"><value>0</value></field_value><field_value id="6"><value>1378135371</value></field_value><field_value id="600000043"/><field_value id="5"><value>Demo</value></field_value><field_value id="4"/><field_value id="760000804"><value>KS00505696001C58UeUgu85YPgOWx5</value></field_value><field_value id="600000042"/><field_value id="3"><value>1378135371</value></field_value><field_value id="2"><value>Demo</value></field_value><field_value id="1"><value>000000000000802</value></field_value></entry><entry id="000000000000803"><field_value id="760000500"><value>Level 2</value></field_value><field_value id="700001046"/><field_value id="760000901"><value>KS00505696001CGZ8kUg7DgxVQpGo3</value></field_value><field_value id="700001043"/><field_value id="760000900"><value>&lt;FLD&gt;Qualification 2;KS00505696001CzJ4kUgXQwwVQhGk3;ANSWER&lt;/FLD&gt;</value></field_value><field_value id="179"><value>AG00505696001CQp8kUgStsxVQKms3</value></field_value><field_value id="760000200"><value>Data Management Console - Data Types</value></field_value><field_value id="760000400"><value>By Level 1 and 2</value></field_value><field_value id="8"><value>N/A</value></field_value><field_value id="7"><value>0</value></field_value><field_value id="6"><value>1378135378</value></field_value><field_value id="600000043"/><field_value id="5"><value>Demo</value></field_value><field_value id="4"/><field_value id="760000804"><value>KS00505696001C58UeUgu85YPgOWx5</value></field_value><field_value id="600000042"/><field_value id="3"><value>1378135378</value></field_value><field_value id="2"><value>Demo</value></field_value><field_value id="1"><value>000000000000803</value></field_value></entry><entry id="000000000000804"><field_value id="760000500"><value>Level 1</value></field_value><field_value id="700001046"/><field_value id="760000901"><value>ID00505696001CgZ8kUg4s8yVQS2w3</value></field_value><field_value id="700001043"/><field_value id="760000900"><value>&lt;FLD&gt;Qualification 1;KS00505696001Cbp4kUg058uVQZ2g3;ANSWER&lt;/FLD&gt;</value></field_value><field_value id="179"><value>AG00505696001Cvp8kUg1cAzVQBG03</value></field_value><field_value id="760000200"><value>Data Management Console - Data Types</value></field_value><field_value id="760000400"><value>By Level 1</value></field_value><field_value id="8"><value>N/A</value></field_value><field_value id="7"><value>0</value></field_value><field_value id="6"><value>1378135502</value></field_value><field_value id="600000043"/><field_value id="5"><value>Demo</value></field_value><field_value id="4"/><field_value id="760000804"><value>KS00505696001C58UeUgu85YPgOWx5</value></field_value><field_value id="600000042"/><field_value id="3"><value>1378135502</value></field_value><field_value id="2"><value>Demo</value></field_value><field_value id="1"><value>000000000000804</value></field_value></entry><entry id="000000000000806"><field_value id="760000500"><value>Level 2</value></field_value><field_value id="700001046"/><field_value id="760000901"><value>ID00505696001CyZ8kUgo-kzVQKW03</value></field_value><field_value id="700001043"/><field_value id="760000900"><value>&lt;FLD&gt;Qualification 2;KS00505696001CzJ4kUgXQwwVQhGk3;ANSWER&lt;/FLD&gt;</value></field_value><field_value id="179"><value>AG00505696001CE6AkUgSws1VQIG43</value></field_value><field_value id="760000200"><value>Data Management Console - Data Types</value></field_value><field_value id="760000400"><value>By Level 1 and 2</value></field_value><field_value id="8"><value>N/A</value></field_value><field_value id="7"><value>0</value></field_value><field_value id="6"><value>1378135587</value></field_value><field_value id="600000043"/><field_value id="5"><value>Demo</value></field_value><field_value id="4"/><field_value id="760000804"><value>KS00505696001C58UeUgu85YPgOWx5</value></field_value><field_value id="600000042"/><field_value id="3"><value>1378135587</value></field_value><field_value id="2"><value>Demo</value></field_value><field_value id="1"><value>000000000000806</value></field_value></entry><entry id="000000000000807"><field_value id="760000500"><value>Level 1</value></field_value><field_value id="700001046"/><field_value id="760000901"><value>ID00505696001CyZ8kUgo-kzVQKW03</value></field_value><field_value id="700001043"/><field_value id="760000900"><value>&lt;FLD&gt;Qualification 1;KS00505696001Cbp4kUg058uVQZ2g3;ANSWER&lt;/FLD&gt;</value></field_value><field_value id="179"><value>AG00505696001CPaAkUgaq01VQh243</value></field_value><field_value id="760000200"><value>Data Management Console - Data Types</value></field_value><field_value id="760000400"><value>By Level 1 and 2</value></field_value><field_value id="8"><value>N/A</value></field_value><field_value id="7"><value>0</value></field_value><field_value id="6"><value>1378135629</value></field_value><field_value id="600000043"/><field_value id="5"><value>Demo</value></field_value><field_value id="4"/><field_value id="760000804"><value>KS00505696001C58UeUgu85YPgOWx5</value></field_value><field_value id="600000042"/><field_value id="3"><value>1378135629</value></field_value><field_value id="2"><value>Demo</value></field_value><field_value id="1"><value>000000000000807</value></field_value></entry><entry id="000000000000808"><field_value id="760000500"><value>Level 1</value></field_value><field_value id="700001046"/><field_value id="760000901"><value>ID00505696001CVKAkUgCAk2VQ8G43</value></field_value><field_value id="700001043"/><field_value id="760000900"><value>&lt;FLD&gt;Qualification 1;KS00505696001Cbp4kUg058uVQZ2g3;ANSWER&lt;/FLD&gt;</value></field_value><field_value id="179"><value>AG00505696001CbaAkUgDWs2VQTm83</value></field_value><field_value id="760000200"><value>Data Management Console - Data Types</value></field_value><field_value id="760000400"><value>By Level 1</value></field_value><field_value id="8"><value>N/A</value></field_value><field_value id="7"><value>0</value></field_value><field_value id="6"><value>1378135677</value></field_value><field_value id="600000043"/><field_value id="5"><value>Demo</value></field_value><field_value id="4"/><field_value id="760000804"><value>KS00505696001C58UeUgu85YPgOWx5</value></field_value><field_value id="600000042"/><field_value id="3"><value>1378135677</value></field_value><field_value id="2"><value>Demo</value></field_value><field_value id="1"><value>000000000000808</value></field_value></entry><entry id="000000000000809"><field_value id="760000500"><value>Level 1</value></field_value><field_value id="700001046"/><field_value id="760000901"><value>ID00505696001Ci6AkUgv982VQ9G83</value></field_value><field_value id="700001043"/><field_value id="760000900"><value>&lt;FLD&gt;Qualification 1;KS00505696001Cbp4kUg058uVQZ2g3;ANSWER&lt;/FLD&gt;</value></field_value><field_value id="179"><value>AG00505696001CoKAkUg5jI3VQW3A3</value></field_value><field_value id="760000200"><value>Data Management Console - Data Types</value></field_value><field_value id="760000400"><value>By Level 1 and 2</value></field_value><field_value id="8"><value>N/A</value></field_value><field_value id="7"><value>0</value></field_value><field_value id="6"><value>1378135728</value></field_value><field_value id="600000043"/><field_value id="5"><value>Demo</value></field_value><field_value id="4"/><field_value id="760000804"><value>KS00505696001C58UeUgu85YPgOWx5</value></field_value><field_value id="600000042"/><field_value id="3"><value>1378135728</value></field_value><field_value id="2"><value>Demo</value></field_value><field_value id="1"><value>000000000000809</value></field_value></entry><entry id="000000000000810"><field_value id="760000500"><value>Level 2</value></field_value><field_value id="700001046"/><field_value id="760000901"><value>ID00505696001Ci6AkUgv982VQ9G83</value></field_value><field_value id="700001043"/><field_value id="760000900"><value>&lt;FLD&gt;Qualification 2;KS00505696001CzJ4kUgXQwwVQhGk3;ANSWER&lt;/FLD&gt;</value></field_value><field_value id="179"><value>AG00505696001Cp6AkUgrk03VQdnA3</value></field_value><field_value id="760000200"><value>Data Management Console - Data Types</value></field_value><field_value id="760000400"><value>By Level 1 and 2</value></field_value><field_value id="8"><value>N/A</value></field_value><field_value id="7"><value>0</value></field_value><field_value id="6"><value>1378135735</value></field_value><field_value id="600000043"/><field_value id="5"><value>Demo</value></field_value><field_value id="4"/><field_value id="760000804"><value>KS00505696001C58UeUgu85YPgOWx5</value></field_value><field_value id="600000042"/><field_value id="3"><value>1378135735</value></field_value><field_value id="2"><value>Demo</value></field_value><field_value id="1"><value>000000000000810</value></field_value></entry><entry id="000000000000811"><field_value id="760000500"><value>Level 1</value></field_value><field_value id="700001046"/><field_value id="760000901"><value>ID00505696001CwaAkUgObQ3VQxHA3</value></field_value><field_value id="700001043"/><field_value id="760000900"><value>&lt;FLD&gt;Qualification 1;KS00505696001Cbp4kUg058uVQZ2g3;ANSWER&lt;/FLD&gt;</value></field_value><field_value id="179"><value>AG00505696001C46AkUg9jc4VQOnE3</value></field_value><field_value id="760000200"><value>Data Management Console - Data Types</value></field_value><field_value id="760000400"><value>By Level 1 and 2</value></field_value><field_value id="8"><value>N/A</value></field_value><field_value id="7"><value>0</value></field_value><field_value id="6"><value>1378135795</value></field_value><field_value id="600000043"/><field_value id="5"><value>Demo</value></field_value><field_value id="4"/><field_value id="760000804"><value>KS00505696001C58UeUgu85YPgOWx5</value></field_value><field_value id="600000042"/><field_value id="3"><value>1378135795</value></field_value><field_value id="2"><value>Demo</value></field_value><field_value id="1"><value>000000000000811</value></field_value></entry><entry id="000000000000812"><field_value id="760000500"><value>Level 2</value></field_value><field_value id="700001046"/><field_value id="760000901"><value>ID00505696001CwaAkUgObQ3VQxHA3</value></field_value><field_value id="700001043"/><field_value id="760000900"><value>&lt;FLD&gt;Qualification 2;KS00505696001CzJ4kUgXQwwVQhGk3;ANSWER&lt;/FLD&gt;</value></field_value><field_value id="179"><value>AG00505696001C6qAkUgglQ4VQbnE3</value></field_value><field_value id="760000200"><value>Data Management Console - Data Types</value></field_value><field_value id="760000400"><value>By Level 1 and 2</value></field_value><field_value id="8"><value>N/A</value></field_value><field_value id="7"><value>0</value></field_value><field_value id="6"><value>1378135802</value></field_value><field_value id="600000043"/><field_value id="5"><value>Demo</value></field_value><field_value id="4"/><field_value id="760000804"><value>KS00505696001C58UeUgu85YPgOWx5</value></field_value><field_value id="600000042"/><field_value id="3"><value>1378135802</value></field_value><field_value id="2"><value>Demo</value></field_value><field_value id="1"><value>000000000000812</value></field_value></entry><entry id="000000000000813"><field_value id="760000500"><value>Level 1</value></field_value><field_value id="700001046"/><field_value id="760000901"><value>ID00505696001CJqEkUgrTw5VQp3I3</value></field_value><field_value id="700001043"/><field_value id="760000900"><value>&lt;FLD&gt;Qualification 1;KS00505696001Cbp4kUg058uVQZ2g3;ANSWER&lt;/FLD&gt;</value></field_value><field_value id="179"><value>AG00505696001CO6EkUgno45VQ_XI3</value></field_value><field_value id="760000200"><value>Data Management Console - Data Types</value></field_value><field_value id="760000400"><value>By Level 1, 2 and 3</value></field_value><field_value id="8"><value>N/A</value></field_value><field_value id="7"><value>0</value></field_value><field_value id="6"><value>1378135883</value></field_value><field_value id="600000043"/><field_value id="5"><value>Demo</value></field_value><field_value id="4"/><field_value id="760000804"><value>KS00505696001C58UeUgu85YPgOWx5</value></field_value><field_value id="600000042"/><field_value id="3"><value>1378135883</value></field_value><field_value id="2"><value>Demo</value></field_value><field_value id="1"><value>000000000000813</value></field_value></entry><entry id="000000000000814"><field_value id="760000500"><value>Level 2</value></field_value><field_value id="700001046"/><field_value id="760000901"><value>ID00505696001CJqEkUgrTw5VQp3I3</value></field_value><field_value id="700001043"/><field_value id="760000900"><value>&lt;FLD&gt;Qualification 2;KS00505696001CzJ4kUgXQwwVQhGk3;ANSWER&lt;/FLD&gt;</value></field_value><field_value id="179"><value>AG00505696001CQaEkUgrKc5VQGXM3</value></field_value><field_value id="760000200"><value>Data Management Console - Data Types</value></field_value><field_value id="760000400"><value>By Level 1, 2 and 3</value></field_value><field_value id="8"><value>N/A</value></field_value><field_value id="7"><value>0</value></field_value><field_value id="6"><value>1378135889</value></field_value><field_value id="600000043"/><field_value id="5"><value>Demo</value></field_value><field_value id="4"/><field_value id="760000804"><value>KS00505696001C58UeUgu85YPgOWx5</value></field_value><field_value id="600000042"/><field_value id="3"><value>1378135889</value></field_value><field_value id="2"><value>Demo</value></field_value><field_value id="1"><value>000000000000814</value></field_value></entry><entry id="000000000000815"><field_value id="760000500"><value>Level 3</value></field_value><field_value id="700001046"/><field_value id="760000901"><value>ID00505696001CJqEkUgrTw5VQp3I3</value></field_value><field_value id="700001043"/><field_value id="760000900"><value>&lt;FLD&gt;Qualification 3;KS00505696001CF58kUg9TMxVQlmo3;ANSWER&lt;/FLD&gt;</value></field_value><field_value id="179"><value>AG00505696001CR6EkUgfr85VQM3M3</value></field_value><field_value id="760000200"><value>Data Management Console - Data Types</value></field_value><field_value id="760000400"><value>By Level 1, 2 and 3</value></field_value><field_value id="8"><value>N/A</value></field_value><field_value id="7"><value>0</value></field_value><field_value id="6"><value>1378135895</value></field_value><field_value id="600000043"/><field_value id="5"><value>Demo</value></field_value><field_value id="4"/><field_value id="760000804"><value>KS00505696001C58UeUgu85YPgOWx5</value></field_value><field_value id="600000042"/><field_value id="3"><value>1378135895</value></field_value><field_value id="2"><value>Demo</value></field_value><field_value id="1"><value>000000000000815</value></field_value></entry><entry id="000000000000817"><field_value id="760000500"><value>Data Type Name</value></field_value><field_value id="700001046"/><field_value id="760000901"><value>ID00505696001CQ1wlUgdCcUWAn6U5</value></field_value><field_value id="700001043"/><field_value id="760000900"><value>&lt;FLD&gt;Data Types;KS00505696001CVJ8kUg-iAyVQeGs3;ANSWER&lt;/FLD&gt;</value></field_value><field_value id="179"><value>AG00505696001CclwlUg090UWALaY5</value></field_value><field_value id="760000200"><value>Data Management Console - Data Definitions</value></field_value><field_value id="760000400"><value>By Data Type Name</value></field_value><field_value id="8"><value>N/A</value></field_value><field_value id="7"><value>0</value></field_value><field_value id="6"><value>1378183810</value></field_value><field_value id="600000043"/><field_value id="5"><value>Demo</value></field_value><field_value id="4"/><field_value id="760000804"><value>KS00505696001C58UeUgu85YPgOWx5</value></field_value><field_value id="600000042"/><field_value id="3"><value>1378183810</value></field_value><field_value id="2"><value>Demo</value></field_value><field_value id="1"><value>000000000000817</value></field_value></entry></instance></xform></arsystem_xml_report>