<?xml version="1.0" encoding="UTF-8"?>
<arsystem_xml_report><xform id="KS_SRV_DynAnswerHideShow_Items" remedy="http://www.w3.org/2000/xforms"><instance><field-info><field><name>AnswerValueItemInstanceId_DEPR</name><id>700001003</id><type>CHAR</type></field><field><name>ItemName</name><id>700001002</id><type>CHAR</type></field><field><name>ItemInstanceID</name><id>700001001</id><type>CHAR</type></field><field><name>SurveyInstanceID</name><id>700000850</id><type>CHAR</type></field><field><name>QuestionInstanceID</name><id>700000230</id><type>CHAR</type></field><field><name>_EventInstanceID</name><id>700004956</id><type>CHAR</type></field><field><name>Type</name><id>700001000</id><type>ENUM</type></field><field><name>_Element_ID</name><id>700004955</id><type>CHAR</type></field><field><name>EventInstanceID</name><id>536870917</id><type>CHAR</type></field><field><name>Element_Type</name><id>700001202</id><type>ENUM</type></field><field><name>Element_ID</name><id>536870913</id><type>CHAR</type></field><field><name>_OrigAnswerValueInstanceID</name><id>700001048</id><type>CHAR</type></field><field><name>CloneSourceSurveyInstanceID</name><id>700001047</id><type>CHAR</type></field><field><name>CloneSourceInstanceID</name><id>700001046</id><type>CHAR</type></field><field><name>CloneSourceQuestionInstanceID</name><id>700001045</id><type>CHAR</type></field><field><name>_OrigItemInstanceID</name><id>700001044</id><type>CHAR</type></field><field><name>_ActionThree</name><id>700001043</id><type>CHAR</type></field><field><name>OperationID</name><id>490000700</id><type>CHAR</type></field><field><name>_Multi-Purpose2</name><id>600000091</id><type>CHAR</type></field><field><name>instanceid</name><id>179</id><type>CHAR</type></field><field><name>_Multi-Purpose</name><id>600000090</id><type>CHAR</type></field><field><name>Short Description</name><id>8</id><type>CHAR</type></field><field><name>Status</name><id>7</id><type>ENUM</type></field><field><name>Modified Date</name><id>6</id><type>TIME</type></field><field><name>_ActionTwo</name><id>600000043</id><type>CHAR</type></field><field><name>Last Modified By</name><id>5</id><type>CHAR</type></field><field><name>Assigned To</name><id>4</id><type>CHAR</type></field><field><name>_ActionOne</name><id>600000042</id><type>CHAR</type></field><field><name>Create Date</name><id>3</id><type>TIME</type></field><field><name>Submitter</name><id>2</id><type>CHAR</type></field><field><name>Request ID</name><id>1</id><type>CHAR</type></field></field-info><entry id="000000000018247"><field_value id="700001003"/><field_value id="700001002"><value>Qualification 2</value></field_value><field_value id="700001001"/><field_value id="700000850"><value>KS00505696001C58UeUgu85YPgOWx5</value></field_value><field_value id="700000230"><value>KS00505696001Cb54kUg_KAuVQbGg3</value></field_value><field_value id="700004956"/><field_value id="700001000"><value>1</value></field_value><field_value id="700004955"/><field_value id="536870917"><value>ID00505696001CgZ8kUgbdAyVQTWw3</value></field_value><field_value id="700001202"/><field_value id="536870913"><value>QLAYER_KS00505696001CzJ4kUgXQwwVQhGk3</value></field_value><field_value id="700001048"/><field_value id="700001047"/><field_value id="700001046"/><field_value id="700001045"/><field_value id="700001044"/><field_value id="700001043"/><field_value id="490000700"/><field_value id="600000091"/><field_value id="179"><value>AG00505696001CwJ8kUgdMgzVQDm03</value></field_value><field_value id="600000090"/><field_value id="8"><value>na</value></field_value><field_value id="7"><value>0</value></field_value><field_value id="6"><value>1378135825</value></field_value><field_value id="600000043"/><field_value id="5"><value>Demo</value></field_value><field_value id="4"/><field_value id="600000042"/><field_value id="3"><value>1378135504</value></field_value><field_value id="2"><value>Demo</value></field_value><field_value id="1"><value>000000000018247</value></field_value></entry><entry id="000000000018248"><field_value id="700001003"/><field_value id="700001002"><value>Qualification 3</value></field_value><field_value id="700001001"/><field_value id="700000850"><value>KS00505696001C58UeUgu85YPgOWx5</value></field_value><field_value id="700000230"><value>KS00505696001Cb54kUg_KAuVQbGg3</value></field_value><field_value id="700004956"/><field_value id="700001000"><value>1</value></field_value><field_value id="700004955"/><field_value id="536870917"><value>ID00505696001CyZ8kUgTeozVQK203</value></field_value><field_value id="700001202"/><field_value id="536870913"><value>QLAYER_KS00505696001CF58kUg9TMxVQlmo3</value></field_value><field_value id="700001048"/><field_value id="700001047"/><field_value id="700001046"/><field_value id="700001045"/><field_value id="700001044"/><field_value id="700001043"/><field_value id="490000700"/><field_value id="600000091"/><field_value id="179"><value>AG00505696001CP6AkUgurc1VQkW43</value></field_value><field_value id="600000090"/><field_value id="8"><value>na</value></field_value><field_value id="7"><value>0</value></field_value><field_value id="6"><value>1378135835</value></field_value><field_value id="600000043"/><field_value id="5"><value>Demo</value></field_value><field_value id="4"/><field_value id="600000042"/><field_value id="3"><value>1378135631</value></field_value><field_value id="2"><value>Demo</value></field_value><field_value id="1"><value>000000000018248</value></field_value></entry><entry id="000000000018249"><field_value id="700001003"/><field_value id="700001002"><value>Data Types</value></field_value><field_value id="700001001"/><field_value id="700000850"><value>KS00505696001C58UeUgu85YPgOWx5</value></field_value><field_value id="700000230"><value>KS00505696001Cb54kUg_KAuVQbGg3</value></field_value><field_value id="700004956"/><field_value id="700001000"><value>1</value></field_value><field_value id="700004955"/><field_value id="536870917"><value>ID00505696001CVKAkUgaAk2VQ8m43</value></field_value><field_value id="700001202"/><field_value id="536870913"><value>QLAYER_KS00505696001CVJ8kUg-iAyVQeGs3</value></field_value><field_value id="700001048"/><field_value id="700001047"/><field_value id="700001046"/><field_value id="700001045"/><field_value id="700001044"/><field_value id="700001043"/><field_value id="490000700"/><field_value id="600000091"/><field_value id="179"><value>AG00505696001Cb6AkUg-HA2VQWG83</value></field_value><field_value id="600000090"/><field_value id="8"><value>na</value></field_value><field_value id="7"><value>0</value></field_value><field_value id="6"><value>1378191613</value></field_value><field_value id="600000043"/><field_value id="5"><value>Demo</value></field_value><field_value id="4"/><field_value id="600000042"/><field_value id="3"><value>1378135679</value></field_value><field_value id="2"><value>Demo</value></field_value><field_value id="1"><value>000000000018249</value></field_value></entry><entry id="000000000018250"><field_value id="700001003"/><field_value id="700001002"><value>Qualification 3</value></field_value><field_value id="700001001"/><field_value id="700000850"><value>KS00505696001C58UeUgu85YPgOWx5</value></field_value><field_value id="700000230"><value>KS00505696001CzJ4kUglw0wVQiWk3</value></field_value><field_value id="700004956"/><field_value id="700001000"><value>1</value></field_value><field_value id="700004955"/><field_value id="536870917"><value>ID00505696001Ci6AkUgBuA2VQ9m83</value></field_value><field_value id="700001202"/><field_value id="536870913"><value>QLAYER_KS00505696001CF58kUg9TMxVQlmo3</value></field_value><field_value id="700001048"/><field_value id="700001047"/><field_value id="700001046"/><field_value id="700001045"/><field_value id="700001044"/><field_value id="700001043"/><field_value id="490000700"/><field_value id="600000091"/><field_value id="179"><value>AG00505696001CvKAkUgPKA3VQsXA3</value></field_value><field_value id="600000090"/><field_value id="8"><value>na</value></field_value><field_value id="7"><value>0</value></field_value><field_value id="6"><value>1378135756</value></field_value><field_value id="600000043"/><field_value id="5"><value>Demo</value></field_value><field_value id="4"/><field_value id="600000042"/><field_value id="3"><value>1378135756</value></field_value><field_value id="2"><value>Demo</value></field_value><field_value id="1"><value>000000000018250</value></field_value></entry><entry id="000000000018251"><field_value id="700001003"/><field_value id="700001002"><value>Data Types</value></field_value><field_value id="700001001"/><field_value id="700000850"><value>KS00505696001C58UeUgu85YPgOWx5</value></field_value><field_value id="700000230"><value>KS00505696001CzJ4kUglw0wVQiWk3</value></field_value><field_value id="700004956"/><field_value id="700001000"><value>1</value></field_value><field_value id="700004955"/><field_value id="536870917"><value>ID00505696001CwaAkUghrQ3VQxnA3</value></field_value><field_value id="700001202"/><field_value id="536870913"><value>QLAYER_KS00505696001CVJ8kUg-iAyVQeGs3</value></field_value><field_value id="700001048"/><field_value id="700001047"/><field_value id="700001046"/><field_value id="700001045"/><field_value id="700001044"/><field_value id="700001043"/><field_value id="490000700"/><field_value id="600000091"/><field_value id="179"><value>AG00505696001C7KAkUg4lo4VQdnE3</value></field_value><field_value id="600000090"/><field_value id="8"><value>na</value></field_value><field_value id="7"><value>0</value></field_value><field_value id="6"><value>1378135804</value></field_value><field_value id="600000043"/><field_value id="5"><value>Demo</value></field_value><field_value id="4"/><field_value id="600000042"/><field_value id="3"><value>1378135804</value></field_value><field_value id="2"><value>Demo</value></field_value><field_value id="1"><value>000000000018251</value></field_value></entry><entry id="000000000018252"><field_value id="700001003"/><field_value id="700001002"><value>Data Types</value></field_value><field_value id="700001001"/><field_value id="700000850"><value>KS00505696001C58UeUgu85YPgOWx5</value></field_value><field_value id="700000230"><value>KS00505696001CGJ8kUgcjUxVQmWo3</value></field_value><field_value id="700004956"/><field_value id="700001000"><value>1</value></field_value><field_value id="700004955"/><field_value id="536870917"><value>ID00505696001CJqEkUg_jw5VQqXI3</value></field_value><field_value id="700001202"/><field_value id="536870913"><value>QLAYER_KS00505696001CVJ8kUg-iAyVQeGs3</value></field_value><field_value id="700001048"/><field_value id="700001047"/><field_value id="700001046"/><field_value id="700001045"/><field_value id="700001044"/><field_value id="700001043"/><field_value id="490000700"/><field_value id="600000091"/><field_value id="179"><value>AG00505696001CUKEkUgpOE5VQSXM3</value></field_value><field_value id="600000090"/><field_value id="8"><value>na</value></field_value><field_value id="7"><value>0</value></field_value><field_value id="6"><value>1378135904</value></field_value><field_value id="600000043"/><field_value id="5"><value>Demo</value></field_value><field_value id="4"/><field_value id="600000042"/><field_value id="3"><value>1378135904</value></field_value><field_value id="2"><value>Demo</value></field_value><field_value id="1"><value>000000000018252</value></field_value></entry><entry id="000000000018253"><field_value id="700001003"/><field_value id="700001002"><value>Data Types</value></field_value><field_value id="700001001"/><field_value id="700000850"><value>KS00505696001C58UeUgu85YPgOWx5</value></field_value><field_value id="700000230"><value>KS00505696001Cb54kUg_KAuVQbGg3</value></field_value><field_value id="700004956"/><field_value id="700001000"><value>1</value></field_value><field_value id="700004955"/><field_value id="536870917"><value>ID00505696001C_3olUgkzSMWAkQg6</value></field_value><field_value id="700001202"/><field_value id="536870913"><value>QLAYER_KS00505696001CVJ8kUg-iAyVQeGs3</value></field_value><field_value id="700001048"/><field_value id="700001047"/><field_value id="700001046"/><field_value id="700001045"/><field_value id="700001044"/><field_value id="700001043"/><field_value id="490000700"/><field_value id="600000091"/><field_value id="179"><value>AG00505696001CHHslUgVaaMWA_gg6</value></field_value><field_value id="600000090"/><field_value id="8"><value>na</value></field_value><field_value id="7"><value>0</value></field_value><field_value id="6"><value>1378191660</value></field_value><field_value id="600000043"/><field_value id="5"><value>Demo</value></field_value><field_value id="4"/><field_value id="600000042"/><field_value id="3"><value>1378191660</value></field_value><field_value id="2"><value>Demo</value></field_value><field_value id="1"><value>000000000018253</value></field_value></entry></instance></xform></arsystem_xml_report>