<?xml version="1.0" encoding="UTF-8"?>
<arsystem_xml_report><xform id="KS_SRV_ContentEvents" remedy="http://www.w3.org/2000/xforms"><instance><field-info><field><name>Also require</name><id>700001682</id><type>ENUM</type></field><field><name>Parameters_Right</name><id>700001681</id><type>CHAR</type></field><field><name>Parameters_Left</name><id>700001680</id><type>CHAR</type></field><field><name>_Next</name><id>700001239</id><type>INTEGER</type></field><field><name>_DisplayedQualificationParams</name><id>536870916</id><type>CHAR</type></field><field><name>EventName</name><id>700001202</id><type>CHAR</type></field><field><name>_ActionTwo</name><id>600000043</id><type>CHAR</type></field><field><name>_ActionOne</name><id>600000042</id><type>CHAR</type></field><field><name>_Parameters_Left_Temp</name><id>770006505</id><type>CHAR</type></field><field><name>_SortOrderOffset</name><id>700002400</id><type>INTEGER</type></field><field><name>Dialog View Name</name><id>700004587</id><type>CHAR</type></field><field><name>Bridge_Resource Id</name><id>710060809</id><type>CHAR</type></field><field><name>Right Action Code</name><id>700004585</id><type>CHAR</type></field><field><name>Notes</name><id>770006500</id><type>CHAR</type></field><field><name>Left Action Code</name><id>700004584</id><type>CHAR</type></field><field><name>Type</name><id>700001000</id><type>ENUM</type></field><field><name>ClientSideEvent InstanceId</name><id>700004583</id><type>CHAR</type></field><field><name>_SortOrderField_ID</name><id>70000088</id><type>CHAR</type></field><field><name>Name</name><id>700004582</id><type>CHAR</type></field><field><name>_EventInstanceField_ID</name><id>700002304</id><type>CHAR</type></field><field><name>_ValueField_ID</name><id>70000087</id><type>CHAR</type></field><field><name>PageInstanceId</name><id>700002303</id><type>CHAR</type></field><field><name>AlertOnNoMatchMessage</name><id>770006407</id><type>CHAR</type></field><field><name>Sort_Order</name><id>700073250</id><type>INTEGER</type></field><field><name>_CurrentListValue</name><id>70000085</id><type>CHAR</type></field><field><name>AlertOnNoMatch</name><id>770006406</id><type>ENUM</type></field><field><name>Use_Data_Source</name><id>760001307</id><type>ENUM</type></field><field><name>NullOnNoMatch</name><id>770006405</id><type>ENUM</type></field><field><name>_FormID</name><id>70000083</id><type>CHAR</type></field><field><name>Short Description</name><id>8</id><type>CHAR</type></field><field><name>_ITemInstanceID_Field_ID</name><id>70000082</id><type>CHAR</type></field><field><name>Status</name><id>7</id><type>ENUM</type></field><field><name>Modified Date</name><id>6</id><type>TIME</type></field><field><name>Event_Status</name><id>770006401</id><type>ENUM</type></field><field><name>_label_attribute</name><id>760000803</id><type>CHAR</type></field><field><name>_Last</name><id>700002239</id><type>INTEGER</type></field><field><name>Last Modified By</name><id>5</id><type>CHAR</type></field><field><name>_value_attribute</name><id>760000802</id><type>CHAR</type></field><field><name>Assigned To</name><id>4</id><type>CHAR</type></field><field><name>Create Date</name><id>3</id><type>TIME</type></field><field><name>Submitter</name><id>2</id><type>CHAR</type></field><field><name>Request ID</name><id>1</id><type>CHAR</type></field><field><name>OperationID</name><id>490000700</id><type>CHAR</type></field><field><name>Action</name><id>700004642</id><type>CHAR</type></field><field><name>_Multi-Purpose</name><id>600000090</id><type>CHAR</type></field><field><name>Callback Handler</name><id>700001698</id><type>CHAR</type></field><field><name>Callback Element Id</name><id>700001697</id><type>CHAR</type></field><field><name>Confirmation Message</name><id>700001696</id><type>CHAR</type></field><field><name>_ItemAppliedSortOrder</name><id>700001056</id><type>INTEGER</type></field><field><name>Display Confirmation Dialog</name><id>700001695</id><type>ENUM</type></field><field><name>_ItemAppliedInstanceID</name><id>700001055</id><type>CHAR</type></field><field><name>UseGetEntry</name><id>700001691</id><type>ENUM</type></field><field><name>Event_Code</name><id>700001690</id><type>CHAR</type></field><field><name>QuestionInstanceID</name><id>700000230</id><type>CHAR</type></field><field><name>SortOrderChangeTo</name><id>700001212</id><type>INTEGER</type></field><field><name>instanceId</name><id>179</id><type>CHAR</type></field><field><name>Element_Type</name><id>700007000</id><type>ENUM</type></field><field><name>If_Expression_TableDisplay</name><id>700081207</id><type>CHAR</type></field><field><name>_Element_ID</name><id>700004955</id><type>CHAR</type></field><field><name>Parent_Element_Type</name><id>700081202</id><type>ENUM</type></field><field><name>SimpleDataRequest Instance ID</name><id>700004630</id><type>CHAR</type></field><field><name>Synchronous</name><id>700001687</id><type>ENUM</type></field><field><name>Timeout</name><id>700001686</id><type>INTEGER</type></field><field><name>Clone_SourceInstanceID</name><id>700001046</id><type>CHAR</type></field><field><name>If_Expression</name><id>700001685</id><type>CHAR</type></field><field><name>_OrigQuestionInstanceID</name><id>700001045</id><type>CHAR</type></field><field><name>FireChangeEvent</name><id>770000400</id><type>ENUM</type></field><field><name>_OrigSurveyInstanceID</name><id>700001044</id><type>CHAR</type></field><field><name>_ActionThree</name><id>700001043</id><type>CHAR</type></field><field><name>SurveyInstanceID</name><id>700000800</id><type>CHAR</type></field><field><name>Also make optional</name><id>700001683</id><type>ENUM</type></field></field-info><entry id="000000000024715"><field_value id="700001682"/><field_value id="700001681"/><field_value id="700001680"><value>{ "LabelField":"Level 2", "ValueField":"Level 2", "AttachTo":"KS00505696001CzJ4kUgXQwwVQhGk3"}</value></field_value><field_value id="700001239"/><field_value id="536870916"><value>'&lt;FLD&gt;Qualification 1;KS00505696001Cbp4kUg058uVQZ2g3;ANSWER&lt;/FLD&gt;'</value></field_value><field_value id="700001202"><value>change</value></field_value><field_value id="600000043"/><field_value id="600000042"/><field_value id="770006505"/><field_value id="700002400"/><field_value id="700004587"><value>Menu</value></field_value><field_value id="710060809"><value>ID00505696001CgZ8kUg4s8yVQS2w3</value></field_value><field_value id="700004585"/><field_value id="770006500"/><field_value id="700004584"><value>KD.utils.Action._attachMenu</value></field_value><field_value id="700001000"/><field_value id="700004583"><value>AG000C29497A1AiZWiRQjqwBIAOxQA</value></field_value><field_value id="70000088"/><field_value id="700004582"><value>Populate Level 2</value></field_value><field_value id="700002304"/><field_value id="70000087"/><field_value id="700002303"><value>KS00505696001C_cUeUgVyVZPgcGx5</value></field_value><field_value id="770006407"/><field_value id="700073250"><value>1</value></field_value><field_value id="70000085"/><field_value id="770006406"/><field_value id="760001307"><value>0</value></field_value><field_value id="770006405"/><field_value id="70000083"/><field_value id="8"><value>na</value></field_value><field_value id="70000082"/><field_value id="7"><value>0</value></field_value><field_value id="6"><value>1378135825</value></field_value><field_value id="770006401"><value>0</value></field_value><field_value id="760000803"/><field_value id="700002239"/><field_value id="5"><value>Demo</value></field_value><field_value id="760000802"/><field_value id="4"/><field_value id="3"><value>1378135505</value></field_value><field_value id="2"><value>Demo</value></field_value><field_value id="1"><value>000000000024715</value></field_value><field_value id="490000700"><value>ID00505696001C-aAkUgao84VQyHE3</value></field_value><field_value id="700004642"><value>Populate Menu</value></field_value><field_value id="600000090"/><field_value id="700001698"/><field_value id="700001697"/><field_value id="700001696"/><field_value id="700001056"/><field_value id="700001695"/><field_value id="700001055"/><field_value id="700001691"/><field_value id="700001690"><value>clientManager.addAction(new KD.utils.ClientAction({elementId:'KS00505696001Cbp4kUg058uVQZ2g3', jsEvent:'change', source:'bridge', action:KD.utils.Action._attachMenu, ifExpr:'', actionId:'ID00505696001CgZ8kUg4s8yVQS2w3', params:[['&lt;FLD&gt;Qualification 1;KS00505696001Cbp4kUg058uVQZ2g3;ANSWER&lt;/FLD&gt;'], '{"AttachMenu":[{ "LabelField":"Level 2", "ValueField":"Level 2", "AttachTo":"KS00505696001CzJ4kUgXQwwVQhGk3"}]}']}));</value></field_value><field_value id="700000230"><value>KS00505696001Cbp4kUg058uVQZ2g3</value></field_value><field_value id="700001212"/><field_value id="179"><value>ID00505696001CgZ8kUgbdAyVQTWw3</value></field_value><field_value id="700007000"/><field_value id="700081207"/><field_value id="700004955"/><field_value id="700081202"/><field_value id="700004630"/><field_value id="700001687"/><field_value id="700001686"><value>0</value></field_value><field_value id="700001046"/><field_value id="700001685"/><field_value id="700001045"/><field_value id="770000400"/><field_value id="700001044"/><field_value id="700001043"/><field_value id="700000800"><value>KS00505696001C58UeUgu85YPgOWx5</value></field_value><field_value id="700001683"/></entry><entry id="000000000024716"><field_value id="700001682"/><field_value id="700001681"/><field_value id="700001680"><value>{ "LabelField":"Level 3", "ValueField":"Level 3", "AttachTo":"KS00505696001CF58kUg9TMxVQlmo3"}</value></field_value><field_value id="700001239"/><field_value id="536870916"><value>'&lt;FLD&gt;Qualification 2;KS00505696001CzJ4kUgXQwwVQhGk3;ANSWER&lt;/FLD&gt;', '&lt;FLD&gt;Qualification 1;KS00505696001Cbp4kUg058uVQZ2g3;ANSWER&lt;/FLD&gt;'</value></field_value><field_value id="700001202"><value>change</value></field_value><field_value id="600000043"/><field_value id="600000042"/><field_value id="770006505"/><field_value id="700002400"/><field_value id="700004587"><value>Menu</value></field_value><field_value id="710060809"><value>ID00505696001CyZ8kUgo-kzVQKW03</value></field_value><field_value id="700004585"/><field_value id="770006500"/><field_value id="700004584"><value>KD.utils.Action._attachMenu</value></field_value><field_value id="700001000"/><field_value id="700004583"><value>AG000C29497A1AiZWiRQjqwBIAOxQA</value></field_value><field_value id="70000088"/><field_value id="700004582"><value>Populate Level 3</value></field_value><field_value id="700002304"/><field_value id="70000087"/><field_value id="700002303"><value>KS00505696001C_cUeUgVyVZPgcGx5</value></field_value><field_value id="770006407"/><field_value id="700073250"><value>2</value></field_value><field_value id="70000085"/><field_value id="770006406"/><field_value id="760001307"><value>0</value></field_value><field_value id="770006405"/><field_value id="70000083"/><field_value id="8"><value>na</value></field_value><field_value id="70000082"/><field_value id="7"><value>0</value></field_value><field_value id="6"><value>1378135835</value></field_value><field_value id="770006401"><value>0</value></field_value><field_value id="760000803"/><field_value id="700002239"/><field_value id="5"><value>Demo</value></field_value><field_value id="760000802"/><field_value id="4"/><field_value id="3"><value>1378135632</value></field_value><field_value id="2"><value>Demo</value></field_value><field_value id="1"><value>000000000024716</value></field_value><field_value id="490000700"><value>ID00505696001CBKEkUgL7g4VQ-3E3</value></field_value><field_value id="700004642"><value>Populate Menu</value></field_value><field_value id="600000090"/><field_value id="700001698"/><field_value id="700001697"/><field_value id="700001696"/><field_value id="700001056"/><field_value id="700001695"/><field_value id="700001055"/><field_value id="700001691"/><field_value id="700001690"><value>clientManager.addAction(new KD.utils.ClientAction({elementId:'KS00505696001Cbp4kUg058uVQZ2g3', jsEvent:'change', source:'bridge', action:KD.utils.Action._attachMenu, ifExpr:'', actionId:'ID00505696001CyZ8kUgo-kzVQKW03', params:[['&lt;FLD&gt;Qualification 2;KS00505696001CzJ4kUgXQwwVQhGk3;ANSWER&lt;/FLD&gt;', '&lt;FLD&gt;Qualification 1;KS00505696001Cbp4kUg058uVQZ2g3;ANSWER&lt;/FLD&gt;'], '{"AttachMenu":[{ "LabelField":"Level 3", "ValueField":"Level 3", "AttachTo":"KS00505696001CF58kUg9TMxVQlmo3"}]}']}));</value></field_value><field_value id="700000230"><value>KS00505696001Cbp4kUg058uVQZ2g3</value></field_value><field_value id="700001212"/><field_value id="179"><value>ID00505696001CyZ8kUgTeozVQK203</value></field_value><field_value id="700007000"/><field_value id="700081207"/><field_value id="700004955"/><field_value id="700081202"/><field_value id="700004630"/><field_value id="700001687"/><field_value id="700001686"><value>0</value></field_value><field_value id="700001046"/><field_value id="700001685"/><field_value id="700001045"/><field_value id="770000400"/><field_value id="700001044"/><field_value id="700001043"/><field_value id="700000800"><value>KS00505696001C58UeUgu85YPgOWx5</value></field_value><field_value id="700001683"/></entry><entry id="000000000024717"><field_value id="700001682"/><field_value id="700001681"/><field_value id="700001680"><value>{ "LabelField":"Data Type Name", "ValueField":"Data Type Name", "AttachTo":"KS00505696001CVJ8kUg-iAyVQeGs3"}</value></field_value><field_value id="700001239"/><field_value id="536870916"><value>'&lt;FLD&gt;Qualification 1;KS00505696001Cbp4kUg058uVQZ2g3;ANSWER&lt;/FLD&gt;'</value></field_value><field_value id="700001202"><value>change</value></field_value><field_value id="600000043"/><field_value id="600000042"/><field_value id="770006505"/><field_value id="700002400"/><field_value id="700004587"><value>Menu</value></field_value><field_value id="710060809"><value>ID00505696001CVKAkUgCAk2VQ8G43</value></field_value><field_value id="700004585"/><field_value id="770006500"/><field_value id="700004584"><value>KD.utils.Action._attachMenu</value></field_value><field_value id="700001000"/><field_value id="700004583"><value>AG000C29497A1AiZWiRQjqwBIAOxQA</value></field_value><field_value id="70000088"/><field_value id="700004582"><value>Populate Data Types</value></field_value><field_value id="700002304"/><field_value id="70000087"/><field_value id="700002303"><value>KS00505696001C_cUeUgVyVZPgcGx5</value></field_value><field_value id="770006407"/><field_value id="700073250"><value>3</value></field_value><field_value id="70000085"/><field_value id="770006406"/><field_value id="760001307"><value>0</value></field_value><field_value id="770006405"/><field_value id="70000083"/><field_value id="8"><value>na</value></field_value><field_value id="70000082"/><field_value id="7"><value>0</value></field_value><field_value id="6"><value>1378191613</value></field_value><field_value id="770006401"><value>0</value></field_value><field_value id="760000803"/><field_value id="700002239"/><field_value id="5"><value>Demo</value></field_value><field_value id="760000802"/><field_value id="4"/><field_value id="3"><value>1378135679</value></field_value><field_value id="2"><value>Demo</value></field_value><field_value id="1"><value>000000000024717</value></field_value><field_value id="490000700"><value>ID00505696001C2HolUg_ZqLWA8Qc6</value></field_value><field_value id="700004642"><value>Populate Menu</value></field_value><field_value id="600000090"/><field_value id="700001698"/><field_value id="700001697"/><field_value id="700001696"/><field_value id="700001056"/><field_value id="700001695"/><field_value id="700001055"/><field_value id="700001691"/><field_value id="700001690"><value>clientManager.addAction(new KD.utils.ClientAction({elementId:'KS00505696001Cbp4kUg058uVQZ2g3', jsEvent:'change', source:'bridge', action:KD.utils.Action._attachMenu, ifExpr:'obj.value!= ""', actionId:'ID00505696001CVKAkUgCAk2VQ8G43', params:[['&lt;FLD&gt;Qualification 1;KS00505696001Cbp4kUg058uVQZ2g3;ANSWER&lt;/FLD&gt;'], '{"AttachMenu":[{ "LabelField":"Data Type Name", "ValueField":"Data Type Name", "AttachTo":"KS00505696001CVJ8kUg-iAyVQeGs3"}]}']}));</value></field_value><field_value id="700000230"><value>KS00505696001Cbp4kUg058uVQZ2g3</value></field_value><field_value id="700001212"/><field_value id="179"><value>ID00505696001CVKAkUgaAk2VQ8m43</value></field_value><field_value id="700007000"/><field_value id="700081207"><value>obj.value!= ""</value></field_value><field_value id="700004955"/><field_value id="700081202"/><field_value id="700004630"/><field_value id="700001687"/><field_value id="700001686"><value>0</value></field_value><field_value id="700001046"/><field_value id="700001685"><value>obj.value!= ""</value></field_value><field_value id="700001045"/><field_value id="770000400"/><field_value id="700001044"/><field_value id="700001043"/><field_value id="700000800"><value>KS00505696001C58UeUgu85YPgOWx5</value></field_value><field_value id="700001683"/></entry><entry id="000000000024718"><field_value id="700001682"/><field_value id="700001681"/><field_value id="700001680"><value>{ "LabelField":"Level 3", "ValueField":"Level 3", "AttachTo":"KS00505696001CF58kUg9TMxVQlmo3"}</value></field_value><field_value id="700001239"/><field_value id="536870916"><value>'&lt;FLD&gt;Qualification 1;KS00505696001Cbp4kUg058uVQZ2g3;ANSWER&lt;/FLD&gt;', '&lt;FLD&gt;Qualification 2;KS00505696001CzJ4kUgXQwwVQhGk3;ANSWER&lt;/FLD&gt;'</value></field_value><field_value id="700001202"><value>change</value></field_value><field_value id="600000043"/><field_value id="600000042"/><field_value id="770006505"/><field_value id="700002400"/><field_value id="700004587"><value>Menu</value></field_value><field_value id="710060809"><value>ID00505696001Ci6AkUgv982VQ9G83</value></field_value><field_value id="700004585"/><field_value id="770006500"/><field_value id="700004584"><value>KD.utils.Action._attachMenu</value></field_value><field_value id="700001000"/><field_value id="700004583"><value>AG000C29497A1AiZWiRQjqwBIAOxQA</value></field_value><field_value id="70000088"/><field_value id="700004582"><value>Populate Level 3</value></field_value><field_value id="700002304"/><field_value id="70000087"/><field_value id="700002303"><value>KS00505696001C_cUeUgVyVZPgcGx5</value></field_value><field_value id="770006407"/><field_value id="700073250"><value>1</value></field_value><field_value id="70000085"/><field_value id="770006406"/><field_value id="760001307"><value>0</value></field_value><field_value id="770006405"/><field_value id="70000083"/><field_value id="8"><value>na</value></field_value><field_value id="70000082"/><field_value id="7"><value>0</value></field_value><field_value id="6"><value>1378135756</value></field_value><field_value id="770006401"><value>0</value></field_value><field_value id="760000803"/><field_value id="700002239"/><field_value id="5"><value>Demo</value></field_value><field_value id="760000802"/><field_value id="4"/><field_value id="3"><value>1378135756</value></field_value><field_value id="2"><value>Demo</value></field_value><field_value id="1"><value>000000000024718</value></field_value><field_value id="490000700"><value>KS00505696001CgaAkUgbLo2VQx283</value></field_value><field_value id="700004642"><value>Populate Menu</value></field_value><field_value id="600000090"/><field_value id="700001698"/><field_value id="700001697"/><field_value id="700001696"/><field_value id="700001056"/><field_value id="700001695"/><field_value id="700001055"/><field_value id="700001691"/><field_value id="700001690"><value>clientManager.addAction(new KD.utils.ClientAction({elementId:'KS00505696001CzJ4kUgXQwwVQhGk3', jsEvent:'change', source:'bridge', action:KD.utils.Action._attachMenu, ifExpr:'', actionId:'ID00505696001Ci6AkUgv982VQ9G83', params:[['&lt;FLD&gt;Qualification 1;KS00505696001Cbp4kUg058uVQZ2g3;ANSWER&lt;/FLD&gt;', '&lt;FLD&gt;Qualification 2;KS00505696001CzJ4kUgXQwwVQhGk3;ANSWER&lt;/FLD&gt;'], '{"AttachMenu":[{ "LabelField":"Level 3", "ValueField":"Level 3", "AttachTo":"KS00505696001CF58kUg9TMxVQlmo3"}]}']}));</value></field_value><field_value id="700000230"><value>KS00505696001CzJ4kUgXQwwVQhGk3</value></field_value><field_value id="700001212"/><field_value id="179"><value>ID00505696001Ci6AkUgBuA2VQ9m83</value></field_value><field_value id="700007000"/><field_value id="700081207"/><field_value id="700004955"/><field_value id="700081202"/><field_value id="700004630"/><field_value id="700001687"/><field_value id="700001686"><value>0</value></field_value><field_value id="700001046"/><field_value id="700001685"/><field_value id="700001045"/><field_value id="770000400"/><field_value id="700001044"/><field_value id="700001043"/><field_value id="700000800"><value>KS00505696001C58UeUgu85YPgOWx5</value></field_value><field_value id="700001683"/></entry><entry id="000000000024719"><field_value id="700001682"/><field_value id="700001681"/><field_value id="700001680"><value>{ "LabelField":"Data Type Name", "ValueField":"Data Type Name", "AttachTo":"KS00505696001CVJ8kUg-iAyVQeGs3"}</value></field_value><field_value id="700001239"/><field_value id="536870916"><value>'&lt;FLD&gt;Qualification 1;KS00505696001Cbp4kUg058uVQZ2g3;ANSWER&lt;/FLD&gt;', '&lt;FLD&gt;Qualification 2;KS00505696001CzJ4kUgXQwwVQhGk3;ANSWER&lt;/FLD&gt;'</value></field_value><field_value id="700001202"><value>change</value></field_value><field_value id="600000043"/><field_value id="600000042"/><field_value id="770006505"/><field_value id="700002400"/><field_value id="700004587"><value>Menu</value></field_value><field_value id="710060809"><value>ID00505696001CwaAkUgObQ3VQxHA3</value></field_value><field_value id="700004585"/><field_value id="770006500"/><field_value id="700004584"><value>KD.utils.Action._attachMenu</value></field_value><field_value id="700001000"/><field_value id="700004583"><value>AG000C29497A1AiZWiRQjqwBIAOxQA</value></field_value><field_value id="70000088"/><field_value id="700004582"><value>Populate Data Types</value></field_value><field_value id="700002304"/><field_value id="70000087"/><field_value id="700002303"><value>KS00505696001C_cUeUgVyVZPgcGx5</value></field_value><field_value id="770006407"/><field_value id="700073250"><value>2</value></field_value><field_value id="70000085"/><field_value id="770006406"/><field_value id="760001307"><value>0</value></field_value><field_value id="770006405"/><field_value id="70000083"/><field_value id="8"><value>na</value></field_value><field_value id="70000082"/><field_value id="7"><value>0</value></field_value><field_value id="6"><value>1378135804</value></field_value><field_value id="770006401"><value>0</value></field_value><field_value id="760000803"/><field_value id="700002239"/><field_value id="5"><value>Demo</value></field_value><field_value id="760000802"/><field_value id="4"/><field_value id="3"><value>1378135804</value></field_value><field_value id="2"><value>Demo</value></field_value><field_value id="1"><value>000000000024719</value></field_value><field_value id="490000700"><value>KS00505696001CgaAkUgbLo2VQx283</value></field_value><field_value id="700004642"><value>Populate Menu</value></field_value><field_value id="600000090"/><field_value id="700001698"/><field_value id="700001697"/><field_value id="700001696"/><field_value id="700001056"/><field_value id="700001695"/><field_value id="700001055"/><field_value id="700001691"/><field_value id="700001690"><value>clientManager.addAction(new KD.utils.ClientAction({elementId:'KS00505696001CzJ4kUgXQwwVQhGk3', jsEvent:'change', source:'bridge', action:KD.utils.Action._attachMenu, ifExpr:'', actionId:'ID00505696001CwaAkUgObQ3VQxHA3', params:[['&lt;FLD&gt;Qualification 1;KS00505696001Cbp4kUg058uVQZ2g3;ANSWER&lt;/FLD&gt;', '&lt;FLD&gt;Qualification 2;KS00505696001CzJ4kUgXQwwVQhGk3;ANSWER&lt;/FLD&gt;'], '{"AttachMenu":[{ "LabelField":"Data Type Name", "ValueField":"Data Type Name", "AttachTo":"KS00505696001CVJ8kUg-iAyVQeGs3"}]}']}));</value></field_value><field_value id="700000230"><value>KS00505696001CzJ4kUgXQwwVQhGk3</value></field_value><field_value id="700001212"/><field_value id="179"><value>ID00505696001CwaAkUghrQ3VQxnA3</value></field_value><field_value id="700007000"/><field_value id="700081207"/><field_value id="700004955"/><field_value id="700081202"/><field_value id="700004630"/><field_value id="700001687"/><field_value id="700001686"><value>0</value></field_value><field_value id="700001046"/><field_value id="700001685"/><field_value id="700001045"/><field_value id="770000400"/><field_value id="700001044"/><field_value id="700001043"/><field_value id="700000800"><value>KS00505696001C58UeUgu85YPgOWx5</value></field_value><field_value id="700001683"/></entry><entry id="000000000024720"><field_value id="700001682"/><field_value id="700001681"/><field_value id="700001680"><value>{ "LabelField":"Data Type Name", "ValueField":"Data Type Name", "AttachTo":"KS00505696001CVJ8kUg-iAyVQeGs3"}</value></field_value><field_value id="700001239"/><field_value id="536870916"><value>'&lt;FLD&gt;Qualification 1;KS00505696001Cbp4kUg058uVQZ2g3;ANSWER&lt;/FLD&gt;', '&lt;FLD&gt;Qualification 2;KS00505696001CzJ4kUgXQwwVQhGk3;ANSWER&lt;/FLD&gt;', '&lt;FLD&gt;Qualification 3;KS00505696001CF58kUg9TMxVQlmo3;ANSWER&lt;/FLD&gt;'</value></field_value><field_value id="700001202"><value>change</value></field_value><field_value id="600000043"/><field_value id="600000042"/><field_value id="770006505"/><field_value id="700002400"/><field_value id="700004587"><value>Menu</value></field_value><field_value id="710060809"><value>ID00505696001CJqEkUgrTw5VQp3I3</value></field_value><field_value id="700004585"/><field_value id="770006500"/><field_value id="700004584"><value>KD.utils.Action._attachMenu</value></field_value><field_value id="700001000"/><field_value id="700004583"><value>AG000C29497A1AiZWiRQjqwBIAOxQA</value></field_value><field_value id="70000088"/><field_value id="700004582"><value>Populate Data Type</value></field_value><field_value id="700002304"/><field_value id="70000087"/><field_value id="700002303"><value>KS00505696001C_cUeUgVyVZPgcGx5</value></field_value><field_value id="770006407"/><field_value id="700073250"><value>1</value></field_value><field_value id="70000085"/><field_value id="770006406"/><field_value id="760001307"><value>0</value></field_value><field_value id="770006405"/><field_value id="70000083"/><field_value id="8"><value>na</value></field_value><field_value id="70000082"/><field_value id="7"><value>0</value></field_value><field_value id="6"><value>1378135904</value></field_value><field_value id="770006401"><value>0</value></field_value><field_value id="760000803"/><field_value id="700002239"/><field_value id="5"><value>Demo</value></field_value><field_value id="760000802"/><field_value id="4"/><field_value id="3"><value>1378135904</value></field_value><field_value id="2"><value>Demo</value></field_value><field_value id="1"><value>000000000024720</value></field_value><field_value id="490000700"><value>KS00505696001CGqEkUgEhA5VQeHI3</value></field_value><field_value id="700004642"><value>Populate Menu</value></field_value><field_value id="600000090"/><field_value id="700001698"/><field_value id="700001697"/><field_value id="700001696"/><field_value id="700001056"/><field_value id="700001695"/><field_value id="700001055"/><field_value id="700001691"/><field_value id="700001690"><value>clientManager.addAction(new KD.utils.ClientAction({elementId:'KS00505696001CF58kUg9TMxVQlmo3', jsEvent:'change', source:'bridge', action:KD.utils.Action._attachMenu, ifExpr:'', actionId:'ID00505696001CJqEkUgrTw5VQp3I3', params:[['&lt;FLD&gt;Qualification 1;KS00505696001Cbp4kUg058uVQZ2g3;ANSWER&lt;/FLD&gt;', '&lt;FLD&gt;Qualification 2;KS00505696001CzJ4kUgXQwwVQhGk3;ANSWER&lt;/FLD&gt;', '&lt;FLD&gt;Qualification 3;KS00505696001CF58kUg9TMxVQlmo3;ANSWER&lt;/FLD&gt;'], '{"AttachMenu":[{ "LabelField":"Data Type Name", "ValueField":"Data Type Name", "AttachTo":"KS00505696001CVJ8kUg-iAyVQeGs3"}]}']}));</value></field_value><field_value id="700000230"><value>KS00505696001CF58kUg9TMxVQlmo3</value></field_value><field_value id="700001212"/><field_value id="179"><value>ID00505696001CJqEkUg_jw5VQqXI3</value></field_value><field_value id="700007000"/><field_value id="700081207"/><field_value id="700004955"/><field_value id="700081202"/><field_value id="700004630"/><field_value id="700001687"/><field_value id="700001686"><value>0</value></field_value><field_value id="700001046"/><field_value id="700001685"/><field_value id="700001045"/><field_value id="770000400"/><field_value id="700001044"/><field_value id="700001043"/><field_value id="700000800"><value>KS00505696001C58UeUgu85YPgOWx5</value></field_value><field_value id="700001683"/></entry><entry id="000000000024721"><field_value id="700001682"/><field_value id="700001681"/><field_value id="700001680"><value>"KS00505696001CzJ4kUgXQwwVQhGk3":{"KS00505696001CzJ4kUgXQwwVQhGk3":"$\NULL$","visible":"","sort_order":"1","table_label":"","fire":"false"}, "KS00505696001CF58kUg9TMxVQlmo3":{"KS00505696001CF58kUg9TMxVQlmo3":"$\NULL$","visible":"","sort_order":"2","table_label":"","fire":"false"}, "KS00505696001CVJ8kUg-iAyVQeGs3":{"KS00505696001CVJ8kUg-iAyVQeGs3":"$\NULL$","visible":"","sort_order":"3","table_label":"","fire":"true"}</value></field_value><field_value id="700001239"/><field_value id="536870916"/><field_value id="700001202"><value>change</value></field_value><field_value id="600000043"/><field_value id="600000042"/><field_value id="770006505"/><field_value id="700002400"/><field_value id="700004587"><value>Set Fields - Internal</value></field_value><field_value id="710060809"/><field_value id="700004585"/><field_value id="770006500"/><field_value id="700004584"><value>KD.utils.Action._setInternalFieldValues</value></field_value><field_value id="700001000"/><field_value id="700004583"><value>AG000C29497A1A4FTHRQNkmSFA1RAA</value></field_value><field_value id="70000088"/><field_value id="700004582"><value>Clear Fields</value></field_value><field_value id="700002304"/><field_value id="70000087"/><field_value id="700002303"><value>KS00505696001C_cUeUgVyVZPgcGx5</value></field_value><field_value id="770006407"/><field_value id="700073250"><value>5</value></field_value><field_value id="70000085"/><field_value id="770006406"/><field_value id="760001307"/><field_value id="770006405"/><field_value id="70000083"/><field_value id="8"><value>na</value></field_value><field_value id="70000082"/><field_value id="7"><value>0</value></field_value><field_value id="6"><value>1378191662</value></field_value><field_value id="770006401"><value>0</value></field_value><field_value id="760000803"/><field_value id="700002239"/><field_value id="5"><value>Demo</value></field_value><field_value id="760000802"/><field_value id="4"/><field_value id="3"><value>1378136335</value></field_value><field_value id="2"><value>Demo</value></field_value><field_value id="1"><value>000000000024721</value></field_value><field_value id="490000700"><value>KS00505696001CtqIkUgVFY_VQ2Xs3</value></field_value><field_value id="700004642"><value>Set Fields - Internal</value></field_value><field_value id="600000090"/><field_value id="700001698"/><field_value id="700001697"/><field_value id="700001696"/><field_value id="700001056"/><field_value id="700001695"/><field_value id="700001055"/><field_value id="700001691"/><field_value id="700001690"><value>clientManager.addAction(new KD.utils.ClientAction({elementId:'KS00505696001Cbp4kUg058uVQZ2g3', jsEvent:'change', source:'', action:KD.utils.Action._setInternalFieldValues, ifExpr:'', actionId:'', synchronous:false, timeout:0, params:[[],'{"SetFields":[{"KS00505696001CzJ4kUgXQwwVQhGk3":{"KS00505696001CzJ4kUgXQwwVQhGk3":"$\NULL$","visible":"","sort_order":"1","table_label":"","fire":"false"}, "KS00505696001CF58kUg9TMxVQlmo3":{"KS00505696001CF58kUg9TMxVQlmo3":"$\NULL$","visible":"","sort_order":"2","table_label":"","fire":"false"}, "KS00505696001CVJ8kUg-iAyVQeGs3":{"KS00505696001CVJ8kUg-iAyVQeGs3":"$\NULL$","visible":"","sort_order":"3","table_label":"","fire":"true"}}]}']}));</value></field_value><field_value id="700000230"><value>KS00505696001Cbp4kUg058uVQZ2g3</value></field_value><field_value id="700001212"/><field_value id="179"><value>ID00505696001CxaIkUg85A_VQG3w3</value></field_value><field_value id="700007000"/><field_value id="700081207"/><field_value id="700004955"/><field_value id="700081202"/><field_value id="700004630"/><field_value id="700001687"/><field_value id="700001686"><value>0</value></field_value><field_value id="700001046"/><field_value id="700001685"/><field_value id="700001045"/><field_value id="770000400"/><field_value id="700001044"/><field_value id="700001043"/><field_value id="700000800"><value>KS00505696001C58UeUgu85YPgOWx5</value></field_value><field_value id="700001683"/></entry><entry id="000000000024722"><field_value id="700001682"/><field_value id="700001681"/><field_value id="700001680"><value>"KS00505696001CF58kUg9TMxVQlmo3":{"KS00505696001CF58kUg9TMxVQlmo3":"$\NULL$","visible":"","sort_order":"1","table_label":"","fire":"false"}, "KS00505696001CVJ8kUg-iAyVQeGs3":{"KS00505696001CVJ8kUg-iAyVQeGs3":"$\NULL$","visible":"","sort_order":"2","table_label":"","fire":"true"}</value></field_value><field_value id="700001239"/><field_value id="536870916"/><field_value id="700001202"><value>change</value></field_value><field_value id="600000043"/><field_value id="600000042"/><field_value id="770006505"/><field_value id="700002400"/><field_value id="700004587"><value>Set Fields - Internal</value></field_value><field_value id="710060809"/><field_value id="700004585"/><field_value id="770006500"/><field_value id="700004584"><value>KD.utils.Action._setInternalFieldValues</value></field_value><field_value id="700001000"/><field_value id="700004583"><value>AG000C29497A1A4FTHRQNkmSFA1RAA</value></field_value><field_value id="70000088"/><field_value id="700004582"><value>Clear Fields</value></field_value><field_value id="700002304"/><field_value id="70000087"/><field_value id="700002303"><value>KS00505696001C_cUeUgVyVZPgcGx5</value></field_value><field_value id="770006407"/><field_value id="700073250"><value>3</value></field_value><field_value id="70000085"/><field_value id="770006406"/><field_value id="760001307"/><field_value id="770006405"/><field_value id="70000083"/><field_value id="8"><value>na</value></field_value><field_value id="70000082"/><field_value id="7"><value>0</value></field_value><field_value id="6"><value>1378136425</value></field_value><field_value id="770006401"><value>0</value></field_value><field_value id="760000803"/><field_value id="700002239"/><field_value id="5"><value>Demo</value></field_value><field_value id="760000802"/><field_value id="4"/><field_value id="3"><value>1378136425</value></field_value><field_value id="2"><value>Demo</value></field_value><field_value id="1"><value>000000000024722</value></field_value><field_value id="490000700"><value>KS00505696001CM6MkUgqD9BVQr4A3</value></field_value><field_value id="700004642"><value>Set Fields - Internal</value></field_value><field_value id="600000090"/><field_value id="700001698"/><field_value id="700001697"/><field_value id="700001696"/><field_value id="700001056"/><field_value id="700001695"/><field_value id="700001055"/><field_value id="700001691"/><field_value id="700001690"><value>clientManager.addAction(new KD.utils.ClientAction({elementId:'KS00505696001CzJ4kUgXQwwVQhGk3', jsEvent:'change', source:'', action:KD.utils.Action._setInternalFieldValues, ifExpr:'', actionId:'', synchronous:false, timeout:0, params:[[],'{"SetFields":[{"KS00505696001CF58kUg9TMxVQlmo3":{"KS00505696001CF58kUg9TMxVQlmo3":"$\NULL$","visible":"","sort_order":"1","table_label":"","fire":"false"}, "KS00505696001CVJ8kUg-iAyVQeGs3":{"KS00505696001CVJ8kUg-iAyVQeGs3":"$\NULL$","visible":"","sort_order":"2","table_label":"","fire":"true"}}]}']}));</value></field_value><field_value id="700000230"><value>KS00505696001CzJ4kUgXQwwVQhGk3</value></field_value><field_value id="700001212"/><field_value id="179"><value>ID00505696001CP6MkUgDW9BVQ4YA3</value></field_value><field_value id="700007000"/><field_value id="700081207"/><field_value id="700004955"/><field_value id="700081202"/><field_value id="700004630"/><field_value id="700001687"/><field_value id="700001686"><value>0</value></field_value><field_value id="700001046"/><field_value id="700001685"/><field_value id="700001045"/><field_value id="770000400"/><field_value id="700001044"/><field_value id="700001043"/><field_value id="700000800"><value>KS00505696001C58UeUgu85YPgOWx5</value></field_value><field_value id="700001683"/></entry><entry id="000000000024723"><field_value id="700001682"/><field_value id="700001681"/><field_value id="700001680"><value>"KS00505696001CVJ8kUg-iAyVQeGs3":{"KS00505696001CVJ8kUg-iAyVQeGs3":"$\NULL$","visible":"","sort_order":"1","table_label":"","fire":"true"}</value></field_value><field_value id="700001239"/><field_value id="536870916"/><field_value id="700001202"><value>change</value></field_value><field_value id="600000043"/><field_value id="600000042"/><field_value id="770006505"/><field_value id="700002400"/><field_value id="700004587"><value>Set Fields - Internal</value></field_value><field_value id="710060809"/><field_value id="700004585"/><field_value id="770006500"/><field_value id="700004584"><value>KD.utils.Action._setInternalFieldValues</value></field_value><field_value id="700001000"/><field_value id="700004583"><value>AG000C29497A1A4FTHRQNkmSFA1RAA</value></field_value><field_value id="70000088"/><field_value id="700004582"><value>Clear fields</value></field_value><field_value id="700002304"/><field_value id="70000087"/><field_value id="700002303"><value>KS00505696001C_cUeUgVyVZPgcGx5</value></field_value><field_value id="770006407"/><field_value id="700073250"><value>2</value></field_value><field_value id="70000085"/><field_value id="770006406"/><field_value id="760001307"/><field_value id="770006405"/><field_value id="70000083"/><field_value id="8"><value>na</value></field_value><field_value id="70000082"/><field_value id="7"><value>0</value></field_value><field_value id="6"><value>1378136457</value></field_value><field_value id="770006401"><value>0</value></field_value><field_value id="760000803"/><field_value id="700002239"/><field_value id="5"><value>Demo</value></field_value><field_value id="760000802"/><field_value id="4"/><field_value id="3"><value>1378136457</value></field_value><field_value id="2"><value>Demo</value></field_value><field_value id="1"><value>000000000024723</value></field_value><field_value id="490000700"><value>KS00505696001CX6MkUg4-pBVQWoE3</value></field_value><field_value id="700004642"><value>Set Fields - Internal</value></field_value><field_value id="600000090"/><field_value id="700001698"/><field_value id="700001697"/><field_value id="700001696"/><field_value id="700001056"/><field_value id="700001695"/><field_value id="700001055"/><field_value id="700001691"/><field_value id="700001690"><value>clientManager.addAction(new KD.utils.ClientAction({elementId:'KS00505696001CF58kUg9TMxVQlmo3', jsEvent:'change', source:'', action:KD.utils.Action._setInternalFieldValues, ifExpr:'', actionId:'', synchronous:false, timeout:0, params:[[],'{"SetFields":[{"KS00505696001CVJ8kUg-iAyVQeGs3":{"KS00505696001CVJ8kUg-iAyVQeGs3":"$\NULL$","visible":"","sort_order":"1","table_label":"","fire":"true"}}]}']}));</value></field_value><field_value id="700000230"><value>KS00505696001CF58kUg9TMxVQlmo3</value></field_value><field_value id="700001212"/><field_value id="179"><value>ID00505696001Ca6MkUgSBlCVQooE3</value></field_value><field_value id="700007000"/><field_value id="700081207"/><field_value id="700004955"/><field_value id="700081202"/><field_value id="700004630"/><field_value id="700001687"/><field_value id="700001686"><value>0</value></field_value><field_value id="700001046"/><field_value id="700001685"/><field_value id="700001045"/><field_value id="770000400"/><field_value id="700001044"/><field_value id="700001043"/><field_value id="700000800"><value>KS00505696001C58UeUgu85YPgOWx5</value></field_value><field_value id="700001683"/></entry><entry id="000000000024725"><field_value id="700001682"/><field_value id="700001681"/><field_value id="700001680"><value>getData();</value></field_value><field_value id="700001239"/><field_value id="536870916"/><field_value id="700001202"><value>change</value></field_value><field_value id="600000043"/><field_value id="600000042"/><field_value id="770006505"/><field_value id="700002400"/><field_value id="700004587"><value>Custom</value></field_value><field_value id="710060809"><value>ID00505696001CQrEkUgGCx4VQka43</value></field_value><field_value id="700004585"/><field_value id="770006500"/><field_value id="700004584"><value>KD.utils.Action._customAction</value></field_value><field_value id="700001000"/><field_value id="700004583"><value>AG000C29497A1AuWClRQz13rKgcxoA</value></field_value><field_value id="70000088"/><field_value id="700004582"><value>Populate Query Response</value></field_value><field_value id="700002304"/><field_value id="70000087"/><field_value id="700002303"><value>KS00505696001C_cUeUgVyVZPgcGx5</value></field_value><field_value id="770006407"/><field_value id="700073250"><value>1</value></field_value><field_value id="70000085"/><field_value id="770006406"/><field_value id="760001307"><value>0</value></field_value><field_value id="770006405"/><field_value id="70000083"/><field_value id="8"><value>na</value></field_value><field_value id="70000082"/><field_value id="7"><value>0</value></field_value><field_value id="6"><value>1378186604</value></field_value><field_value id="770006401"><value>1</value></field_value><field_value id="760000803"/><field_value id="700002239"/><field_value id="5"><value>Demo</value></field_value><field_value id="760000802"/><field_value id="4"/><field_value id="3"><value>1378140025</value></field_value><field_value id="2"><value>Demo</value></field_value><field_value id="1"><value>000000000024725</value></field_value><field_value id="490000700"><value>ID00505696001CTmclUgW0o_WApMI5</value></field_value><field_value id="700004642"><value>Custom</value></field_value><field_value id="600000090"/><field_value id="700001698"/><field_value id="700001697"/><field_value id="700001696"/><field_value id="700001056"/><field_value id="700001695"/><field_value id="700001055"/><field_value id="700001691"/><field_value id="700001690"><value>clientManager.addAction(new KD.utils.ClientAction({elementId:'KS00505696001CVJ8kUg-iAyVQeGs3', jsEvent:'change', source:'bridge', action:KD.utils.Action._customAction, ifExpr:'obj.value!= ""', actionId:'ID00505696001CQrEkUgGCx4VQka43', params:["getData();"]}));</value></field_value><field_value id="700000230"><value>KS00505696001CVJ8kUg-iAyVQeGs3</value></field_value><field_value id="700001212"/><field_value id="179"><value>ID00505696001CQrEkUgbyx4VQk643</value></field_value><field_value id="700007000"/><field_value id="700081207"><value>obj.value!= ""</value></field_value><field_value id="700004955"/><field_value id="700081202"/><field_value id="700004630"/><field_value id="700001687"/><field_value id="700001686"><value>0</value></field_value><field_value id="700001046"/><field_value id="700001685"><value>obj.value!= ""</value></field_value><field_value id="700001045"/><field_value id="770000400"/><field_value id="700001044"/><field_value id="700001043"/><field_value id="700000800"><value>KS00505696001C58UeUgu85YPgOWx5</value></field_value><field_value id="700001683"/></entry><entry id="000000000024728"><field_value id="700001682"/><field_value id="700001681"/><field_value id="700001680"><value>"KS00505696001CWRouUgnq06eg7w_8":{"KS00505696001CWRouUgnq06eg7w_8":"&lt;%=attribute[\\\"Request ID\\\"]%&gt; ","visible":"Yes","sort_order":"1","table_label":"","fire":"false"}, "KS00505696001ColslUgcrERWAmqM5":{"KS00505696001ColslUgcrERWAmqM5":"&lt;%=attribute[\\\"Character Field 13\\\"]%&gt; ","visible":"No","sort_order":"2","table_label":"","fire":"true"}</value></field_value><field_value id="700001239"/><field_value id="536870916"><value>'&lt;FLD&gt;Data Types;KS00505696001CVJ8kUg-iAyVQeGs3;ANSWER&lt;/FLD&gt;'</value></field_value><field_value id="700001202"><value>change</value></field_value><field_value id="600000043"/><field_value id="600000042"/><field_value id="770006505"/><field_value id="700002400"/><field_value id="700004587"><value>Set Fields - External</value></field_value><field_value id="710060809"><value>ID00505696001CQ1wlUgdCcUWAn6U5</value></field_value><field_value id="700004585"/><field_value id="770006500"/><field_value id="700004584"><value>KD.utils.Action._setFieldValues</value></field_value><field_value id="700001000"/><field_value id="700004583"><value>AG000C29497A1AKQ2cRQavJ8BgxgIA</value></field_value><field_value id="70000088"/><field_value id="700004582"><value>Retrieve Data Definition</value></field_value><field_value id="700002304"/><field_value id="70000087"/><field_value id="700002303"><value>KS00505696001C_cUeUgVyVZPgcGx5</value></field_value><field_value id="770006407"/><field_value id="700073250"><value>2</value></field_value><field_value id="70000085"/><field_value id="770006406"/><field_value id="760001307"><value>0</value></field_value><field_value id="770006405"/><field_value id="70000083"/><field_value id="8"><value>na</value></field_value><field_value id="70000082"/><field_value id="7"><value>0</value></field_value><field_value id="6"><value>1378756926</value></field_value><field_value id="770006401"><value>0</value></field_value><field_value id="760000803"/><field_value id="700002239"/><field_value id="5"><value>Demo</value></field_value><field_value id="760000802"/><field_value id="4"/><field_value id="3"><value>1378183837</value></field_value><field_value id="2"><value>Demo</value></field_value><field_value id="1"><value>000000000024728</value></field_value><field_value id="490000700"><value>ID00505696001CIRsuUg6bg9eg6xP8</value></field_value><field_value id="700004642"><value>Set Fields - External</value></field_value><field_value id="600000090"/><field_value id="700001698"/><field_value id="700001697"/><field_value id="700001696"/><field_value id="700001056"/><field_value id="700001695"/><field_value id="700001055"/><field_value id="700001691"/><field_value id="700001690"><value>clientManager.addAction(new KD.utils.ClientAction({elementId:'KS00505696001CVJ8kUg-iAyVQeGs3', jsEvent:'change', source:'bridge', action:KD.utils.Action._setFieldValues, ifExpr:'obj.value!= ""', actionId:'ID00505696001CQ1wlUgdCcUWAn6U5', params:[['&lt;FLD&gt;Data Types;KS00505696001CVJ8kUg-iAyVQeGs3;ANSWER&lt;/FLD&gt;'],'{"SetFields":[{"KS00505696001CWRouUgnq06eg7w_8":{"KS00505696001CWRouUgnq06eg7w_8":"&lt;%=attribute[\\\"Request ID\\\"]%&gt; ","visible":"Yes","sort_order":"1","table_label":"","fire":"false"}, "KS00505696001ColslUgcrERWAmqM5":{"KS00505696001ColslUgcrERWAmqM5":"&lt;%=attribute[\\\"Character Field 13\\\"]%&gt; ","visible":"No","sort_order":"2","table_label":"","fire":"true"}}]}']}));</value></field_value><field_value id="700000230"><value>KS00505696001CVJ8kUg-iAyVQeGs3</value></field_value><field_value id="700001212"/><field_value id="179"><value>ID00505696001CQ1wlUgzycUWAoaU5</value></field_value><field_value id="700007000"/><field_value id="700081207"><value>obj.value!= ""</value></field_value><field_value id="700004955"/><field_value id="700081202"/><field_value id="700004630"/><field_value id="700001687"/><field_value id="700001686"><value>0</value></field_value><field_value id="700001046"/><field_value id="700001685"><value>obj.value!= ""</value></field_value><field_value id="700001045"/><field_value id="770000400"/><field_value id="700001044"/><field_value id="700001043"/><field_value id="700000800"><value>KS00505696001C58UeUgu85YPgOWx5</value></field_value><field_value id="700001683"/></entry><entry id="000000000024729"><field_value id="700001682"/><field_value id="700001681"/><field_value id="700001680"><value>parseDataDefinition(obj.value);</value></field_value><field_value id="700001239"/><field_value id="536870916"/><field_value id="700001202"><value>change</value></field_value><field_value id="600000043"/><field_value id="600000042"/><field_value id="770006505"/><field_value id="700002400"/><field_value id="700004587"><value>Custom</value></field_value><field_value id="710060809"><value>ID00505696001Cb2clUgg8k_WAG8M5</value></field_value><field_value id="700004585"/><field_value id="770006500"/><field_value id="700004584"><value>KD.utils.Action._customAction</value></field_value><field_value id="700001000"/><field_value id="700004583"><value>AG000C29497A1AuWClRQz13rKgcxoA</value></field_value><field_value id="70000088"/><field_value id="700004582"><value>Get Data</value></field_value><field_value id="700002304"/><field_value id="70000087"/><field_value id="700002303"><value>KS00505696001C_cUeUgVyVZPgcGx5</value></field_value><field_value id="770006407"/><field_value id="700073250"><value>1</value></field_value><field_value id="70000085"/><field_value id="770006406"/><field_value id="760001307"><value>0</value></field_value><field_value id="770006405"/><field_value id="70000083"/><field_value id="8"><value>na</value></field_value><field_value id="70000082"/><field_value id="7"><value>0</value></field_value><field_value id="6"><value>1378188865</value></field_value><field_value id="770006401"><value>0</value></field_value><field_value id="760000803"/><field_value id="700002239"/><field_value id="5"><value>Demo</value></field_value><field_value id="760000802"/><field_value id="4"/><field_value id="3"><value>1378187020</value></field_value><field_value id="2"><value>Demo</value></field_value><field_value id="1"><value>000000000024729</value></field_value><field_value id="490000700"><value>ID00505696001Cvm4lUgzFhcWAKOA5</value></field_value><field_value id="700004642"><value>Custom</value></field_value><field_value id="600000090"/><field_value id="700001698"/><field_value id="700001697"/><field_value id="700001696"/><field_value id="700001056"/><field_value id="700001695"/><field_value id="700001055"/><field_value id="700001691"/><field_value id="700001690"><value>clientManager.addAction(new KD.utils.ClientAction({elementId:'KS00505696001ColslUgcrERWAmqM5', jsEvent:'change', source:'bridge', action:KD.utils.Action._customAction, ifExpr:'', actionId:'ID00505696001Cb2clUgg8k_WAG8M5', params:["parseDataDefinition(obj.value);"]}));</value></field_value><field_value id="700000230"><value>KS00505696001ColslUgcrERWAmqM5</value></field_value><field_value id="700001212"/><field_value id="179"><value>ID00505696001Cb2clUg2ck_WAHcM5</value></field_value><field_value id="700007000"/><field_value id="700081207"/><field_value id="700004955"/><field_value id="700081202"/><field_value id="700004630"/><field_value id="700001687"/><field_value id="700001686"><value>0</value></field_value><field_value id="700001046"/><field_value id="700001685"/><field_value id="700001045"/><field_value id="770000400"/><field_value id="700001044"/><field_value id="700001043"/><field_value id="700000800"><value>KS00505696001C58UeUgu85YPgOWx5</value></field_value><field_value id="700001683"/></entry><entry id="000000000024730"><field_value id="700001682"/><field_value id="700001681"/><field_value id="700001680"/><field_value id="700001239"/><field_value id="536870916"/><field_value id="700001202"><value>*custom*</value></field_value><field_value id="600000043"/><field_value id="600000042"/><field_value id="770006505"/><field_value id="700002400"/><field_value id="700004587"><value>Custom</value></field_value><field_value id="710060809"><value>ID00505696001CyHklUgv3aHWAsv45</value></field_value><field_value id="700004585"/><field_value id="770006500"/><field_value id="700004584"><value>KD.utils.Action._customAction</value></field_value><field_value id="700001000"/><field_value id="700004583"><value>AG000C29497A1AuWClRQz13rKgcxoA</value></field_value><field_value id="70000088"/><field_value id="700004582"><value>All Entries - Special Param 3</value></field_value><field_value id="700002304"/><field_value id="70000087"/><field_value id="700002303"><value>KS00505696001C_cUeUgVyVZPgcGx5</value></field_value><field_value id="770006407"/><field_value id="700073250"><value>1</value></field_value><field_value id="70000085"/><field_value id="770006406"/><field_value id="760001307"><value>0</value></field_value><field_value id="770006405"/><field_value id="70000083"/><field_value id="8"><value>na</value></field_value><field_value id="70000082"/><field_value id="7"><value>0</value></field_value><field_value id="6"><value>1378191347</value></field_value><field_value id="770006401"><value>0</value></field_value><field_value id="760000803"/><field_value id="700002239"/><field_value id="5"><value>Demo</value></field_value><field_value id="760000802"/><field_value id="4"/><field_value id="3"><value>1378191342</value></field_value><field_value id="2"><value>Demo</value></field_value><field_value id="1"><value>000000000024730</value></field_value><field_value id="490000700"><value>KS00505696001Cp3klUg_fWGWAaP45</value></field_value><field_value id="700004642"><value>Custom</value></field_value><field_value id="600000090"/><field_value id="700001698"/><field_value id="700001697"/><field_value id="700001696"/><field_value id="700001056"/><field_value id="700001695"/><field_value id="700001055"/><field_value id="700001691"/><field_value id="700001690"><value>clientManager.addAction(new KD.utils.ClientAction({elementId:'KS00505696001CqHklUgS_qGWAa_45', jsEvent:'*custom*', source:'bridge', action:KD.utils.Action._customAction, ifExpr:'', actionId:'ID00505696001CyHklUgv3aHWAsv45', params:''}));</value></field_value><field_value id="700000230"><value>KS00505696001CqHklUgS_qGWAa_45</value></field_value><field_value id="700001212"/><field_value id="179"><value>ID00505696001CynklUgKX2HWAtv45</value></field_value><field_value id="700007000"/><field_value id="700081207"/><field_value id="700004955"/><field_value id="700081202"><value>6</value></field_value><field_value id="700004630"/><field_value id="700001687"/><field_value id="700001686"><value>0</value></field_value><field_value id="700001046"/><field_value id="700001685"/><field_value id="700001045"/><field_value id="770000400"/><field_value id="700001044"/><field_value id="700001043"/><field_value id="700000800"><value>KS00505696001C58UeUgu85YPgOWx5</value></field_value><field_value id="700001683"/></entry><entry id="000000000024731"><field_value id="700001682"/><field_value id="700001681"/><field_value id="700001680"><value>{ "LabelField":"Data Type Name", "ValueField":"Data Type Name", "AttachTo":"KS00505696001CVJ8kUg-iAyVQeGs3"}</value></field_value><field_value id="700001239"/><field_value id="536870916"/><field_value id="700001202"><value>change</value></field_value><field_value id="600000043"/><field_value id="600000042"/><field_value id="770006505"/><field_value id="700002400"/><field_value id="700004587"><value>Menu</value></field_value><field_value id="710060809"><value>ID00505696001C_3olUgSDSMWAjwg6</value></field_value><field_value id="700004585"/><field_value id="770006500"/><field_value id="700004584"><value>KD.utils.Action._attachMenu</value></field_value><field_value id="700001000"/><field_value id="700004583"><value>AG000C29497A1AiZWiRQjqwBIAOxQA</value></field_value><field_value id="70000088"/><field_value id="700004582"><value>Populate Data Types</value></field_value><field_value id="700002304"/><field_value id="70000087"/><field_value id="700002303"><value>KS00505696001C_cUeUgVyVZPgcGx5</value></field_value><field_value id="770006407"/><field_value id="700073250"><value>4</value></field_value><field_value id="70000085"/><field_value id="770006406"/><field_value id="760001307"><value>0</value></field_value><field_value id="770006405"/><field_value id="70000083"/><field_value id="8"><value>na</value></field_value><field_value id="70000082"/><field_value id="7"><value>0</value></field_value><field_value id="6"><value>1378191661</value></field_value><field_value id="770006401"><value>0</value></field_value><field_value id="760000803"/><field_value id="700002239"/><field_value id="5"><value>Demo</value></field_value><field_value id="760000802"/><field_value id="4"/><field_value id="3"><value>1378191661</value></field_value><field_value id="2"><value>Demo</value></field_value><field_value id="1"><value>000000000024731</value></field_value><field_value id="490000700"><value>KS00505696001CzXolUgLHOLWAtwc6</value></field_value><field_value id="700004642"><value>Populate Menu</value></field_value><field_value id="600000090"/><field_value id="700001698"/><field_value id="700001697"/><field_value id="700001696"/><field_value id="700001056"/><field_value id="700001695"/><field_value id="700001055"/><field_value id="700001691"/><field_value id="700001690"><value>clientManager.addAction(new KD.utils.ClientAction({elementId:'KS00505696001Cbp4kUg058uVQZ2g3', jsEvent:'change', source:'bridge', action:KD.utils.Action._attachMenu, ifExpr:'obj.value== ""', actionId:'ID00505696001C_3olUgSDSMWAjwg6', params:[[], '{"AttachMenu":[{ "LabelField":"Data Type Name", "ValueField":"Data Type Name", "AttachTo":"KS00505696001CVJ8kUg-iAyVQeGs3"}]}']}));</value></field_value><field_value id="700000230"><value>KS00505696001Cbp4kUg058uVQZ2g3</value></field_value><field_value id="700001212"/><field_value id="179"><value>ID00505696001C_3olUgkzSMWAkQg6</value></field_value><field_value id="700007000"/><field_value id="700081207"><value>obj.value== ""</value></field_value><field_value id="700004955"/><field_value id="700081202"/><field_value id="700004630"/><field_value id="700001687"/><field_value id="700001686"><value>0</value></field_value><field_value id="700001046"/><field_value id="700001685"><value>obj.value== ""</value></field_value><field_value id="700001045"/><field_value id="770000400"/><field_value id="700001044"/><field_value id="700001043"/><field_value id="700000800"><value>KS00505696001C58UeUgu85YPgOWx5</value></field_value><field_value id="700001683"/></entry><entry id="000000000024780"><field_value id="700001682"/><field_value id="700001681"/><field_value id="700001680"><value>setDataTypes(getParameter('dataType'));</value></field_value><field_value id="700001239"/><field_value id="536870916"/><field_value id="700001202"><value>load</value></field_value><field_value id="600000043"/><field_value id="600000042"/><field_value id="770006505"/><field_value id="700002400"/><field_value id="700004587"><value>Custom</value></field_value><field_value id="710060809"><value>ID00505696001CNgwuUgiXIDegOdb7</value></field_value><field_value id="700004585"/><field_value id="770006500"/><field_value id="700004584"><value>KD.utils.Action._customAction</value></field_value><field_value id="700001000"/><field_value id="700004583"><value>AG000C29497A1AuWClRQz13rKgcxoA</value></field_value><field_value id="70000088"/><field_value id="700004582"><value>Get DataType</value></field_value><field_value id="700002304"/><field_value id="70000087"/><field_value id="700002303"><value>KS00505696001C_cUeUgVyVZPgcGx5</value></field_value><field_value id="770006407"/><field_value id="700073250"><value>1</value></field_value><field_value id="70000085"/><field_value id="770006406"/><field_value id="760001307"><value>0</value></field_value><field_value id="770006405"/><field_value id="70000083"/><field_value id="8"><value>na</value></field_value><field_value id="70000082"/><field_value id="7"><value>0</value></field_value><field_value id="6"><value>1378753635</value></field_value><field_value id="770006401"><value>0</value></field_value><field_value id="760000803"/><field_value id="700002239"/><field_value id="5"><value>Demo</value></field_value><field_value id="760000802"/><field_value id="4"/><field_value id="3"><value>1378753333</value></field_value><field_value id="2"><value>Demo</value></field_value><field_value id="1"><value>000000000024780</value></field_value><field_value id="490000700"><value>ID00505696001Cww0uUguIIJegjd37</value></field_value><field_value id="700004642"><value>Custom</value></field_value><field_value id="600000090"/><field_value id="700001698"/><field_value id="700001697"/><field_value id="700001696"/><field_value id="700001056"/><field_value id="700001695"/><field_value id="700001055"/><field_value id="700001691"/><field_value id="700001690"><value>KD.utils.Action._customAction(window, new KD.utils.ClientAction({elementId:'KS00505696001C_cUeUgVyVZPgcGx5', jsEvent:'load', source:'bridge', action:KD.utils.Action._customAction, ifExpr:'getParameter("dataType") != ""', actionId:'ID00505696001CNgwuUgiXIDegOdb7', params:["setDataTypes(getParameter('dataType'));"]}));</value></field_value><field_value id="700000230"><value>KS00505696001C_cUeUgVyVZPgcGx5</value></field_value><field_value id="700001212"/><field_value id="179"><value>ID00505696001CNgwuUg4nIDegPdb7</value></field_value><field_value id="700007000"/><field_value id="700081207"><value>getParameter("dataType") != ""</value></field_value><field_value id="700004955"/><field_value id="700081202"><value>0</value></field_value><field_value id="700004630"/><field_value id="700001687"/><field_value id="700001686"><value>0</value></field_value><field_value id="700001046"/><field_value id="700001685"><value>getParameter("dataType") != ""</value></field_value><field_value id="700001045"/><field_value id="770000400"/><field_value id="700001044"/><field_value id="700001043"/><field_value id="700000800"><value>KS00505696001C58UeUgu85YPgOWx5</value></field_value><field_value id="700001683"/></entry><entry id="000000000024945"><field_value id="700001682"/><field_value id="700001681"/><field_value id="700001680"/><field_value id="700001239"/><field_value id="536870916"/><field_value id="700001202"><value>*custom*</value></field_value><field_value id="600000043"/><field_value id="600000042"/><field_value id="770006505"/><field_value id="700002400"/><field_value id="700004587"><value>Custom</value></field_value><field_value id="710060809"><value>ID00505696001CEYQ2Ug8RliBwcmcE</value></field_value><field_value id="700004585"/><field_value id="770006500"/><field_value id="700004584"><value>KD.utils.Action._customAction</value></field_value><field_value id="700001000"/><field_value id="700004583"><value>AG000C29497A1AuWClRQz13rKgcxoA</value></field_value><field_value id="70000088"/><field_value id="700004582"><value>Index 1</value></field_value><field_value id="700002304"/><field_value id="70000087"/><field_value id="700002303"><value>KS00505696001C_cUeUgVyVZPgcGx5</value></field_value><field_value id="770006407"/><field_value id="700073250"><value>1</value></field_value><field_value id="70000085"/><field_value id="770006406"/><field_value id="760001307"><value>0</value></field_value><field_value id="770006405"/><field_value id="70000083"/><field_value id="8"><value>na</value></field_value><field_value id="70000082"/><field_value id="7"><value>0</value></field_value><field_value id="6"><value>1379308092</value></field_value><field_value id="770006401"><value>0</value></field_value><field_value id="760000803"/><field_value id="700002239"/><field_value id="5"><value>Demo</value></field_value><field_value id="760000802"/><field_value id="4"/><field_value id="3"><value>1379308080</value></field_value><field_value id="2"><value>Demo</value></field_value><field_value id="1"><value>000000000024945</value></field_value><field_value id="490000700"><value>KS00505696001C8YM2UgKp5hBwFWcE</value></field_value><field_value id="700004642"><value>Custom</value></field_value><field_value id="600000090"/><field_value id="700001698"/><field_value id="700001697"/><field_value id="700001696"/><field_value id="700001056"/><field_value id="700001695"/><field_value id="700001055"/><field_value id="700001691"/><field_value id="700001690"><value>clientManager.addAction(new KD.utils.ClientAction({elementId:'KS00505696001C8oM2UgVp9hBwGmcE', jsEvent:'*custom*', source:'bridge', action:KD.utils.Action._customAction, ifExpr:'', actionId:'ID00505696001CEYQ2Ug8RliBwcmcE', params:''}));</value></field_value><field_value id="700000230"><value>KS00505696001C8oM2UgVp9hBwGmcE</value></field_value><field_value id="700001212"/><field_value id="179"><value>ID00505696001CEYQ2UgPRpiBwdGcE</value></field_value><field_value id="700007000"/><field_value id="700081207"/><field_value id="700004955"/><field_value id="700081202"><value>6</value></field_value><field_value id="700004630"/><field_value id="700001687"/><field_value id="700001686"><value>0</value></field_value><field_value id="700001046"/><field_value id="700001685"/><field_value id="700001045"/><field_value id="770000400"/><field_value id="700001044"/><field_value id="700001043"/><field_value id="700000800"><value>KS00505696001C58UeUgu85YPgOWx5</value></field_value><field_value id="700001683"/></entry><entry id="000000000024946"><field_value id="700001682"/><field_value id="700001681"/><field_value id="700001680"/><field_value id="700001239"/><field_value id="536870916"/><field_value id="700001202"><value>*custom*</value></field_value><field_value id="600000043"/><field_value id="600000042"/><field_value id="770006505"/><field_value id="700002400"/><field_value id="700004587"><value>Custom</value></field_value><field_value id="710060809"><value>ID00505696001CXYQ2UgNkJjBwSmgE</value></field_value><field_value id="700004585"/><field_value id="770006500"/><field_value id="700004584"><value>KD.utils.Action._customAction</value></field_value><field_value id="700001000"/><field_value id="700004583"><value>AG000C29497A1AuWClRQz13rKgcxoA</value></field_value><field_value id="70000088"/><field_value id="700004582"><value>Index 1 | 2 - Any</value></field_value><field_value id="700002304"/><field_value id="70000087"/><field_value id="700002303"><value>KS00505696001C_cUeUgVyVZPgcGx5</value></field_value><field_value id="770006407"/><field_value id="700073250"><value>1</value></field_value><field_value id="70000085"/><field_value id="770006406"/><field_value id="760001307"><value>0</value></field_value><field_value id="770006405"/><field_value id="70000083"/><field_value id="8"><value>na</value></field_value><field_value id="70000082"/><field_value id="7"><value>0</value></field_value><field_value id="6"><value>1379308356</value></field_value><field_value id="770006401"><value>0</value></field_value><field_value id="760000803"/><field_value id="700002239"/><field_value id="5"><value>Demo</value></field_value><field_value id="760000802"/><field_value id="4"/><field_value id="3"><value>1379308164</value></field_value><field_value id="2"><value>Demo</value></field_value><field_value id="1"><value>000000000024946</value></field_value><field_value id="490000700"><value>ID00505696001CLYU2Ugw3BmBw_moE</value></field_value><field_value id="700004642"><value>Custom</value></field_value><field_value id="600000090"/><field_value id="700001698"/><field_value id="700001697"/><field_value id="700001696"/><field_value id="700001056"/><field_value id="700001695"/><field_value id="700001055"/><field_value id="700001691"/><field_value id="700001690"><value>clientManager.addAction(new KD.utils.ClientAction({elementId:'KS00505696001CNYQ2UgWKZiBw7GcE', jsEvent:'*custom*', source:'bridge', action:KD.utils.Action._customAction, ifExpr:'', actionId:'ID00505696001CXYQ2UgNkJjBwSmgE', params:''}));</value></field_value><field_value id="700000230"><value>KS00505696001CNYQ2UgWKZiBw7GcE</value></field_value><field_value id="700001212"/><field_value id="179"><value>ID00505696001CXYQ2UgiUJjBwTGgE</value></field_value><field_value id="700007000"/><field_value id="700081207"/><field_value id="700004955"/><field_value id="700081202"><value>6</value></field_value><field_value id="700004630"/><field_value id="700001687"/><field_value id="700001686"><value>0</value></field_value><field_value id="700001046"/><field_value id="700001685"/><field_value id="700001045"/><field_value id="770000400"/><field_value id="700001044"/><field_value id="700001043"/><field_value id="700000800"><value>KS00505696001C58UeUgu85YPgOWx5</value></field_value><field_value id="700001683"/></entry><entry id="000000000024947"><field_value id="700001682"/><field_value id="700001681"/><field_value id="700001680"/><field_value id="700001239"/><field_value id="536870916"/><field_value id="700001202"><value>*custom*</value></field_value><field_value id="600000043"/><field_value id="600000042"/><field_value id="770006505"/><field_value id="700002400"/><field_value id="700004587"><value>Custom</value></field_value><field_value id="710060809"><value>ID00505696001Cm4Q2UgBTVkBwD2kE</value></field_value><field_value id="700004585"/><field_value id="770006500"/><field_value id="700004584"><value>KD.utils.Action._customAction</value></field_value><field_value id="700001000"/><field_value id="700004583"><value>AG000C29497A1AuWClRQz13rKgcxoA</value></field_value><field_value id="70000088"/><field_value id="700004582"><value>Index 1 | 2 - Exact</value></field_value><field_value id="700002304"/><field_value id="70000087"/><field_value id="700002303"><value>KS00505696001C_cUeUgVyVZPgcGx5</value></field_value><field_value id="770006407"/><field_value id="700073250"><value>1</value></field_value><field_value id="70000085"/><field_value id="770006406"/><field_value id="760001307"><value>0</value></field_value><field_value id="770006405"/><field_value id="70000083"/><field_value id="8"><value>na</value></field_value><field_value id="70000082"/><field_value id="7"><value>0</value></field_value><field_value id="6"><value>1379308331</value></field_value><field_value id="770006401"><value>0</value></field_value><field_value id="760000803"/><field_value id="700002239"/><field_value id="5"><value>Demo</value></field_value><field_value id="760000802"/><field_value id="4"/><field_value id="3"><value>1379308223</value></field_value><field_value id="2"><value>Demo</value></field_value><field_value id="1"><value>000000000024947</value></field_value><field_value id="490000700"><value>ID00505696001CEIU2Ugq_xlBwkWoE</value></field_value><field_value id="700004642"><value>Custom</value></field_value><field_value id="600000090"/><field_value id="700001698"/><field_value id="700001697"/><field_value id="700001696"/><field_value id="700001056"/><field_value id="700001695"/><field_value id="700001055"/><field_value id="700001691"/><field_value id="700001690"><value>clientManager.addAction(new KD.utils.ClientAction({elementId:'KS00505696001Ch4Q2UgNOVjBw2WgE', jsEvent:'*custom*', source:'bridge', action:KD.utils.Action._customAction, ifExpr:'', actionId:'ID00505696001Cm4Q2UgBTVkBwD2kE', params:''}));</value></field_value><field_value id="700000230"><value>KS00505696001Ch4Q2UgNOVjBw2WgE</value></field_value><field_value id="700001212"/><field_value id="179"><value>ID00505696001Cm4Q2UgWTVkBwEWkE</value></field_value><field_value id="700007000"/><field_value id="700081207"/><field_value id="700004955"/><field_value id="700081202"><value>6</value></field_value><field_value id="700004630"/><field_value id="700001687"/><field_value id="700001686"><value>0</value></field_value><field_value id="700001046"/><field_value id="700001685"/><field_value id="700001045"/><field_value id="770000400"/><field_value id="700001044"/><field_value id="700001043"/><field_value id="700000800"><value>KS00505696001C58UeUgu85YPgOWx5</value></field_value><field_value id="700001683"/></entry><entry id="000000000024948"><field_value id="700001682"/><field_value id="700001681"/><field_value id="700001680"/><field_value id="700001239"/><field_value id="536870916"/><field_value id="700001202"><value>*custom*</value></field_value><field_value id="600000043"/><field_value id="600000042"/><field_value id="770006505"/><field_value id="700002400"/><field_value id="700004587"><value>Custom</value></field_value><field_value id="710060809"><value>ID00505696001C34Q2UgOD5lBwzWkE</value></field_value><field_value id="700004585"/><field_value id="770006500"/><field_value id="700004584"><value>KD.utils.Action._customAction</value></field_value><field_value id="700001000"/><field_value id="700004583"><value>AG000C29497A1AuWClRQz13rKgcxoA</value></field_value><field_value id="70000088"/><field_value id="700004582"><value>Index 1 | 2 | 3 - Any</value></field_value><field_value id="700002304"/><field_value id="70000087"/><field_value id="700002303"><value>KS00505696001C_cUeUgVyVZPgcGx5</value></field_value><field_value id="770006407"/><field_value id="700073250"><value>1</value></field_value><field_value id="70000085"/><field_value id="770006406"/><field_value id="760001307"><value>0</value></field_value><field_value id="770006405"/><field_value id="70000083"/><field_value id="8"><value>na</value></field_value><field_value id="70000082"/><field_value id="7"><value>0</value></field_value><field_value id="6"><value>1379308299</value></field_value><field_value id="770006401"><value>0</value></field_value><field_value id="760000803"/><field_value id="700002239"/><field_value id="5"><value>Demo</value></field_value><field_value id="760000802"/><field_value id="4"/><field_value id="3"><value>1379308296</value></field_value><field_value id="2"><value>Demo</value></field_value><field_value id="1"><value>000000000024948</value></field_value><field_value id="490000700"><value>KS00505696001Cv4Q2UgG8BkBwgWkE</value></field_value><field_value id="700004642"><value>Custom</value></field_value><field_value id="600000090"/><field_value id="700001698"/><field_value id="700001697"/><field_value id="700001696"/><field_value id="700001056"/><field_value id="700001695"/><field_value id="700001055"/><field_value id="700001691"/><field_value id="700001690"><value>clientManager.addAction(new KD.utils.ClientAction({elementId:'KS00505696001Cv4Q2UgDcFkBwhGkE', jsEvent:'*custom*', source:'bridge', action:KD.utils.Action._customAction, ifExpr:'', actionId:'ID00505696001C34Q2UgOD5lBwzWkE', params:''}));</value></field_value><field_value id="700000230"><value>KS00505696001Cv4Q2UgDcFkBwhGkE</value></field_value><field_value id="700001212"/><field_value id="179"><value>ID00505696001C34Q2Ugjj5lBwz2kE</value></field_value><field_value id="700007000"/><field_value id="700081207"/><field_value id="700004955"/><field_value id="700081202"><value>6</value></field_value><field_value id="700004630"/><field_value id="700001687"/><field_value id="700001686"><value>0</value></field_value><field_value id="700001046"/><field_value id="700001685"/><field_value id="700001045"/><field_value id="770000400"/><field_value id="700001044"/><field_value id="700001043"/><field_value id="700000800"><value>KS00505696001C58UeUgu85YPgOWx5</value></field_value><field_value id="700001683"/></entry><entry id="000000000024949"><field_value id="700001682"/><field_value id="700001681"/><field_value id="700001680"/><field_value id="700001239"/><field_value id="536870916"/><field_value id="700001202"><value>*custom*</value></field_value><field_value id="600000043"/><field_value id="600000042"/><field_value id="770006505"/><field_value id="700002400"/><field_value id="700004587"><value>Custom</value></field_value><field_value id="710060809"><value>ID00505696001CUIU2UgFvlmBwcWsE</value></field_value><field_value id="700004585"/><field_value id="770006500"/><field_value id="700004584"><value>KD.utils.Action._customAction</value></field_value><field_value id="700001000"/><field_value id="700004583"><value>AG000C29497A1AuWClRQz13rKgcxoA</value></field_value><field_value id="70000088"/><field_value id="700004582"><value>Index 1 | 2 | 3 - Exact</value></field_value><field_value id="700002304"/><field_value id="70000087"/><field_value id="700002303"><value>KS00505696001C_cUeUgVyVZPgcGx5</value></field_value><field_value id="770006407"/><field_value id="700073250"><value>1</value></field_value><field_value id="70000085"/><field_value id="770006406"/><field_value id="760001307"><value>0</value></field_value><field_value id="770006405"/><field_value id="70000083"/><field_value id="8"><value>na</value></field_value><field_value id="70000082"/><field_value id="7"><value>0</value></field_value><field_value id="6"><value>1379308401</value></field_value><field_value id="770006401"><value>0</value></field_value><field_value id="760000803"/><field_value id="700002239"/><field_value id="5"><value>Demo</value></field_value><field_value id="760000802"/><field_value id="4"/><field_value id="3"><value>1379308398</value></field_value><field_value id="2"><value>Demo</value></field_value><field_value id="1"><value>000000000024949</value></field_value><field_value id="490000700"><value>KS00505696001CPoU2UgqrJmBwP2sE</value></field_value><field_value id="700004642"><value>Custom</value></field_value><field_value id="600000090"/><field_value id="700001698"/><field_value id="700001697"/><field_value id="700001696"/><field_value id="700001056"/><field_value id="700001695"/><field_value id="700001055"/><field_value id="700001691"/><field_value id="700001690"><value>clientManager.addAction(new KD.utils.ClientAction({elementId:'KS00505696001CP4U2UgArRmBwQmsE', jsEvent:'*custom*', source:'bridge', action:KD.utils.Action._customAction, ifExpr:'', actionId:'ID00505696001CUIU2UgFvlmBwcWsE', params:''}));</value></field_value><field_value id="700000230"><value>KS00505696001CP4U2UgArRmBwQmsE</value></field_value><field_value id="700001212"/><field_value id="179"><value>ID00505696001CUIU2UgYvlmBwc2sE</value></field_value><field_value id="700007000"/><field_value id="700081207"/><field_value id="700004955"/><field_value id="700081202"><value>6</value></field_value><field_value id="700004630"/><field_value id="700001687"/><field_value id="700001686"><value>0</value></field_value><field_value id="700001046"/><field_value id="700001685"/><field_value id="700001045"/><field_value id="770000400"/><field_value id="700001044"/><field_value id="700001043"/><field_value id="700000800"><value>KS00505696001C58UeUgu85YPgOWx5</value></field_value><field_value id="700001683"/></entry><entry id="000000000024953"><field_value id="700001682"/><field_value id="700001681"/><field_value id="700001680"/><field_value id="700001239"/><field_value id="536870916"/><field_value id="700001202"><value>*custom*</value></field_value><field_value id="600000043"/><field_value id="600000042"/><field_value id="770006505"/><field_value id="700002400"/><field_value id="700004587"><value>Custom</value></field_value><field_value id="710060809"><value>ID00505696001CoUU5Ug8DMmEg40sL</value></field_value><field_value id="700004585"/><field_value id="770006500"/><field_value id="700004584"><value>KD.utils.Action._customAction</value></field_value><field_value id="700001000"/><field_value id="700004583"><value>AG000C29497A1AuWClRQz13rKgcxoA</value></field_value><field_value id="70000088"/><field_value id="700004582"><value>KS_TSK_Instance</value></field_value><field_value id="700002304"/><field_value id="70000087"/><field_value id="700002303"><value>KS00505696001C_cUeUgVyVZPgcGx5</value></field_value><field_value id="770006407"/><field_value id="700073250"><value>1</value></field_value><field_value id="70000085"/><field_value id="770006406"/><field_value id="760001307"><value>0</value></field_value><field_value id="770006405"/><field_value id="70000083"/><field_value id="8"><value>na</value></field_value><field_value id="70000082"/><field_value id="7"><value>0</value></field_value><field_value id="6"><value>1379488705</value></field_value><field_value id="770006401"><value>0</value></field_value><field_value id="760000803"/><field_value id="700002239"/><field_value id="5"><value>Demo</value></field_value><field_value id="760000802"/><field_value id="4"/><field_value id="3"><value>1379488702</value></field_value><field_value id="2"><value>Demo</value></field_value><field_value id="1"><value>000000000024953</value></field_value><field_value id="490000700"><value>KS00505696001ClkU5Ug8QcmEgvUsL</value></field_value><field_value id="700004642"><value>Custom</value></field_value><field_value id="600000090"/><field_value id="700001698"/><field_value id="700001697"/><field_value id="700001696"/><field_value id="700001056"/><field_value id="700001695"/><field_value id="700001055"/><field_value id="700001691"/><field_value id="700001690"><value>clientManager.addAction(new KD.utils.ClientAction({elementId:'KS00505696001ClkU5Ug6QgmEgwEsL', jsEvent:'*custom*', source:'bridge', action:KD.utils.Action._customAction, ifExpr:'', actionId:'ID00505696001CoUU5Ug8DMmEg40sL', params:''}));</value></field_value><field_value id="700000230"><value>KS00505696001ClkU5Ug6QgmEgwEsL</value></field_value><field_value id="700001212"/><field_value id="179"><value>ID00505696001CoUU5UgPTQmEg5UsL</value></field_value><field_value id="700007000"/><field_value id="700081207"/><field_value id="700004955"/><field_value id="700081202"><value>6</value></field_value><field_value id="700004630"/><field_value id="700001687"/><field_value id="700001686"><value>0</value></field_value><field_value id="700001046"/><field_value id="700001685"/><field_value id="700001045"/><field_value id="770000400"/><field_value id="700001044"/><field_value id="700001043"/><field_value id="700000800"><value>KS00505696001C58UeUgu85YPgOWx5</value></field_value><field_value id="700001683"/></entry></instance></xform></arsystem_xml_report>