<?xml version="1.0" encoding="UTF-8"?>
<arsystem_xml_report><xform id="KS_TSK_Tree" remedy="http://www.w3.org/2000/xforms"><instance><field-info><field><name>Source</name><id>700000900</id><type>CHAR</type></field><field><name>Subtree Id</name><id>700000960</id><type>CHAR</type></field><field><name>Name</name><id>700001000</id><type>CHAR</type></field><field><name>Source Group</name><id>700000911</id><type>CHAR</type></field><field><name>Association ID</name><id>700000800</id><type>CHAR</type></field><field><name>instanceId</name><id>179</id><type>CHAR</type></field><field><name>Notes</name><id>700000985</id><type>CHAR</type></field><field><name>Assignee Group</name><id>112</id><type>CHAR</type></field><field><name>Tree XML</name><id>700000950</id><type>CHAR</type></field><field><name>Description</name><id>8</id><type>CHAR</type></field><field><name>Status</name><id>7</id><type>ENUM</type></field><field><name>Modified Date</name><id>6</id><type>TIME</type></field><field><name>Last Modified By</name><id>5</id><type>CHAR</type></field><field><name>Assigned To</name><id>4</id><type>CHAR</type></field><field><name>Create Date</name><id>3</id><type>TIME</type></field><field><name>Type</name><id>700000999</id><type>CHAR</type></field><field><name>Submitter</name><id>2</id><type>CHAR</type></field><field><name>Request ID</name><id>1</id><type>CHAR</type></field></field-info><entry id="000000000000129"><field_value id="700000900"><value>Kinetic Request</value></field_value><field_value id="700000960"/><field_value id="700001000"><value>Process CSV File</value></field_value><field_value id="700000911"><value>Data Management &gt; KS_SRV_Helper File Upload-CSV</value></field_value><field_value id="700000800"><value>KS97c72807a59c85339da3112a027a02ae9</value></field_value><field_value id="179"><value>ID81f993b5268e2ed061323c669fffd3bef</value></field_value><field_value id="700000985"><value>A new task process</value></field_value><field_value id="112"><value>0;</value></field_value><field_value id="700000950"><value>&lt;taskTree schema_version="1.0" version="" builder_version="3.1.0"&gt;&lt;name&gt;Process CSV File&lt;/name&gt;&lt;author/&gt;&lt;notes/&gt;&lt;lastID&gt;7&lt;/lastID&gt;&lt;request&gt;&lt;task name="Start" id="start" definition_id="system_start_v1" x="10" y="10"&gt;&lt;version&gt;1&lt;/version&gt;&lt;configured&gt;true&lt;/configured&gt;&lt;defers&gt;false&lt;/defers&gt;&lt;deferrable&gt;false&lt;/deferrable&gt;&lt;visible&gt;false&lt;/visible&gt;&lt;parameters/&gt;&lt;messages/&gt;&lt;dependents&gt;&lt;task type="Complete" label="" value=""&gt;kinetic_request_submission_update_status_v1_7&lt;/task&gt;&lt;/dependents&gt;&lt;/task&gt;
        &lt;task name="Process File" id="kinetic_dmc_dataload_helper_v1_1" definition_id="kinetic_dmc_dataload_helper_v1" x="170.6875" y="120.640625"&gt;
      &lt;version&gt;1&lt;/version&gt;
      &lt;configured&gt;true&lt;/configured&gt;
      &lt;defers&gt;false&lt;/defers&gt;
      &lt;deferrable&gt;false&lt;/deferrable&gt;
      &lt;visible&gt;false&lt;/visible&gt;
      &lt;parameters&gt;
        &lt;parameter id="data_type" label="Data Type" required="true" tooltip="" menu=""&gt;&amp;lt;%=@answers['Data Type']%&amp;gt;&lt;/parameter&gt;
		&lt;parameter id="bridge_model" label="Bridge Model" required="true" tooltip="" menu=""&gt;&amp;lt;%=@answers['Bridge Model']%&amp;gt;&lt;/parameter&gt;
		&lt;parameter id="bridge_qualification" label="Bridge Qualification" required="true" tooltip="" menu=""&gt;&amp;lt;%=@answers['Bridge Qualification']%&amp;gt;&lt;/parameter&gt;
		&lt;parameter id="bridge_parameters" label="Bridge Parameters" required="true" tooltip="The parameter names and values used for this data type, in the format Parameter1Name::&amp;quot;Value&amp;quot;||Parameter2Name::&amp;quot;Value&amp;quot;" menu=""&gt;&amp;lt;%=@answers['Bridge Parameters']%&amp;gt;&lt;/parameter&gt;
		&lt;parameter id="bridge_attributes" label="Bridge Model Attributes" required="true" tooltip="Listing of bridge model attributes separated by double pipes (||)" menu=""&gt;&amp;lt;%=@answers['Helper Fields']%&amp;gt;&lt;/parameter&gt;
		&lt;parameter id="header_row" label="Has Header Row" required="true" tooltip="Does the CSV file include a header row (Options are 'Yes' or 'No')" menu=""&gt;&amp;lt;%=@answers['File has a header row']%&amp;gt;&lt;/parameter&gt;
		&lt;parameter id="csv_file" label="CSV File" required="true" tooltip="Menu label of the attachment field" menu=""&gt;CSV File&lt;/parameter&gt;
		&lt;parameter id="replace_existing_records" label="Replace existing records" required="true" tooltip="This field should evaluate to 'Yes' if you want any/all existing records within the data type to be set to Deleted.  Otherwise, enter 'No'." menu=""&gt;&amp;lt;%=@answers['Replace ALL existing records']%&amp;gt;&lt;/parameter&gt;
    &lt;/parameters&gt;&lt;messages&gt;
        &lt;message type="Create"/&gt;
        &lt;message type="Update"/&gt;
        &lt;message type="Complete"/&gt;
      &lt;/messages&gt;
      &lt;dependents&gt;&lt;task type="Complete" label="" value=""&gt;smtp_email_send_v1_6&lt;/task&gt;&lt;/dependents&gt;
    &lt;/task&gt;
      
        
      
        &lt;task name="Update status: Completed" id="kinetic_request_submission_close_v1_3" definition_id="kinetic_request_submission_close_v1" x="488.6875" y="112.5"&gt;
      &lt;version&gt;1&lt;/version&gt;
      &lt;configured&gt;true&lt;/configured&gt;
      &lt;defers&gt;false&lt;/defers&gt;
      &lt;deferrable&gt;false&lt;/deferrable&gt;
      &lt;visible&gt;false&lt;/visible&gt;
      &lt;parameters&gt;
        &lt;parameter id="validation_status" label="Validation Status:" required="true" tooltip="The value the Validation Status field on the specified Kinetic Request submission record will be set to." menu=""&gt;Completed&lt;/parameter&gt;
        &lt;parameter id="submission_id" label="Submission Id:" required="true" tooltip="The instance id of the Kinetic Request submission to be updated." menu=""&gt;&amp;lt;%=@base['CustomerSurveyInstanceId']%&amp;gt;&lt;/parameter&gt;
    &lt;/parameters&gt;&lt;messages&gt;
        &lt;message type="Create"/&gt;
        &lt;message type="Update"/&gt;
        &lt;message type="Complete"/&gt;
      &lt;/messages&gt;
      &lt;dependents/&gt;
    &lt;/task&gt;
      
        
      
        
      
        &lt;task name="Email user" id="smtp_email_send_v1_6" definition_id="smtp_email_send_v1" x="333.6875" y="123.28125"&gt;
      &lt;version&gt;1&lt;/version&gt;
      &lt;configured&gt;true&lt;/configured&gt;
      &lt;defers&gt;false&lt;/defers&gt;
      &lt;deferrable&gt;false&lt;/deferrable&gt;
      &lt;visible&gt;true&lt;/visible&gt;
      &lt;parameters&gt;
        &lt;parameter id="from" label="From (email address)" required="true" tooltip="The email address of the simulated sender." menu=""&gt;DataManagement-NoReply@kineticdata.com&lt;/parameter&gt;
        &lt;parameter id="to" label="To (email address)" required="true" tooltip="The email address of the intended recipient." menu=""&gt;&amp;lt;%=@answers['Email address']%&amp;gt;&lt;/parameter&gt;
        &lt;parameter id="subject" label="Subject" required="false" tooltip="The subject of the email." menu=""&gt;Kinetic Request Data Management Console File Upload &amp;lt;b&amp;gt;Complete&amp;lt;/b&amp;gt;&lt;/parameter&gt;
        &lt;parameter id="htmlbody" label="HTML Body" required="false" tooltip="HTML representing the body of a rich email." menu=""&gt;The file upload submitted for data type &amp;lt;%=@answers['Data Type']%&amp;gt; has been processed.&amp;lt;br&amp;gt;
&amp;lt;br&amp;gt;
&amp;lt;b&amp;gt;Result Status:&amp;lt;/b&amp;gt; &amp;lt;%=@results['Process File']['Status']%&amp;gt;&amp;lt;br&amp;gt;
&amp;lt;b&amp;gt;Results Message:&amp;lt;/b&amp;gt; &amp;lt;%=@results['Process File']['Result Message']%&amp;gt;&lt;/parameter&gt;
        &lt;parameter id="textbody" label="Alternate (text) Body" required="false" tooltip="A plaintext message that will be displayed if the recipient can't display multipart HTML emails." menu=""&gt;The file upload submitted for data type &amp;lt;%=@answers['Data Type']%&amp;gt; has been processed.


Result Status: &amp;lt;%=@results['Process File']['Status']%&amp;gt;

Results Message: &amp;lt;%=@results['Process File']['Result Message']%&amp;gt;&lt;/parameter&gt;
    &lt;/parameters&gt;&lt;messages&gt;
        &lt;message type="Create"/&gt;
        &lt;message type="Update"/&gt;
        &lt;message type="Complete"/&gt;
      &lt;/messages&gt;
      &lt;dependents&gt;&lt;task type="Complete" label="" value=""&gt;kinetic_request_submission_close_v1_3&lt;/task&gt;&lt;/dependents&gt;
    &lt;/task&gt;
      
        &lt;task name="Update status: In progress" id="kinetic_request_submission_update_status_v1_7" definition_id="kinetic_request_submission_update_status_v1" x="16.6875" y="111.796875"&gt;
      &lt;version&gt;1&lt;/version&gt;
      &lt;configured&gt;true&lt;/configured&gt;
      &lt;defers&gt;false&lt;/defers&gt;
      &lt;deferrable&gt;false&lt;/deferrable&gt;
      &lt;visible&gt;false&lt;/visible&gt;
      &lt;parameters&gt;
        &lt;parameter id="validation_status" label="Validation Status:" required="true" tooltip="The value the Validation Status field on the specified Kinetic Request submission record will be set to." menu=""&gt;In progress&lt;/parameter&gt;
        &lt;parameter id="submission_id" label="Submission Id:" required="true" tooltip="The instance id of the Kinetic Request submission to be updated." menu=""&gt;&amp;lt;%=@base['CustomerSurveyInstanceId']%&amp;gt;&lt;/parameter&gt;
    &lt;/parameters&gt;&lt;messages&gt;
        &lt;message type="Create"/&gt;
        &lt;message type="Update"/&gt;
        &lt;message type="Complete"/&gt;
      &lt;/messages&gt;
      &lt;dependents&gt;&lt;task type="Complete" label="" value=""&gt;kinetic_dmc_dataload_helper_v1_1&lt;/task&gt;&lt;/dependents&gt;
    &lt;/task&gt;
      &lt;/request&gt;&lt;/taskTree&gt;</value></field_value><field_value id="8"><value>Kinetic Task Process Tree</value></field_value><field_value id="7"><value>0</value></field_value><field_value id="6"><value>1426686476</value></field_value><field_value id="5"><value>Demo</value></field_value><field_value id="4"/><field_value id="3"><value>1386258600</value></field_value><field_value id="700000999"><value>Complete</value></field_value><field_value id="2"><value>Demo</value></field_value><field_value id="1"><value>000000000000129</value></field_value></entry></instance></xform></arsystem_xml_report>