<?xml version="1.0" encoding="UTF-8"?>
<arsystem_xml_report><xform id="KS_RQT_BridgedResourceParameter" remedy="http://www.w3.org/2000/xforms"><instance><field-info><field><name>parameter_name</name><id>760000500</id><type>CHAR</type></field><field><name>Clone_SourceInstanceID</name><id>700001046</id><type>CHAR</type></field><field><name>bridge_resource_id</name><id>760000901</id><type>CHAR</type></field><field><name>_ActionThree</name><id>700001043</id><type>CHAR</type></field><field><name>parameter_value</name><id>760000900</id><type>CHAR</type></field><field><name>instanceId</name><id>179</id><type>CHAR</type></field><field><name>model_name</name><id>760000200</id><type>CHAR</type></field><field><name>qualification_name</name><id>760000400</id><type>CHAR</type></field><field><name>Short Description</name><id>8</id><type>CHAR</type></field><field><name>Status</name><id>7</id><type>ENUM</type></field><field><name>Modified Date</name><id>6</id><type>TIME</type></field><field><name>_ActionTwo</name><id>600000043</id><type>CHAR</type></field><field><name>Last Modified By</name><id>5</id><type>CHAR</type></field><field><name>Assigned To</name><id>4</id><type>CHAR</type></field><field><name>form_id</name><id>760000804</id><type>CHAR</type></field><field><name>_ActionOne</name><id>600000042</id><type>CHAR</type></field><field><name>Create Date</name><id>3</id><type>TIME</type></field><field><name>Submitter</name><id>2</id><type>CHAR</type></field><field><name>Request ID</name><id>1</id><type>CHAR</type></field></field-info><entry id="000000000001055"><field_value id="760000500"><value>Level 1</value></field_value><field_value id="700001046"/><field_value id="760000901"><value>KS00505696001CzZ4kUgahAwVQkmk3</value></field_value><field_value id="700001043"/><field_value id="760000900"><value>&lt;FLD&gt;Qualification 1;KS00505696001Cbp4kUg058uVQZ2g3;ANSWER&lt;/FLD&gt;</value></field_value><field_value id="179"><value>AG00505696001CDJ8kUgTQkxVQVmo3</value></field_value><field_value id="760000200"><value>Data Management Console - Data Types</value></field_value><field_value id="760000400"><value>By Level 1</value></field_value><field_value id="8"><value>N/A</value></field_value><field_value id="7"><value>0</value></field_value><field_value id="6"><value>1378171324</value></field_value><field_value id="600000043"/><field_value id="5"><value>Demo</value></field_value><field_value id="4"/><field_value id="760000804"><value>KS00505696001C58UeUgu85YPgOWx5</value></field_value><field_value id="600000042"/><field_value id="3"><value>1378171324</value></field_value><field_value id="2"><value>Demo</value></field_value><field_value id="1"><value>000000000001055</value></field_value></entry><entry id="000000000001056"><field_value id="760000500"><value>Level 1</value></field_value><field_value id="700001046"/><field_value id="760000901"><value>KS00505696001CGZ8kUg7DgxVQpGo3</value></field_value><field_value id="700001043"/><field_value id="760000900"><value>&lt;FLD&gt;Qualification 1;KS00505696001Cbp4kUg058uVQZ2g3;ANSWER&lt;/FLD&gt;</value></field_value><field_value id="179"><value>AG00505696001CO58kUgCcAxVQEWs3</value></field_value><field_value id="760000200"><value>Data Management Console - Data Types</value></field_value><field_value id="760000400"><value>By Level 1 and 2</value></field_value><field_value id="8"><value>N/A</value></field_value><field_value id="7"><value>0</value></field_value><field_value id="6"><value>1378171371</value></field_value><field_value id="600000043"/><field_value id="5"><value>Demo</value></field_value><field_value id="4"/><field_value id="760000804"><value>KS00505696001C58UeUgu85YPgOWx5</value></field_value><field_value id="600000042"/><field_value id="3"><value>1378171371</value></field_value><field_value id="2"><value>Demo</value></field_value><field_value id="1"><value>000000000001056</value></field_value></entry><entry id="000000000001057"><field_value id="760000500"><value>Level 2</value></field_value><field_value id="700001046"/><field_value id="760000901"><value>KS00505696001CGZ8kUg7DgxVQpGo3</value></field_value><field_value id="700001043"/><field_value id="760000900"><value>&lt;FLD&gt;Qualification 2;KS00505696001CzJ4kUgXQwwVQhGk3;ANSWER&lt;/FLD&gt;</value></field_value><field_value id="179"><value>AG00505696001CQp8kUgStsxVQKms3</value></field_value><field_value id="760000200"><value>Data Management Console - Data Types</value></field_value><field_value id="760000400"><value>By Level 1 and 2</value></field_value><field_value id="8"><value>N/A</value></field_value><field_value id="7"><value>0</value></field_value><field_value id="6"><value>1378171378</value></field_value><field_value id="600000043"/><field_value id="5"><value>Demo</value></field_value><field_value id="4"/><field_value id="760000804"><value>KS00505696001C58UeUgu85YPgOWx5</value></field_value><field_value id="600000042"/><field_value id="3"><value>1378171378</value></field_value><field_value id="2"><value>Demo</value></field_value><field_value id="1"><value>000000000001057</value></field_value></entry></instance></xform></arsystem_xml_report>