<?xml version="1.0" encoding="UTF-8"?>
<arsystem_xml_report><xform id="KS_SRV_FieldMap" remedy="http://www.w3.org/2000/xforms"><instance><field-info><field><name>Mapping_Source</name><id>600000300</id><type>CHAR</type></field><field><name>_ActionTwo</name><id>600000043</id><type>CHAR</type></field><field><name>_ActionOne</name><id>600000042</id><type>CHAR</type></field><field><name>FormEventInstanceId</name><id>700008060</id><type>CHAR</type></field><field><name>_SortOrderOffset</name><id>700002400</id><type>INTEGER</type></field><field><name>Table_Label</name><id>700073257</id><type>CHAR</type></field><field><name>Visible_In_Table</name><id>700073251</id><type>ENUM</type></field><field><name>Sort_Order</name><id>700073250</id><type>INTEGER</type></field><field><name>Short Description</name><id>8</id><type>CHAR</type></field><field><name>Status</name><id>7</id><type>ENUM</type></field><field><name>Modified Date</name><id>6</id><type>TIME</type></field><field><name>Last Modified By</name><id>5</id><type>CHAR</type></field><field><name>Assigned To</name><id>4</id><type>CHAR</type></field><field><name>Create Date</name><id>3</id><type>TIME</type></field><field><name>Submitter</name><id>2</id><type>CHAR</type></field><field><name>Request ID</name><id>1</id><type>CHAR</type></field><field><name>OperationID</name><id>490000700</id><type>CHAR</type></field><field><name>_Multi-Purpose2</name><id>600000091</id><type>CHAR</type></field><field><name>_Multi-Purpose</name><id>600000090</id><type>CHAR</type></field><field><name>_SourceSurveyID</name><id>700001953</id><type>CHAR</type></field><field><name>SourceInstanceID</name><id>700000876</id><type>CHAR</type></field><field><name>Value_Short</name><id>700000875</id><type>CHAR</type></field><field><name>Map Type</name><id>700000874</id><type>CHAR</type></field><field><name>Value_Long</name><id>700000873</id><type>CHAR</type></field><field><name>Source_Field_ID</name><id>700000872</id><type>CHAR</type></field><field><name>SourceField_Label</name><id>700000871</id><type>CHAR</type></field><field><name>SortOrderChangeTo</name><id>700001212</id><type>INTEGER</type></field><field><name>instanceId</name><id>179</id><type>CHAR</type></field><field><name>_tempValueString</name><id>700077902</id><type>CHAR</type></field><field><name>_end_location</name><id>700077901</id><type>INTEGER</type></field><field><name>_start_location</name><id>700077900</id><type>INTEGER</type></field><field><name>Value_Escaped</name><id>770000404</id><type>CHAR</type></field><field><name>Bridged_Resource</name><id>770000403</id><type>ENUM</type></field><field><name>FireChangeImmediately</name><id>770000402</id><type>ENUM</type></field><field><name>Clone_SourceInstanceID</name><id>700001046</id><type>CHAR</type></field><field><name>IntegrationSource_instanceid</name><id>700000899</id><type>CHAR</type></field><field><name>FireChangeEvent</name><id>770000401</id><type>ENUM</type></field><field><name>FireChangeEventFlag</name><id>770000400</id><type>ENUM</type></field><field><name>_ActionThree</name><id>700001043</id><type>CHAR</type></field><field><name>SurveyInstanceID</name><id>700000800</id><type>CHAR</type></field></field-info><entry id="000000000000431"><field_value id="600000300"><value>Data Management Console</value></field_value><field_value id="600000043"/><field_value id="600000042"/><field_value id="700008060"><value>ID00505696001CxaIkUg85A_VQG3w3</value></field_value><field_value id="700002400"/><field_value id="700073257"/><field_value id="700073251"><value>0</value></field_value><field_value id="700073250"><value>1</value></field_value><field_value id="8"><value>na</value></field_value><field_value id="7"><value>0</value></field_value><field_value id="6"><value>1378172306</value></field_value><field_value id="5"><value>Demo</value></field_value><field_value id="4"/><field_value id="3"><value>1378172306</value></field_value><field_value id="2"><value>Demo</value></field_value><field_value id="1"><value>000000000000431</value></field_value><field_value id="490000700"><value>KS00505696001CtqIkUgVFY_VQ2Xs3</value></field_value><field_value id="600000091"/><field_value id="600000090"/><field_value id="700001953"/><field_value id="700000876"><value>na</value></field_value><field_value id="700000875"><value>$\NULL$</value></field_value><field_value id="700000874"><value>Inbound - Internal</value></field_value><field_value id="700000873"><value>$\NULL$</value></field_value><field_value id="700000872"><value>KS00505696001CzJ4kUgXQwwVQhGk3</value></field_value><field_value id="700000871"><value>Qualification 2</value></field_value><field_value id="700001212"/><field_value id="179"><value>AG00505696001C4qIkUgEANAVQeXw3</value></field_value><field_value id="700077902"/><field_value id="700077901"/><field_value id="700077900"/><field_value id="770000404"/><field_value id="770000403"/><field_value id="770000402"/><field_value id="700001046"/><field_value id="700000899"><value>na</value></field_value><field_value id="770000401"><value>1</value></field_value><field_value id="770000400"/><field_value id="700001043"/><field_value id="700000800"><value>KS00505696001C58UeUgu85YPgOWx5</value></field_value></entry><entry id="000000000000432"><field_value id="600000300"><value>Data Management Console</value></field_value><field_value id="600000043"/><field_value id="600000042"/><field_value id="700008060"><value>ID00505696001CxaIkUg85A_VQG3w3</value></field_value><field_value id="700002400"/><field_value id="700073257"/><field_value id="700073251"><value>0</value></field_value><field_value id="700073250"><value>2</value></field_value><field_value id="8"><value>na</value></field_value><field_value id="7"><value>0</value></field_value><field_value id="6"><value>1378172333</value></field_value><field_value id="5"><value>Demo</value></field_value><field_value id="4"/><field_value id="3"><value>1378172314</value></field_value><field_value id="2"><value>Demo</value></field_value><field_value id="1"><value>000000000000432</value></field_value><field_value id="490000700"><value>KS00505696001CtqIkUgVFY_VQ2Xs3</value></field_value><field_value id="600000091"/><field_value id="600000090"/><field_value id="700001953"/><field_value id="700000876"><value>na</value></field_value><field_value id="700000875"><value>$\NULL$</value></field_value><field_value id="700000874"><value>Inbound - Internal</value></field_value><field_value id="700000873"><value>$\NULL$</value></field_value><field_value id="700000872"><value>KS00505696001CF58kUg9TMxVQlmo3</value></field_value><field_value id="700000871"><value>Qualification 3</value></field_value><field_value id="700001212"/><field_value id="179"><value>AG00505696001C6qIkUgfSFAVQmXw3</value></field_value><field_value id="700077902"/><field_value id="700077901"/><field_value id="700077900"/><field_value id="770000404"/><field_value id="770000403"/><field_value id="770000402"/><field_value id="700001046"/><field_value id="700000899"><value>na</value></field_value><field_value id="770000401"><value>1</value></field_value><field_value id="770000400"/><field_value id="700001043"/><field_value id="700000800"><value>KS00505696001C58UeUgu85YPgOWx5</value></field_value></entry><entry id="000000000000433"><field_value id="600000300"><value>Data Management Console</value></field_value><field_value id="600000043"/><field_value id="600000042"/><field_value id="700008060"><value>ID00505696001CxaIkUg85A_VQG3w3</value></field_value><field_value id="700002400"/><field_value id="700073257"/><field_value id="700073251"><value>0</value></field_value><field_value id="700073250"><value>3</value></field_value><field_value id="8"><value>na</value></field_value><field_value id="7"><value>0</value></field_value><field_value id="6"><value>1378172333</value></field_value><field_value id="5"><value>Demo</value></field_value><field_value id="4"/><field_value id="3"><value>1378172327</value></field_value><field_value id="2"><value>Demo</value></field_value><field_value id="1"><value>000000000000433</value></field_value><field_value id="490000700"><value>KS00505696001CtqIkUgVFY_VQ2Xs3</value></field_value><field_value id="600000091"/><field_value id="600000090"/><field_value id="700001953"/><field_value id="700000876"><value>na</value></field_value><field_value id="700000875"><value>$\NULL$</value></field_value><field_value id="700000874"><value>Inbound - Internal</value></field_value><field_value id="700000873"><value>$\NULL$</value></field_value><field_value id="700000872"><value>KS00505696001CVJ8kUg-iAyVQeGs3</value></field_value><field_value id="700000871"><value>Data Types</value></field_value><field_value id="700001212"/><field_value id="179"><value>AG00505696001C96IkUgGFZAVQz3w3</value></field_value><field_value id="700077902"/><field_value id="700077901"/><field_value id="700077900"/><field_value id="770000404"/><field_value id="770000403"/><field_value id="770000402"/><field_value id="700001046"/><field_value id="700000899"><value>na</value></field_value><field_value id="770000401"><value>0</value></field_value><field_value id="770000400"><value>0</value></field_value><field_value id="700001043"/><field_value id="700000800"><value>KS00505696001C58UeUgu85YPgOWx5</value></field_value></entry><entry id="000000000000434"><field_value id="600000300"><value>Data Management Console</value></field_value><field_value id="600000043"/><field_value id="600000042"/><field_value id="700008060"><value>ID00505696001CP6MkUgDW9BVQ4YA3</value></field_value><field_value id="700002400"/><field_value id="700073257"/><field_value id="700073251"><value>0</value></field_value><field_value id="700073250"><value>1</value></field_value><field_value id="8"><value>na</value></field_value><field_value id="7"><value>0</value></field_value><field_value id="6"><value>1378172415</value></field_value><field_value id="5"><value>Demo</value></field_value><field_value id="4"/><field_value id="3"><value>1378172415</value></field_value><field_value id="2"><value>Demo</value></field_value><field_value id="1"><value>000000000000434</value></field_value><field_value id="490000700"><value>KS00505696001CM6MkUgqD9BVQr4A3</value></field_value><field_value id="600000091"/><field_value id="600000090"/><field_value id="700001953"/><field_value id="700000876"><value>na</value></field_value><field_value id="700000875"><value>$\NULL$</value></field_value><field_value id="700000874"><value>Inbound - Internal</value></field_value><field_value id="700000873"><value>$\NULL$</value></field_value><field_value id="700000872"><value>KS00505696001CF58kUg9TMxVQlmo3</value></field_value><field_value id="700000871"><value>Qualification 3</value></field_value><field_value id="700001212"/><field_value id="179"><value>AG00505696001CT6MkUglqtBVQDIE3</value></field_value><field_value id="700077902"/><field_value id="700077901"/><field_value id="700077900"/><field_value id="770000404"/><field_value id="770000403"/><field_value id="770000402"/><field_value id="700001046"/><field_value id="700000899"><value>na</value></field_value><field_value id="770000401"><value>1</value></field_value><field_value id="770000400"/><field_value id="700001043"/><field_value id="700000800"><value>KS00505696001C58UeUgu85YPgOWx5</value></field_value></entry><entry id="000000000000435"><field_value id="600000300"><value>Data Management Console</value></field_value><field_value id="600000043"/><field_value id="600000042"/><field_value id="700008060"><value>ID00505696001CP6MkUgDW9BVQ4YA3</value></field_value><field_value id="700002400"/><field_value id="700073257"/><field_value id="700073251"><value>0</value></field_value><field_value id="700073250"><value>2</value></field_value><field_value id="8"><value>na</value></field_value><field_value id="7"><value>0</value></field_value><field_value id="6"><value>1378172423</value></field_value><field_value id="5"><value>Demo</value></field_value><field_value id="4"/><field_value id="3"><value>1378172423</value></field_value><field_value id="2"><value>Demo</value></field_value><field_value id="1"><value>000000000000435</value></field_value><field_value id="490000700"><value>KS00505696001CM6MkUgqD9BVQr4A3</value></field_value><field_value id="600000091"/><field_value id="600000090"/><field_value id="700001953"/><field_value id="700000876"><value>na</value></field_value><field_value id="700000875"><value>$\NULL$</value></field_value><field_value id="700000874"><value>Inbound - Internal</value></field_value><field_value id="700000873"><value>$\NULL$</value></field_value><field_value id="700000872"><value>KS00505696001CVJ8kUg-iAyVQeGs3</value></field_value><field_value id="700000871"><value>Data Types</value></field_value><field_value id="700001212"/><field_value id="179"><value>AG00505696001CV6MkUgLsxBVQKoE3</value></field_value><field_value id="700077902"/><field_value id="700077901"/><field_value id="700077900"/><field_value id="770000404"/><field_value id="770000403"/><field_value id="770000402"/><field_value id="700001046"/><field_value id="700000899"><value>na</value></field_value><field_value id="770000401"><value>0</value></field_value><field_value id="770000400"><value>0</value></field_value><field_value id="700001043"/><field_value id="700000800"><value>KS00505696001C58UeUgu85YPgOWx5</value></field_value></entry><entry id="000000000000436"><field_value id="600000300"><value>Data Management Console</value></field_value><field_value id="600000043"/><field_value id="600000042"/><field_value id="700008060"><value>ID00505696001Ca6MkUgSBlCVQooE3</value></field_value><field_value id="700002400"/><field_value id="700073257"/><field_value id="700073251"><value>0</value></field_value><field_value id="700073250"><value>1</value></field_value><field_value id="8"><value>na</value></field_value><field_value id="7"><value>0</value></field_value><field_value id="6"><value>1378172456</value></field_value><field_value id="5"><value>Demo</value></field_value><field_value id="4"/><field_value id="3"><value>1378172456</value></field_value><field_value id="2"><value>Demo</value></field_value><field_value id="1"><value>000000000000436</value></field_value><field_value id="490000700"><value>KS00505696001CX6MkUg4-pBVQWoE3</value></field_value><field_value id="600000091"/><field_value id="600000090"/><field_value id="700001953"/><field_value id="700000876"><value>na</value></field_value><field_value id="700000875"><value>$\NULL$</value></field_value><field_value id="700000874"><value>Inbound - Internal</value></field_value><field_value id="700000873"><value>$\NULL$</value></field_value><field_value id="700000872"><value>KS00505696001CVJ8kUg-iAyVQeGs3</value></field_value><field_value id="700000871"><value>Data Types</value></field_value><field_value id="700001212"/><field_value id="179"><value>AG00505696001CeKMkUg80tCVQyYE3</value></field_value><field_value id="700077902"/><field_value id="700077901"/><field_value id="700077900"/><field_value id="770000404"/><field_value id="770000403"/><field_value id="770000402"/><field_value id="700001046"/><field_value id="700000899"><value>na</value></field_value><field_value id="770000401"><value>0</value></field_value><field_value id="770000400"><value>0</value></field_value><field_value id="700001043"/><field_value id="700000800"><value>KS00505696001C58UeUgu85YPgOWx5</value></field_value></entry></instance></xform></arsystem_xml_report>