<?xml version="1.0" encoding="UTF-8"?>
<taskInfo version="1.0">
  <info name="server" description="Email server name or IP address."></info>
  <info name="port" description="TCP port the email server is listening on."></info>
  <info name="tls" description="A string, either 'true' or 'false' that defines whether the email server requires encryption."></info>
  <info name="username" description="Authentication string of a user allowed to send emails through the email server."></info>
  <info name="password" type="encrypted" description="Password associated with the specified user."></info>
</taskInfo>
