<?xml version="1.0" encoding="UTF-8"?>
<taskDefinition id="smtp_email_send" name="Send SMTP Email" schema_version="1.0" version="1">
    <author>ingred.it@sithco.com</author>
    <description>Builds and sends a multipart HTML email.</description>
    <helpurl/>
    <visible>true</visible>
    <deferrable>false</deferrable>
    <parameters>
        <parameter id="from" label="From (email address)" required="true" tooltip="The email address of the simulated sender."/>
        <parameter id="to" label="To (email address)" required="true" tooltip="The email address of the intended recipient."/>
        <parameter id="subject" label="Subject" required="false" tooltip="The subject of the email."/>
        <parameter id="htmlbody" label="HTML Body" required="false" tooltip="HTML representing the body of a rich email."/>
        <parameter id="textbody" label="Alternate (text) Body" required="false" tooltip="A plaintext message that will be displayed if the recipient can't display multipart HTML emails."/>
    </parameters>
    <handler name="smtp_email_send" version="1">
        <infos>
            <info name="server">&lt;%= @info['server'] %&gt;</info>
            <info name="port">&lt;%= @info['port'] %&gt;</info>
            <info name="tls">&lt;%= @info['tls'] %&gt;</info>
            <info name="username">&lt;%= @info['username'] %&gt;</info>
            <info name="password">&lt;%= @info['password'] %&gt;</info>
        </infos>
        <parameters>
            <parameter name="from">&lt;%= @parameters['from'] %&gt;</parameter>
            <parameter name="to">&lt;%= @parameters['to'] %&gt;</parameter>
            <parameter name="subject">&lt;%= @parameters['subject'] %&gt;</parameter>
            <parameter name="htmlbody">&lt;%= @parameters['htmlbody'] %&gt;</parameter>
            <parameter name="textbody">&lt;%= @parameters['textbody'] %&gt;</parameter>
        </parameters>
    </handler>
    <results format="xml">
        <result name="Message Id"/>
    </results>
</taskDefinition>