<?xml version="1.0" encoding="UTF-8"?>
<arsystem_xml_report><xform id="KS_SRV_SurveyQuestionChoice" remedy="http://www.w3.org/2000/xforms"><instance><field-info><field><name>_Multi-Purpose12</name><id>600000101</id><type>CHAR</type></field><field><name>Label</name><id>700000820</id><type>CHAR</type></field><field><name>SurveyInstanceID</name><id>700000850</id><type>CHAR</type></field><field><name>Order</name><id>700000014</id><type>INTEGER</type></field><field><name>Score</name><id>700000013</id><type>INTEGER</type></field><field><name>_AuditContext</name><id>600001020</id><type>CHAR</type></field><field><name>Clone_SourceInstanceID</name><id>700001046</id><type>CHAR</type></field><field><name>_Multi-Purpose10</name><id>600000099</id><type>CHAR</type></field><field><name>_Multi-Purpose9</name><id>600000098</id><type>CHAR</type></field><field><name>Choice_Type</name><id>700000800</id><type>CHAR</type></field><field><name>_Multi-Purpose7</name><id>600000096</id><type>CHAR</type></field><field><name>_Multi-Purpose6</name><id>600000095</id><type>CHAR</type></field><field><name>_Multi-Purpose5</name><id>600000094</id><type>CHAR</type></field><field><name>_Multi-Purpose4</name><id>600000093</id><type>CHAR</type></field><field><name>_Multi-Purpose3</name><id>600000092</id><type>CHAR</type></field><field><name>_Multi-Purpose2</name><id>600000091</id><type>CHAR</type></field><field><name>instanceId</name><id>179</id><type>CHAR</type></field><field><name>_Multi-Purpose</name><id>600000090</id><type>CHAR</type></field><field><name>GenericChoice</name><id>600000820</id><type>ENUM</type></field><field><name>AssigneeGroup</name><id>112</id><type>CHAR</type></field><field><name>Application</name><id>700036000</id><type>CHAR</type></field><field><name>Short Description</name><id>8</id><type>CHAR</type></field><field><name>Value</name><id>700000810</id><type>CHAR</type></field><field><name>Status</name><id>7</id><type>ENUM</type></field><field><name>Modified Date</name><id>6</id><type>TIME</type></field><field><name>_ActionTwo</name><id>600000043</id><type>CHAR</type></field><field><name>Last Modified By</name><id>5</id><type>CHAR</type></field><field><name>Assigned To</name><id>4</id><type>CHAR</type></field><field><name>_ActionOne</name><id>600000042</id><type>CHAR</type></field><field><name>Create Date</name><id>3</id><type>TIME</type></field><field><name>Submitter</name><id>2</id><type>CHAR</type></field><field><name>Request ID</name><id>1</id><type>CHAR</type></field></field-info><entry id="000000000002194"><field_value id="600000101"/><field_value id="700000820"><value>Visible in Table</value></field_value><field_value id="700000850"><value>KS00505696001C_c4eUgXkx8PghIJ5</value></field_value><field_value id="700000014"><value>1</value></field_value><field_value id="700000013"><value>0</value></field_value><field_value id="600001020"/><field_value id="700001046"/><field_value id="600000099"/><field_value id="600000098"/><field_value id="700000800"><value>Visible in table</value></field_value><field_value id="600000096"/><field_value id="600000095"/><field_value id="600000094"/><field_value id="600000093"/><field_value id="600000092"/><field_value id="600000091"/><field_value id="179"><value>AG00505696001CuvUoUgH6EjZgE9rv</value></field_value><field_value id="600000090"/><field_value id="600000820"/><field_value id="112"/><field_value id="700036000"><value>Kinetic Request</value></field_value><field_value id="8"><value>na</value></field_value><field_value id="700000810"><value>Yes</value></field_value><field_value id="7"><value>0</value></field_value><field_value id="6"><value>1378778653</value></field_value><field_value id="600000043"/><field_value id="5"><value>Demo</value></field_value><field_value id="4"/><field_value id="600000042"/><field_value id="3"><value>1378437658</value></field_value><field_value id="2"><value>Demo</value></field_value><field_value id="1"><value>000000000002194</value></field_value></entry><entry id="000000000002195"><field_value id="600000101"/><field_value id="700000820"><value>Text - Free form entry</value></field_value><field_value id="700000850"><value>KS00505696001C_c4eUgXkx8PghIJ5</value></field_value><field_value id="700000014"><value>1</value></field_value><field_value id="700000013"><value>0</value></field_value><field_value id="600001020"/><field_value id="700001046"/><field_value id="600000099"/><field_value id="600000098"/><field_value id="700000800"><value>Field types</value></field_value><field_value id="600000096"/><field_value id="600000095"/><field_value id="600000094"/><field_value id="600000093"/><field_value id="600000092"/><field_value id="600000091"/><field_value id="179"><value>AG00505696001CGQApUgNiJMZgCg3w</value></field_value><field_value id="600000090"/><field_value id="600000820"/><field_value id="112"/><field_value id="700036000"><value>Kinetic Request</value></field_value><field_value id="8"><value>na</value></field_value><field_value id="700000810"><value>Text - Free form entry</value></field_value><field_value id="7"><value>0</value></field_value><field_value id="6"><value>1378440313</value></field_value><field_value id="600000043"/><field_value id="5"><value>Demo</value></field_value><field_value id="4"/><field_value id="600000042"/><field_value id="3"><value>1378440313</value></field_value><field_value id="2"><value>Demo</value></field_value><field_value id="1"><value>000000000002195</value></field_value></entry><entry id="000000000002196"><field_value id="600000101"/><field_value id="700000820"><value>Text - Selection list</value></field_value><field_value id="700000850"><value>KS00505696001C_c4eUgXkx8PghIJ5</value></field_value><field_value id="700000014"><value>2</value></field_value><field_value id="700000013"><value>0</value></field_value><field_value id="600001020"/><field_value id="700001046"/><field_value id="600000099"/><field_value id="600000098"/><field_value id="700000800"><value>Field types</value></field_value><field_value id="600000096"/><field_value id="600000095"/><field_value id="600000094"/><field_value id="600000093"/><field_value id="600000092"/><field_value id="600000091"/><field_value id="179"><value>AG00505696001CIQApUgI0BMZgHg3w</value></field_value><field_value id="600000090"/><field_value id="600000820"/><field_value id="112"/><field_value id="700036000"><value>Kinetic Request</value></field_value><field_value id="8"><value>na</value></field_value><field_value id="700000810"><value>Text - Selection list</value></field_value><field_value id="7"><value>0</value></field_value><field_value id="6"><value>1378440321</value></field_value><field_value id="600000043"/><field_value id="5"><value>Demo</value></field_value><field_value id="4"/><field_value id="600000042"/><field_value id="3"><value>1378440321</value></field_value><field_value id="2"><value>Demo</value></field_value><field_value id="1"><value>000000000002196</value></field_value></entry><entry id="000000000002197"><field_value id="600000101"/><field_value id="700000820"><value>Text - Date/time value</value></field_value><field_value id="700000850"><value>KS00505696001C_c4eUgXkx8PghIJ5</value></field_value><field_value id="700000014"><value>3</value></field_value><field_value id="700000013"><value>0</value></field_value><field_value id="600001020"/><field_value id="700001046"/><field_value id="600000099"/><field_value id="600000098"/><field_value id="700000800"><value>Field types</value></field_value><field_value id="600000096"/><field_value id="600000095"/><field_value id="600000094"/><field_value id="600000093"/><field_value id="600000092"/><field_value id="600000091"/><field_value id="179"><value>AG00505696001CVQApUgPAxNZgsQ3w</value></field_value><field_value id="600000090"/><field_value id="600000820"/><field_value id="112"/><field_value id="700036000"><value>Kinetic Request</value></field_value><field_value id="8"><value>na</value></field_value><field_value id="700000810"><value>Text - Date/time value</value></field_value><field_value id="7"><value>0</value></field_value><field_value id="6"><value>1378440373</value></field_value><field_value id="600000043"/><field_value id="5"><value>Demo</value></field_value><field_value id="4"/><field_value id="600000042"/><field_value id="3"><value>1378440373</value></field_value><field_value id="2"><value>Demo</value></field_value><field_value id="1"><value>000000000002197</value></field_value></entry><entry id="000000000002198"><field_value id="600000101"/><field_value id="700000820"><value>Integer</value></field_value><field_value id="700000850"><value>KS00505696001C_c4eUgXkx8PghIJ5</value></field_value><field_value id="700000014"><value>4</value></field_value><field_value id="700000013"><value>0</value></field_value><field_value id="600001020"/><field_value id="700001046"/><field_value id="600000099"/><field_value id="600000098"/><field_value id="700000800"><value>Field types</value></field_value><field_value id="600000096"/><field_value id="600000095"/><field_value id="600000094"/><field_value id="600000093"/><field_value id="600000092"/><field_value id="600000091"/><field_value id="179"><value>AG00505696001CXAApUgQydNZgww3w</value></field_value><field_value id="600000090"/><field_value id="600000820"/><field_value id="112"/><field_value id="700036000"><value>Kinetic Request</value></field_value><field_value id="8"><value>na</value></field_value><field_value id="700000810"><value>Integer</value></field_value><field_value id="7"><value>0</value></field_value><field_value id="6"><value>1378440380</value></field_value><field_value id="600000043"/><field_value id="5"><value>Demo</value></field_value><field_value id="4"/><field_value id="600000042"/><field_value id="3"><value>1378440380</value></field_value><field_value id="2"><value>Demo</value></field_value><field_value id="1"><value>000000000002198</value></field_value></entry><entry id="000000000002199"><field_value id="600000101"/><field_value id="700000820"><value>Date/Time</value></field_value><field_value id="700000850"><value>KS00505696001C_c4eUgXkx8PghIJ5</value></field_value><field_value id="700000014"><value>5</value></field_value><field_value id="700000013"><value>0</value></field_value><field_value id="600001020"/><field_value id="700001046"/><field_value id="600000099"/><field_value id="600000098"/><field_value id="700000800"><value>Field types</value></field_value><field_value id="600000096"/><field_value id="600000095"/><field_value id="600000094"/><field_value id="600000093"/><field_value id="600000092"/><field_value id="600000091"/><field_value id="179"><value>AG00505696001CYQApUgaDtNZg1A3w</value></field_value><field_value id="600000090"/><field_value id="600000820"/><field_value id="112"/><field_value id="700036000"><value>Kinetic Request</value></field_value><field_value id="8"><value>na</value></field_value><field_value id="700000810"><value>Date/Time</value></field_value><field_value id="7"><value>0</value></field_value><field_value id="6"><value>1378440385</value></field_value><field_value id="600000043"/><field_value id="5"><value>Demo</value></field_value><field_value id="4"/><field_value id="600000042"/><field_value id="3"><value>1378440385</value></field_value><field_value id="2"><value>Demo</value></field_value><field_value id="1"><value>000000000002199</value></field_value></entry><entry id="000000000002200"><field_value id="600000101"/><field_value id="700000820"><value>Date Only</value></field_value><field_value id="700000850"><value>KS00505696001C_c4eUgXkx8PghIJ5</value></field_value><field_value id="700000014"><value>6</value></field_value><field_value id="700000013"><value>0</value></field_value><field_value id="600001020"/><field_value id="700001046"/><field_value id="600000099"/><field_value id="600000098"/><field_value id="700000800"><value>Field types</value></field_value><field_value id="600000096"/><field_value id="600000095"/><field_value id="600000094"/><field_value id="600000093"/><field_value id="600000092"/><field_value id="600000091"/><field_value id="179"><value>AG00505696001CZwApUgbFFNZg5A3w</value></field_value><field_value id="600000090"/><field_value id="600000820"/><field_value id="112"/><field_value id="700036000"><value>Kinetic Request</value></field_value><field_value id="8"><value>na</value></field_value><field_value id="700000810"><value>Date Only</value></field_value><field_value id="7"><value>0</value></field_value><field_value id="6"><value>1378440391</value></field_value><field_value id="600000043"/><field_value id="5"><value>Demo</value></field_value><field_value id="4"/><field_value id="600000042"/><field_value id="3"><value>1378440391</value></field_value><field_value id="2"><value>Demo</value></field_value><field_value id="1"><value>000000000002200</value></field_value></entry><entry id="000000000002201"><field_value id="600000101"/><field_value id="700000820"><value>Time Only</value></field_value><field_value id="700000850"><value>KS00505696001C_c4eUgXkx8PghIJ5</value></field_value><field_value id="700000014"><value>7</value></field_value><field_value id="700000013"><value>0</value></field_value><field_value id="600001020"/><field_value id="700001046"/><field_value id="600000099"/><field_value id="600000098"/><field_value id="700000800"><value>Field types</value></field_value><field_value id="600000096"/><field_value id="600000095"/><field_value id="600000094"/><field_value id="600000093"/><field_value id="600000092"/><field_value id="600000091"/><field_value id="179"><value>AG00505696001CaQApUg31pNZg7A3w</value></field_value><field_value id="600000090"/><field_value id="600000820"/><field_value id="112"/><field_value id="700036000"><value>Kinetic Request</value></field_value><field_value id="8"><value>na</value></field_value><field_value id="700000810"><value>Time Only</value></field_value><field_value id="7"><value>0</value></field_value><field_value id="6"><value>1378440393</value></field_value><field_value id="600000043"/><field_value id="5"><value>Demo</value></field_value><field_value id="4"/><field_value id="600000042"/><field_value id="3"><value>1378440393</value></field_value><field_value id="2"><value>Demo</value></field_value><field_value id="1"><value>000000000002201</value></field_value></entry><entry id="000000000002202"><field_value id="600000101"/><field_value id="700000820"><value>Yes</value></field_value><field_value id="700000850"><value>KS00505696001C_c4eUgXkx8PghIJ5</value></field_value><field_value id="700000014"><value>1</value></field_value><field_value id="700000013"><value>0</value></field_value><field_value id="600001020"/><field_value id="700001046"/><field_value id="600000099"/><field_value id="600000098"/><field_value id="700000800"><value>Yes/No</value></field_value><field_value id="600000096"/><field_value id="600000095"/><field_value id="600000094"/><field_value id="600000093"/><field_value id="600000092"/><field_value id="600000091"/><field_value id="179"><value>AG00505696001CEQIpUgcdJTZgWhLw</value></field_value><field_value id="600000090"/><field_value id="600000820"/><field_value id="112"/><field_value id="700036000"><value>Kinetic Request</value></field_value><field_value id="8"><value>na</value></field_value><field_value id="700000810"><value>Yes</value></field_value><field_value id="7"><value>0</value></field_value><field_value id="6"><value>1378440817</value></field_value><field_value id="600000043"/><field_value id="5"><value>Demo</value></field_value><field_value id="4"/><field_value id="600000042"/><field_value id="3"><value>1378440817</value></field_value><field_value id="2"><value>Demo</value></field_value><field_value id="1"><value>000000000002202</value></field_value></entry><entry id="000000000002203"><field_value id="600000101"/><field_value id="700000820"><value>No</value></field_value><field_value id="700000850"><value>KS00505696001C_c4eUgXkx8PghIJ5</value></field_value><field_value id="700000014"><value>2</value></field_value><field_value id="700000013"><value>0</value></field_value><field_value id="600001020"/><field_value id="700001046"/><field_value id="600000099"/><field_value id="600000098"/><field_value id="700000800"><value>Yes/No</value></field_value><field_value id="600000096"/><field_value id="600000095"/><field_value id="600000094"/><field_value id="600000093"/><field_value id="600000092"/><field_value id="600000091"/><field_value id="179"><value>AG00505696001CEwIpUgj9pTZgYhLw</value></field_value><field_value id="600000090"/><field_value id="600000820"/><field_value id="112"/><field_value id="700036000"><value>Kinetic Request</value></field_value><field_value id="8"><value>na</value></field_value><field_value id="700000810"><value>No</value></field_value><field_value id="7"><value>0</value></field_value><field_value id="6"><value>1378440819</value></field_value><field_value id="600000043"/><field_value id="5"><value>Demo</value></field_value><field_value id="4"/><field_value id="600000042"/><field_value id="3"><value>1378440819</value></field_value><field_value id="2"><value>Demo</value></field_value><field_value id="1"><value>000000000002203</value></field_value></entry><entry id="000000000002204"><field_value id="600000101"/><field_value id="700000820"><value>Active</value></field_value><field_value id="700000850"><value>KS00505696001C_c4eUgXkx8PghIJ5</value></field_value><field_value id="700000014"><value>1</value></field_value><field_value id="700000013"><value>0</value></field_value><field_value id="600001020"/><field_value id="700001046"/><field_value id="600000099"/><field_value id="600000098"/><field_value id="700000800"><value>Data Type Definition Status</value></field_value><field_value id="600000096"/><field_value id="600000095"/><field_value id="600000094"/><field_value id="600000093"/><field_value id="600000092"/><field_value id="600000091"/><field_value id="179"><value>AG00505696001CKIlIUg6_zrGghwsS</value></field_value><field_value id="600000090"/><field_value id="600000820"/><field_value id="112"/><field_value id="700036000"><value>Kinetic Request</value></field_value><field_value id="8"><value>na</value></field_value><field_value id="700000810"><value>Active</value></field_value><field_value id="7"><value>0</value></field_value><field_value id="6"><value>1380507016</value></field_value><field_value id="600000043"/><field_value id="5"><value>Demo</value></field_value><field_value id="4"/><field_value id="600000042"/><field_value id="3"><value>1380507016</value></field_value><field_value id="2"><value>Demo</value></field_value><field_value id="1"><value>000000000002204</value></field_value></entry><entry id="000000000002205"><field_value id="600000101"/><field_value id="700000820"><value>Inactive</value></field_value><field_value id="700000850"><value>KS00505696001C_c4eUgXkx8PghIJ5</value></field_value><field_value id="700000014"><value>2</value></field_value><field_value id="700000013"><value>0</value></field_value><field_value id="600001020"/><field_value id="700001046"/><field_value id="600000099"/><field_value id="600000098"/><field_value id="700000800"><value>Data Type Definition Status</value></field_value><field_value id="600000096"/><field_value id="600000095"/><field_value id="600000094"/><field_value id="600000093"/><field_value id="600000092"/><field_value id="600000091"/><field_value id="179"><value>AG00505696001CLIlIUg1w3sGglAsS</value></field_value><field_value id="600000090"/><field_value id="600000820"/><field_value id="112"/><field_value id="700036000"><value>Kinetic Request</value></field_value><field_value id="8"><value>na</value></field_value><field_value id="700000810"><value>Inactive</value></field_value><field_value id="7"><value>0</value></field_value><field_value id="6"><value>1380507020</value></field_value><field_value id="600000043"/><field_value id="5"><value>Demo</value></field_value><field_value id="4"/><field_value id="600000042"/><field_value id="3"><value>1380507020</value></field_value><field_value id="2"><value>Demo</value></field_value><field_value id="1"><value>000000000002205</value></field_value></entry><entry id="000000000002206"><field_value id="600000101"/><field_value id="700000820"><value>Delete</value></field_value><field_value id="700000850"><value>KS00505696001C_c4eUgXkx8PghIJ5</value></field_value><field_value id="700000014"><value>3</value></field_value><field_value id="700000013"><value>0</value></field_value><field_value id="600001020"/><field_value id="700001046"/><field_value id="600000099"/><field_value id="600000098"/><field_value id="700000800"><value>Data Type Definition Status</value></field_value><field_value id="600000096"/><field_value id="600000095"/><field_value id="600000094"/><field_value id="600000093"/><field_value id="600000092"/><field_value id="600000091"/><field_value id="179"><value>AG00505696001CLYlIUg3RHsGgmgsS</value></field_value><field_value id="600000090"/><field_value id="600000820"/><field_value id="112"/><field_value id="700036000"><value>Kinetic Request</value></field_value><field_value id="8"><value>na</value></field_value><field_value id="700000810"><value>Delete</value></field_value><field_value id="7"><value>0</value></field_value><field_value id="6"><value>1380507021</value></field_value><field_value id="600000043"/><field_value id="5"><value>Demo</value></field_value><field_value id="4"/><field_value id="600000042"/><field_value id="3"><value>1380507021</value></field_value><field_value id="2"><value>Demo</value></field_value><field_value id="1"><value>000000000002206</value></field_value></entry></instance></xform></arsystem_xml_report>